sample,timestamp_ms,altitude_ft,phase,motor_pos,heading_error_deg,p_term,i_term,loiter_step,wind_dir,current_heading,target_heading,distance_ft,is_descending
0,0,0.00,5,0.5000,0.00,0.000000,0.000000,0,45.0,0.0,0.0,220.1,0
1,50,0.00,5,0.5000,0.00,0.000000,0.000000,0,45.0,0.0,0.0,220.1,0
2,100,0.00,5,0.5000,0.00,0.000000,0.000000,0,45.0,0.0,0.0,220.1,0
3,150,0.00,5,0.5000,0.00,0.000000,0.000000,0,45.0,0.0,0.0,220.1,0
4,200,0.00,5,0.5000,0.00,0.000000,0.000000,0,45.0,0.0,0.0,220.1,0
5,250,0.00,5,0.5000,0.00,0.000000,0.000000,0,45.0,0.0,0.0,220.1,0
6,300,0.00,5,0.5000,0.00,0.000000,0.000000,0,45.0,0.0,0.0,220.1,0
7,350,0.00,5,0.5000,0.00,0.000000,0.000000,0,45.0,0.0,0.0,220.1,0
8,400,0.00,5,0.5000,0.00,0.000000,0.000000,0,45.0,0.0,0.0,220.1,0
9,450,0.00,5,0.5000,0.00,0.000000,0.000000,0,45.0,0.0,0.0,220.1,0
10,500,0.00,5,0.5000,0.00,0.000000,0.000000,0,45.0,0.0,0.0,220.1,0
11,550,0.00,5,0.5000,0.00,0.000000,0.000000,0,45.0,0.0,0.0,220.1,0
12,600,0.00,5,0.5000,0.00,0.000000,0.000000,0,45.0,0.0,0.0,220.1,0
13,650,0.00,5,0.5000,0.00,0.000000,0.000000,0,45.0,0.0,0.0,220.1,0
14,700,0.00,5,0.5000,0.00,0.000000,0.000000,0,45.0,0.0,0.0,220.1,0
15,750,0.00,5,0.5000,0.00,0.000000,0.000000,0,45.0,0.0,0.0,220.1,0
16,800,0.00,5,0.5000,0.00,0.000000,0.000000,0,45.0,0.0,0.0,220.1,0
17,850,0.00,5,0.5000,0.00,0.000000,0.000000,0,45.0,0.0,0.0,220.1,0
18,900,0.00,5,0.5000,0.00,0.000000,0.000000,0,45.0,0.0,0.0,220.1,0
19,950,0.00,5,0.5000,0.00,0.000000,0.000000,0,45.0,0.0,0.0,220.1,0
20,1000,0.00,5,0.5000,0.00,0.000000,0.000000,0,45.0,0.0,0.0,220.1,0
21,1050,0.00,5,0.5000,0.00,0.000000,0.000000,0,45.0,0.0,0.0,220.1,0
22,1100,0.00,5,0.5000,0.00,0.000000,0.000000,0,45.0,0.0,0.0,220.1,0
23,1150,0.00,5,0.5000,0.00,0.000000,0.000000,0,45.0,0.0,0.0,220.1,0
24,1200,0.00,5,0.5000,0.00,0.000000,0.000000,0,45.0,0.0,0.0,220.1,0
25,1250,0.00,5,0.5000,0.00,0.000000,0.000000,0,45.0,0.0,0.0,220.1,0
26,1300,0.00,5,0.5000,0.00,0.000000,0.000000,0,45.0,0.0,0.0,220.1,0
27,1350,0.00,5,0.5000,0.00,0.000000,0.000000,0,45.0,0.0,0.0,220.1,0
28,1400,0.00,5,0.5000,0.00,0.000000,0.000000,0,45.0,0.0,0.0,220.1,0
29,1450,0.00,5,0.5000,0.00,0.000000,0.000000,0,45.0,0.0,0.0,220.1,0
30,1500,0.00,5,0.5000,0.00,0.000000,0.000000,0,45.0,0.0,0.0,220.1,0
31,1550,0.00,5,0.5000,0.00,0.000000,0.000000,0,45.0,0.0,0.0,220.1,0
32,1600,0.00,5,0.5000,0.00,0.000000,0.000000,0,45.0,0.0,0.0,220.1,0
33,1650,0.00,5,0.5000,0.00,0.000000,0.000000,0,45.0,0.0,0.0,220.1,0
34,1700,0.00,5,0.5000,0.00,0.000000,0.000000,0,45.0,0.0,0.0,220.1,0
35,1750,0.00,5,0.5000,0.00,0.000000,0.000000,0,45.0,0.0,0.0,220.1,0
36,1800,0.00,5,0.5000,0.00,0.000000,0.000000,0,45.0,0.0,0.0,220.1,0
37,1850,0.00,5,0.5000,0.00,0.000000,0.000000,0,45.0,0.0,0.0,220.1,0
38,1900,0.00,5,0.5000,0.00,0.000000,0.000000,0,45.0,0.0,0.0,220.1,0
39,1950,0.00,5,0.5000,0.00,0.000000,0.000000,0,45.0,0.0,0.0,220.1,0
40,2000,0.00,5,0.5000,0.00,0.000000,0.000000,0,45.0,0.0,0.0,220.1,0
41,2050,0.00,5,0.5000,0.00,0.000000,0.000000,0,45.0,0.0,0.0,220.1,0
42,2100,0.00,5,0.5000,0.00,0.000000,0.000000,0,45.0,0.0,0.0,220.1,0
43,2150,0.00,5,0.5000,0.00,0.000000,0.000000,0,45.0,0.0,0.0,220.1,0
44,2200,0.00,5,0.5000,0.00,0.000000,0.000000,0,45.0,0.0,0.0,220.1,0
45,2250,0.00,5,0.5000,0.00,0.000000,0.000000,0,45.0,0.0,0.0,220.1,0
46,2300,0.00,5,0.5000,0.00,0.000000,0.000000,0,45.0,0.0,0.0,220.1,0
47,2350,0.00,5,0.5000,0.00,0.000000,0.000000,0,45.0,0.0,0.0,220.1,0
48,2400,0.00,5,0.5000,0.00,0.000000,0.000000,0,45.0,0.0,0.0,220.1,0
49,2450,0.00,5,0.5000,0.00,0.000000,0.000000,0,45.0,0.0,0.0,220.1,0
50,2500,0.00,5,0.5000,0.00,0.000000,0.000000,0,45.0,0.0,0.0,220.1,0
51,2550,0.00,5,0.5000,0.00,0.000000,0.000000,0,45.0,0.0,0.0,220.1,0
52,2600,0.00,5,0.5000,0.00,0.000000,0.000000,0,45.0,0.0,0.0,220.1,0
53,2650,0.00,5,0.5000,0.00,0.000000,0.000000,0,45.0,0.0,0.0,220.1,0
54,2700,0.00,5,0.5000,0.00,0.000000,0.000000,0,45.0,0.0,0.0,220.1,0
55,2750,0.00,5,0.5000,0.00,0.000000,0.000000,0,45.0,0.0,0.0,220.1,0
56,2800,0.00,5,0.5000,0.00,0.000000,0.000000,0,45.0,0.0,0.0,220.1,0
57,2850,0.00,5,0.5000,0.00,0.000000,0.000000,0,45.0,0.0,0.0,220.1,0
58,2900,0.00,5,0.5000,0.00,0.000000,0.000000,0,45.0,0.0,0.0,220.1,0
59,2950,0.00,5,0.5000,0.00,0.000000,0.000000,0,45.0,0.0,0.0,220.1,0
60,3000,0.00,5,0.5000,0.00,0.000000,0.000000,0,45.0,0.0,0.0,220.1,0
61,3050,0.00,5,0.5000,0.00,0.000000,0.000000,0,45.0,0.0,0.0,220.1,0
62,3100,0.00,5,0.5000,0.00,0.000000,0.000000,0,45.0,0.0,0.0,220.1,0
63,3150,0.00,5,0.5000,0.00,0.000000,0.000000,0,45.0,0.0,0.0,220.1,0
64,3200,0.00,5,0.5000,0.00,0.000000,0.000000,0,45.0,0.0,0.0,220.1,0
65,3250,0.00,5,0.5000,0.00,0.000000,0.000000,0,45.0,0.0,0.0,220.1,0
66,3300,0.00,5,0.5000,0.00,0.000000,0.000000,0,45.0,0.0,0.0,220.1,0
67,3350,0.00,5,0.5000,0.00,0.000000,0.000000,0,45.0,0.0,0.0,220.1,0
68,3400,0.00,5,0.5000,0.00,0.000000,0.000000,0,45.0,0.0,0.0,220.1,0
69,3450,0.00,5,0.5000,0.00,0.000000,0.000000,0,45.0,0.0,0.0,220.1,0
70,3500,0.00,5,0.5000,0.00,0.000000,0.000000,0,45.0,0.0,0.0,220.1,0
71,3550,0.00,5,0.5000,0.00,0.000000,0.000000,0,45.0,0.0,0.0,220.1,0
72,3600,0.00,5,0.5000,0.00,0.000000,0.000000,0,45.0,0.0,0.0,220.1,0
73,3650,0.00,5,0.5000,0.00,0.000000,0.000000,0,45.0,0.0,0.0,220.1,0
74,3700,0.00,5,0.5000,0.00,0.000000,0.000000,0,45.0,0.0,0.0,220.1,0
75,3750,0.00,5,0.5000,0.00,0.000000,0.000000,0,45.0,0.0,0.0,220.1,0
76,3800,0.00,5,0.5000,0.00,0.000000,0.000000,0,45.0,0.0,0.0,220.1,0
77,3850,0.00,5,0.5000,0.00,0.000000,0.000000,0,45.0,0.0,0.0,220.1,0
78,3900,0.00,5,0.5000,0.00,0.000000,0.000000,0,45.0,0.0,0.0,220.1,0
79,3950,0.00,5,0.5000,0.00,0.000000,0.000000,0,45.0,0.0,0.0,220.1,0
80,4000,0.00,5,0.5000,0.00,0.000000,0.000000,0,45.0,0.0,0.0,220.1,0
81,4050,0.00,5,0.5000,0.00,0.000000,0.000000,0,45.0,0.0,0.0,220.1,0
82,4100,0.00,5,0.5000,0.00,0.000000,0.000000,0,45.0,0.0,0.0,220.1,0
83,4150,0.00,5,0.5000,0.00,0.000000,0.000000,0,45.0,0.0,0.0,220.1,0
84,4200,0.00,5,0.5000,0.00,0.000000,0.000000,0,45.0,0.0,0.0,220.1,0
85,4250,0.00,5,0.5000,0.00,0.000000,0.000000,0,45.0,0.0,0.0,220.1,0
86,4300,0.00,5,0.5000,0.00,0.000000,0.000000,0,45.0,0.0,0.0,220.1,0
87,4350,0.00,5,0.5000,0.00,0.000000,0.000000,0,45.0,0.0,0.0,220.1,0
88,4400,0.00,5,0.5000,0.00,0.000000,0.000000,0,45.0,0.0,0.0,220.1,0
89,4450,0.00,5,0.5000,0.00,0.000000,0.000000,0,45.0,0.0,0.0,220.1,0
90,4500,0.00,5,0.5000,0.00,0.000000,0.000000,0,45.0,0.0,0.0,220.1,0
91,4550,0.00,5,0.5000,0.00,0.000000,0.000000,0,45.0,0.0,0.0,220.1,0
92,4600,0.00,5,0.5000,0.00,0.000000,0.000000,0,45.0,0.0,0.0,220.1,0
93,4650,0.00,5,0.5000,0.00,0.000000,0.000000,0,45.0,0.0,0.0,220.1,0
94,4700,0.00,5,0.5000,0.00,0.000000,0.000000,0,45.0,0.0,0.0,220.1,0
95,4750,0.00,5,0.5000,0.00,0.000000,0.000000,0,45.0,0.0,0.0,220.1,0
96,4800,0.00,5,0.5000,0.00,0.000000,0.000000,0,45.0,0.0,0.0,220.1,0
97,4850,0.00,5,0.5000,0.00,0.000000,0.000000,0,45.0,0.0,0.0,220.1,0
98,4900,0.00,5,0.5000,0.00,0.000000,0.000000,0,45.0,0.0,0.0,220.1,0
99,4950,0.00,5,0.5000,0.00,0.000000,0.000000,0,45.0,0.0,0.0,220.1,0
100,5000,0.00,5,0.5000,0.00,0.000000,0.000000,0,45.0,0.0,0.0,220.1,0
101,5050,0.00,5,0.5000,0.00,0.000000,0.000000,0,45.0,0.0,0.0,220.1,0
102,5100,0.00,5,0.5000,0.00,0.000000,0.000000,0,45.0,0.0,0.0,220.1,0
103,5150,0.00,5,0.5000,0.00,0.000000,0.000000,0,45.0,0.0,0.0,220.1,0
104,5200,0.00,5,0.5000,0.00,0.000000,0.000000,0,45.0,0.0,0.0,220.1,0
105,5250,0.00,5,0.5000,0.00,0.000000,0.000000,0,45.0,0.0,0.0,220.1,0
106,5300,0.00,5,0.5000,0.00,0.000000,0.000000,0,45.0,0.0,0.0,220.1,0
107,5350,0.00,5,0.5000,0.00,0.000000,0.000000,0,45.0,0.0,0.0,220.1,0
108,5400,0.00,5,0.5000,0.00,0.000000,0.000000,0,45.0,0.0,0.0,220.1,0
109,5450,0.00,5,0.5000,0.00,0.000000,0.000000,0,45.0,0.0,0.0,220.1,0
110,5500,0.00,5,0.5000,0.00,0.000000,0.000000,0,45.0,0.0,0.0,220.1,0
111,5550,0.00,5,0.5000,0.00,0.000000,0.000000,0,45.0,0.0,0.0,220.1,0
112,5600,0.00,5,0.5000,0.00,0.000000,0.000000,0,45.0,0.0,0.0,220.1,0
113,5650,0.00,5,0.5000,0.00,0.000000,0.000000,0,45.0,0.0,0.0,220.1,0
114,5700,0.00,5,0.5000,0.00,0.000000,0.000000,0,45.0,0.0,0.0,220.1,0
115,5750,0.00,5,0.5000,0.00,0.000000,0.000000,0,45.0,0.0,0.0,220.1,0
116,5800,0.00,5,0.5000,0.00,0.000000,0.000000,0,45.0,0.0,0.0,220.1,0
117,5850,0.00,5,0.5000,0.00,0.000000,0.000000,0,45.0,0.0,0.0,220.1,0
118,5900,0.00,5,0.5000,0.00,0.000000,0.000000,0,45.0,0.0,0.0,220.1,0
119,5950,0.00,5,0.5000,0.00,0.000000,0.000000,0,45.0,0.0,0.0,220.1,0
120,6000,0.00,5,0.5000,0.00,0.000000,0.000000,0,45.0,0.0,0.0,220.1,0
121,6050,0.00,5,0.5000,0.00,0.000000,0.000000,0,45.0,0.0,0.0,220.1,0
122,6100,0.00,5,0.5000,0.00,0.000000,0.000000,0,45.0,0.0,0.0,220.1,0
123,6150,0.00,5,0.5000,0.00,0.000000,0.000000,0,45.0,0.0,0.0,220.1,0
124,6200,0.00,5,0.5000,0.00,0.000000,0.000000,0,45.0,0.0,0.0,220.1,0
125,6250,0.00,5,0.5000,0.00,0.000000,0.000000,0,45.0,0.0,0.0,220.1,0
126,6300,0.00,5,0.5000,0.00,0.000000,0.000000,0,45.0,0.0,0.0,220.1,0
127,6350,0.00,5,0.5000,0.00,0.000000,0.000000,0,45.0,0.0,0.0,220.1,0
128,6400,0.00,5,0.5000,0.00,0.000000,0.000000,0,45.0,0.0,0.0,220.1,0
129,6450,0.00,5,0.5000,0.00,0.000000,0.000000,0,45.0,0.0,0.0,220.1,0
130,6500,0.00,5,0.5000,0.00,0.000000,0.000000,0,45.0,0.0,0.0,220.1,0
131,6550,0.00,5,0.5000,0.00,0.000000,0.000000,0,45.0,0.0,0.0,220.1,0
132,6600,0.00,5,0.5000,0.00,0.000000,0.000000,0,45.0,0.0,0.0,220.1,0
133,6650,0.00,5,0.5000,0.00,0.000000,0.000000,0,45.0,0.0,0.0,220.1,0
134,6700,0.00,5,0.5000,0.00,0.000000,0.000000,0,45.0,0.0,0.0,220.1,0
135,6750,0.00,5,0.5000,0.00,0.000000,0.000000,0,45.0,0.0,0.0,220.1,0
136,6800,0.00,5,0.5000,0.00,0.000000,0.000000,0,45.0,0.0,0.0,220.1,0
137,6850,0.00,5,0.5000,0.00,0.000000,0.000000,0,45.0,0.0,0.0,220.1,0
138,6900,0.00,5,0.5000,0.00,0.000000,0.000000,0,45.0,0.0,0.0,220.1,0
139,6950,0.00,5,0.5000,0.00,0.000000,0.000000,0,45.0,0.0,0.0,220.1,0
140,7000,0.00,5,0.5000,0.00,0.000000,0.000000,0,45.0,0.0,0.0,220.1,0
141,7050,0.00,5,0.5000,0.00,0.000000,0.000000,0,45.0,0.0,0.0,220.1,0
142,7100,0.00,5,0.5000,0.00,0.000000,0.000000,0,45.0,0.0,0.0,220.1,0
143,7150,0.00,5,0.5000,0.00,0.000000,0.000000,0,45.0,0.0,0.0,220.1,0
144,7200,0.00,5,0.5000,0.00,0.000000,0.000000,0,45.0,0.0,0.0,220.1,0
145,7250,0.00,5,0.5000,0.00,0.000000,0.000000,0,45.0,0.0,0.0,220.1,0
146,7300,0.00,5,0.5000,0.00,0.000000,0.000000,0,45.0,0.0,0.0,220.1,0
147,7350,0.00,5,0.5000,0.00,0.000000,0.000000,0,45.0,0.0,0.0,220.1,0
148,7400,0.00,5,0.5000,0.00,0.000000,0.000000,0,45.0,0.0,0.0,220.1,0
149,7450,0.00,5,0.5000,0.00,0.000000,0.000000,0,45.0,0.0,0.0,220.1,0
150,7500,0.00,5,0.5000,0.00,0.000000,0.000000,0,45.0,0.0,0.0,220.1,0
151,7550,0.00,5,0.5000,0.00,0.000000,0.000000,0,45.0,0.0,0.0,220.1,0
152,7600,0.00,5,0.5000,0.00,0.000000,0.000000,0,45.0,0.0,0.0,220.1,0
153,7650,0.00,5,0.5000,0.00,0.000000,0.000000,0,45.0,0.0,0.0,220.1,0
154,7700,0.00,5,0.5000,0.00,0.000000,0.000000,0,45.0,0.0,0.0,220.1,0
155,7750,0.00,5,0.5000,0.00,0.000000,0.000000,0,45.0,0.0,0.0,220.1,0
156,7800,0.00,5,0.5000,0.00,0.000000,0.000000,0,45.0,0.0,0.0,220.1,0
157,7850,0.00,5,0.5000,0.00,0.000000,0.000000,0,45.0,0.0,0.0,220.1,0
158,7900,0.00,5,0.5000,0.00,0.000000,0.000000,0,45.0,0.0,0.0,220.1,0
159,7950,0.00,5,0.5000,0.00,0.000000,0.000000,0,45.0,0.0,0.0,220.1,0
160,8000,0.00,5,0.5000,0.00,0.000000,0.000000,0,45.0,0.0,0.0,220.1,0
161,8050,0.00,5,0.5000,0.00,0.000000,0.000000,0,45.0,0.0,0.0,220.1,0
162,8100,0.00,5,0.5000,0.00,0.000000,0.000000,0,45.0,0.0,0.0,220.1,0
163,8150,0.00,5,0.5000,0.00,0.000000,0.000000,0,45.0,0.0,0.0,220.1,0
164,8200,0.00,5,0.5000,0.00,0.000000,0.000000,0,45.0,0.0,0.0,220.1,0
165,8250,0.00,5,0.5000,0.00,0.000000,0.000000,0,45.0,0.0,0.0,220.1,0
166,8300,0.00,5,0.5000,0.00,0.000000,0.000000,0,45.0,0.0,0.0,220.1,0
167,8350,0.00,5,0.5000,0.00,0.000000,0.000000,0,45.0,0.0,0.0,220.1,0
168,8400,0.00,5,0.5000,0.00,0.000000,0.000000,0,45.0,0.0,0.0,220.1,0
169,8450,0.00,5,0.5000,0.00,0.000000,0.000000,0,45.0,0.0,0.0,220.1,0
170,8500,0.00,5,0.5000,0.00,0.000000,0.000000,0,45.0,0.0,0.0,220.1,0
171,8550,0.00,5,0.5000,0.00,0.000000,0.000000,0,45.0,0.0,0.0,220.1,0
172,8600,0.00,5,0.5000,0.00,0.000000,0.000000,0,45.0,0.0,0.0,220.1,0
173,8650,0.00,5,0.5000,0.00,0.000000,0.000000,0,45.0,0.0,0.0,220.1,0
174,8700,0.00,5,0.5000,0.00,0.000000,0.000000,0,45.0,0.0,0.0,220.1,0
175,8750,0.00,5,0.5000,0.00,0.000000,0.000000,0,45.0,0.0,0.0,220.1,0
176,8800,0.00,5,0.5000,0.00,0.000000,0.000000,0,45.0,0.0,0.0,220.1,0
177,8850,0.00,5,0.5000,0.00,0.000000,0.000000,0,45.0,0.0,0.0,220.1,0
178,8900,0.00,5,0.5000,0.00,0.000000,0.000000,0,45.0,0.0,0.0,220.1,0
179,8950,0.00,5,0.5000,0.00,0.000000,0.000000,0,45.0,0.0,0.0,220.1,0
180,9000,0.00,5,0.5000,0.00,0.000000,0.000000,0,45.0,0.0,0.0,220.1,0
181,9050,0.00,5,0.5000,0.00,0.000000,0.000000,0,45.0,0.0,0.0,220.1,0
182,9100,0.00,5,0.5000,0.00,0.000000,0.000000,0,45.0,0.0,0.0,220.1,0
183,9150,0.00,5,0.5000,0.00,0.000000,0.000000,0,45.0,0.0,0.0,220.1,0
184,9200,0.00,5,0.5000,0.00,0.000000,0.000000,0,45.0,0.0,0.0,220.1,0
185,9250,0.00,5,0.5000,0.00,0.000000,0.000000,0,45.0,0.0,0.0,220.1,0
186,9300,0.00,5,0.5000,0.00,0.000000,0.000000,0,45.0,0.0,0.0,220.1,0
187,9350,0.00,5,0.5000,0.00,0.000000,0.000000,0,45.0,0.0,0.0,220.1,0
188,9400,0.00,5,0.5000,0.00,0.000000,0.000000,0,45.0,0.0,0.0,220.1,0
189,9450,0.00,5,0.5000,0.00,0.000000,0.000000,0,45.0,0.0,0.0,220.1,0
190,9500,0.00,5,0.5000,0.00,0.000000,0.000000,0,45.0,0.0,0.0,220.1,0
191,9550,0.00,5,0.5000,0.00,0.000000,0.000000,0,45.0,0.0,0.0,220.1,0
192,9600,0.00,5,0.5000,0.00,0.000000,0.000000,0,45.0,0.0,0.0,220.1,0
193,9650,0.00,5,0.5000,0.00,0.000000,0.000000,0,45.0,0.0,0.0,220.1,0
194,9700,0.00,5,0.5000,0.00,0.000000,0.000000,0,45.0,0.0,0.0,220.1,0
195,9750,0.00,5,0.5000,0.00,0.000000,0.000000,0,45.0,0.0,0.0,220.1,0
196,9800,0.00,5,0.5000,0.00,0.000000,0.000000,0,45.0,0.0,0.0,220.1,0
197,9850,0.00,5,0.5000,0.00,0.000000,0.000000,0,45.0,0.0,0.0,220.1,0
198,9900,0.00,5,0.5000,0.00,0.000000,0.000000,0,45.0,0.0,0.0,220.1,0
199,9950,0.00,5,0.5000,0.00,0.000000,0.000000,0,45.0,0.0,0.0,220.1,0
200,10000,0.00,5,0.5000,0.00,0.000000,0.000000,0,45.0,0.0,0.0,220.1,0
201,10050,0.00,5,0.5000,0.00,0.000000,0.000000,0,45.0,0.0,0.0,220.1,0
202,10100,0.00,5,0.5000,0.00,0.000000,0.000000,0,45.0,0.0,0.0,220.1,0
203,10150,0.00,5,0.5000,0.00,0.000000,0.000000,0,45.0,0.0,0.0,220.1,0
204,10200,0.00,5,0.5000,0.00,0.000000,0.000000,0,45.0,0.0,0.0,220.1,0
205,10250,0.00,5,0.5000,0.00,0.000000,0.000000,0,45.0,0.0,0.0,220.1,0
206,10300,0.00,5,0.5000,0.00,0.000000,0.000000,0,45.0,0.0,0.0,220.1,0
207,10350,0.00,5,0.5000,0.00,0.000000,0.000000,0,45.0,0.0,0.0,220.1,0
208,10400,0.00,5,0.5000,0.00,0.000000,0.000000,0,45.0,0.0,0.0,220.1,0
209,10450,0.00,5,0.5000,0.00,0.000000,0.000000,0,45.0,0.0,0.0,220.1,0
210,10500,0.00,5,0.5000,0.00,0.000000,0.000000,0,45.0,0.0,0.0,220.1,0
211,10550,0.00,5,0.5000,0.00,0.000000,0.000000,0,45.0,0.0,0.0,220.1,0
212,10600,0.00,5,0.5000,0.00,0.000000,0.000000,0,45.0,0.0,0.0,220.1,0
213,10650,0.00,5,0.5000,0.00,0.000000,0.000000,0,45.0,0.0,0.0,220.1,0
214,10700,0.00,5,0.5000,0.00,0.000000,0.000000,0,45.0,0.0,0.0,220.1,0
215,10750,0.00,5,0.5000,0.00,0.000000,0.000000,0,45.0,0.0,0.0,220.1,0
216,10800,0.00,5,0.5000,0.00,0.000000,0.000000,0,45.0,0.0,0.0,220.1,0
217,10850,0.00,5,0.5000,0.00,0.000000,0.000000,0,45.0,0.0,0.0,220.1,0
218,10900,0.00,5,0.5000,0.00,0.000000,0.000000,0,45.0,0.0,0.0,220.1,0
219,10950,0.00,5,0.5000,0.00,0.000000,0.000000,0,45.0,0.0,0.0,220.1,0
220,11000,0.00,5,0.5000,0.00,0.000000,0.000000,0,45.0,0.0,0.0,220.1,0
221,11050,0.00,5,0.5000,0.00,0.000000,0.000000,0,45.0,0.0,0.0,220.1,0
222,11100,0.00,5,0.5000,0.00,0.000000,0.000000,0,45.0,0.0,0.0,220.1,0
223,11150,0.00,5,0.5000,0.00,0.000000,0.000000,0,45.0,0.0,0.0,220.1,0
224,11200,0.00,5,0.5000,0.00,0.000000,0.000000,0,45.0,0.0,0.0,220.1,0
225,11250,0.00,5,0.5000,0.00,0.000000,0.000000,0,45.0,0.0,0.0,220.1,0
226,11300,0.00,5,0.5000,0.00,0.000000,0.000000,0,45.0,0.0,0.0,220.1,0
227,11350,0.00,5,0.5000,0.00,0.000000,0.000000,0,45.0,0.0,0.0,220.1,0
228,11400,0.00,5,0.5000,0.00,0.000000,0.000000,0,45.0,0.0,0.0,220.1,0
229,11450,0.00,5,0.5000,0.00,0.000000,0.000000,0,45.0,0.0,0.0,220.1,0
230,11500,0.00,5,0.5000,0.00,0.000000,0.000000,0,45.0,0.0,0.0,220.1,0
231,11550,0.00,5,0.5000,0.00,0.000000,0.000000,0,45.0,0.0,0.0,220.1,0
232,11600,0.00,5,0.5000,0.00,0.000000,0.000000,0,45.0,0.0,0.0,220.1,0
233,11650,0.00,5,0.5000,0.00,0.000000,0.000000,0,45.0,0.0,0.0,220.1,0
234,11700,0.00,5,0.5000,0.00,0.000000,0.000000,0,45.0,0.0,0.0,220.1,0
235,11750,0.00,5,0.5000,0.00,0.000000,0.000000,0,45.0,0.0,0.0,220.1,0
236,11800,0.00,5,0.5000,0.00,0.000000,0.000000,0,45.0,0.0,0.0,220.1,0
237,11850,0.00,5,0.5000,0.00,0.000000,0.000000,0,45.0,0.0,0.0,220.1,0
238,11900,0.00,5,0.5000,0.00,0.000000,0.000000,0,45.0,0.0,0.0,220.1,0
239,11950,0.00,5,0.5000,0.00,0.000000,0.000000,0,45.0,0.0,0.0,220.1,0
240,12000,0.00,5,0.5000,0.00,0.000000,0.000000,0,45.0,0.0,0.0,220.1,0
241,12050,0.00,5,0.5000,0.00,0.000000,0.000000,0,45.0,0.0,0.0,220.1,0
242,12100,0.00,5,0.5000,0.00,0.000000,0.000000,0,45.0,0.0,0.0,220.1,0
243,12150,0.00,5,0.5000,0.00,0.000000,0.000000,0,45.0,0.0,0.0,220.1,0
244,12200,0.00,5,0.5000,0.00,0.000000,0.000000,0,45.0,0.0,0.0,220.1,0
245,12250,0.00,5,0.5000,0.00,0.000000,0.000000,0,45.0,0.0,0.0,220.1,0
246,12300,0.00,5,0.5000,0.00,0.000000,0.000000,0,45.0,0.0,0.0,220.1,0
247,12350,0.00,5,0.5000,0.00,0.000000,0.000000,0,45.0,0.0,0.0,220.1,0
248,12400,0.00,5,0.5000,0.00,0.000000,0.000000,0,45.0,0.0,0.0,220.1,0
249,12450,0.00,5,0.5000,0.00,0.000000,0.000000,0,45.0,0.0,0.0,220.1,0
250,12500,0.00,5,0.5000,0.00,0.000000,0.000000,0,45.0,0.0,0.0,220.1,0
251,12550,0.00,5,0.5000,0.00,0.000000,0.000000,0,45.0,0.0,0.0,220.1,0
252,12600,0.00,5,0.5000,0.00,0.000000,0.000000,0,45.0,0.0,0.0,220.1,0
253,12650,0.00,5,0.5000,0.00,0.000000,0.000000,0,45.0,0.0,0.0,220.1,0
254,12700,0.00,5,0.5000,0.00,0.000000,0.000000,0,45.0,0.0,0.0,220.1,0
255,12750,0.00,5,0.5000,0.00,0.000000,0.000000,0,45.0,0.0,0.0,220.1,0
256,12800,0.00,5,0.5000,0.00,0.000000,0.000000,0,45.0,0.0,0.0,220.1,0
257,12850,0.00,5,0.5000,0.00,0.000000,0.000000,0,45.0,0.0,0.0,220.1,0
258,12900,0.00,5,0.5000,0.00,0.000000,0.000000,0,45.0,0.0,0.0,220.1,0
259,12950,0.00,5,0.5000,0.00,0.000000,0.000000,0,45.0,0.0,0.0,220.1,0
260,13000,0.00,5,0.5000,0.00,0.000000,0.000000,0,45.0,0.0,0.0,220.1,0
261,13050,0.00,5,0.5000,0.00,0.000000,0.000000,0,45.0,0.0,0.0,220.1,0
262,13100,0.00,5,0.5000,0.00,0.000000,0.000000,0,45.0,0.0,0.0,220.1,0
263,13150,0.00,5,0.5000,0.00,0.000000,0.000000,0,45.0,0.0,0.0,220.1,0
264,13200,0.00,5,0.5000,0.00,0.000000,0.000000,0,45.0,0.0,0.0,220.1,0
265,13250,0.00,5,0.5000,0.00,0.000000,0.000000,0,45.0,0.0,0.0,220.1,0
266,13300,0.00,5,0.5000,0.00,0.000000,0.000000,0,45.0,0.0,0.0,220.1,0
267,13350,0.00,5,0.5000,0.00,0.000000,0.000000,0,45.0,0.0,0.0,220.1,0
268,13400,0.00,5,0.5000,0.00,0.000000,0.000000,0,45.0,0.0,0.0,220.1,0
269,13450,0.00,5,0.5000,0.00,0.000000,0.000000,0,45.0,0.0,0.0,220.1,0
270,13500,0.00,5,0.5000,0.00,0.000000,0.000000,0,45.0,0.0,0.0,220.1,0
271,13550,0.00,5,0.5000,0.00,0.000000,0.000000,0,45.0,0.0,0.0,220.1,0
272,13600,0.00,5,0.5000,0.00,0.000000,0.000000,0,45.0,0.0,0.0,220.1,0
273,13650,0.00,5,0.5000,0.00,0.000000,0.000000,0,45.0,0.0,0.0,220.1,0
274,13700,0.00,5,0.5000,0.00,0.000000,0.000000,0,45.0,0.0,0.0,220.1,0
275,13750,0.00,5,0.5000,0.00,0.000000,0.000000,0,45.0,0.0,0.0,220.1,0
276,13800,0.00,5,0.5000,0.00,0.000000,0.000000,0,45.0,0.0,0.0,220.1,0
277,13850,0.00,5,0.5000,0.00,0.000000,0.000000,0,45.0,0.0,0.0,220.1,0
278,13900,0.00,5,0.5000,0.00,0.000000,0.000000,0,45.0,0.0,0.0,220.1,0
279,13950,0.00,5,0.5000,0.00,0.000000,0.000000,0,45.0,0.0,0.0,220.1,0
280,14000,0.00,5,0.5000,0.00,0.000000,0.000000,0,45.0,0.0,0.0,220.1,0
281,14050,0.00,5,0.5000,0.00,0.000000,0.000000,0,45.0,0.0,0.0,220.1,0
282,14100,0.00,5,0.5000,0.00,0.000000,0.000000,0,45.0,0.0,0.0,220.1,0
283,14150,0.00,5,0.5000,0.00,0.000000,0.000000,0,45.0,0.0,0.0,220.1,0
284,14200,0.00,5,0.5000,0.00,0.000000,0.000000,0,45.0,0.0,0.0,220.1,0
285,14250,0.00,5,0.5000,0.00,0.000000,0.000000,0,45.0,0.0,0.0,220.1,0
286,14300,0.00,5,0.5000,0.00,0.000000,0.000000,0,45.0,0.0,0.0,220.1,0
287,14350,0.00,5,0.5000,0.00,0.000000,0.000000,0,45.0,0.0,0.0,220.1,0
288,14400,0.00,5,0.5000,0.00,0.000000,0.000000,0,45.0,0.0,0.0,220.1,0
289,14450,0.00,5,0.5000,0.00,0.000000,0.000000,0,45.0,0.0,0.0,220.1,0
290,14500,0.00,5,0.5000,0.00,0.000000,0.000000,0,45.0,0.0,0.0,220.1,0
291,14550,0.00,5,0.5000,0.00,0.000000,0.000000,0,45.0,0.0,0.0,220.1,0
292,14600,0.00,5,0.5000,0.00,0.000000,0.000000,0,45.0,0.0,0.0,220.1,0
293,14650,0.00,5,0.5000,0.00,0.000000,0.000000,0,45.0,0.0,0.0,220.1,0
294,14700,0.00,5,0.5000,0.00,0.000000,0.000000,0,45.0,0.0,0.0,220.1,0
295,14750,0.00,5,0.5000,0.00,0.000000,0.000000,0,45.0,0.0,0.0,220.1,0
296,14800,0.00,5,0.5000,0.00,0.000000,0.000000,0,45.0,0.0,0.0,220.1,0
297,14850,0.00,5,0.5000,0.00,0.000000,0.000000,0,45.0,0.0,0.0,220.1,0
298,14900,0.00,5,0.5000,0.00,0.000000,0.000000,0,45.0,0.0,0.0,220.1,0
299,14950,0.00,5,0.5000,0.00,0.000000,0.000000,0,45.0,0.0,0.0,220.1,0
300,15000,0.00,5,0.5000,0.00,0.000000,0.000000,0,45.0,0.0,0.0,220.1,0
301,15050,0.00,5,0.5000,0.00,0.000000,0.000000,0,45.0,0.0,0.0,220.1,0
302,15100,0.00,5,0.5000,0.00,0.000000,0.000000,0,45.0,0.0,0.0,220.1,0
303,15150,0.00,5,0.5000,0.00,0.000000,0.000000,0,45.0,0.0,0.0,220.1,0
304,15200,0.00,5,0.5000,0.00,0.000000,0.000000,0,45.0,0.0,0.0,220.1,0
305,15250,0.00,5,0.5000,0.00,0.000000,0.000000,0,45.0,0.0,0.0,220.1,0
306,15300,0.00,5,0.5000,0.00,0.000000,0.000000,0,45.0,0.0,0.0,220.1,0
307,15350,0.00,5,0.5000,0.00,0.000000,0.000000,0,45.0,0.0,0.0,220.1,0
308,15400,0.00,5,0.5000,0.00,0.000000,0.000000,0,45.0,0.0,0.0,220.1,0
309,15450,0.00,5,0.5000,0.00,0.000000,0.000000,0,45.0,0.0,0.0,220.1,0
310,15500,0.00,5,0.5000,0.00,0.000000,0.000000,0,45.0,0.0,0.0,220.1,0
311,15550,0.00,5,0.5000,0.00,0.000000,0.000000,0,45.0,0.0,0.0,220.1,0
312,15600,0.00,5,0.5000,0.00,0.000000,0.000000,0,45.0,0.0,0.0,220.1,0
313,15650,0.00,5,0.5000,0.00,0.000000,0.000000,0,45.0,0.0,0.0,220.1,0
314,15700,0.00,5,0.5000,0.00,0.000000,0.000000,0,45.0,0.0,0.0,220.1,0
315,15750,0.00,5,0.5000,0.00,0.000000,0.000000,0,45.0,0.0,0.0,220.1,0
316,15800,0.00,5,0.5000,0.00,0.000000,0.000000,0,45.0,0.0,0.0,220.1,0
317,15850,0.00,5,0.5000,0.00,0.000000,0.000000,0,45.0,0.0,0.0,220.1,0
318,15900,0.00,5,0.5000,0.00,0.000000,0.000000,0,45.0,0.0,0.0,220.1,0
319,15950,0.00,5,0.5000,0.00,0.000000,0.000000,0,45.0,0.0,0.0,220.1,0
320,16000,0.00,5,0.5000,0.00,0.000000,0.000000,0,45.0,0.0,0.0,220.1,0
321,16050,0.00,5,0.5000,0.00,0.000000,0.000000,0,45.0,0.0,0.0,220.1,0
322,16100,0.00,5,0.5000,0.00,0.000000,0.000000,0,45.0,0.0,0.0,220.1,0
323,16150,0.00,5,0.5000,0.00,0.000000,0.000000,0,45.0,0.0,0.0,220.1,0
324,16200,0.00,5,0.5000,0.00,0.000000,0.000000,0,45.0,0.0,0.0,220.1,0
325,16250,0.00,5,0.5000,0.00,0.000000,0.000000,0,45.0,0.0,0.0,220.1,0
326,16300,0.00,5,0.5000,0.00,0.000000,0.000000,0,45.0,0.0,0.0,220.1,0
327,16350,0.00,5,0.5000,0.00,0.000000,0.000000,0,45.0,0.0,0.0,220.1,0
328,16400,0.00,5,0.5000,0.00,0.000000,0.000000,0,45.0,0.0,0.0,220.1,0
329,16450,0.00,5,0.5000,0.00,0.000000,0.000000,0,45.0,0.0,0.0,220.1,0
330,16500,0.00,5,0.5000,0.00,0.000000,0.000000,0,45.0,0.0,0.0,220.1,0
331,16550,0.00,5,0.5000,0.00,0.000000,0.000000,0,45.0,0.0,0.0,220.1,0
332,16600,0.00,5,0.5000,0.00,0.000000,0.000000,0,45.0,0.0,0.0,220.1,0
333,16650,0.00,5,0.5000,0.00,0.000000,0.000000,0,45.0,0.0,0.0,220.1,0
334,16700,0.00,5,0.5000,0.00,0.000000,0.000000,0,45.0,0.0,0.0,220.1,0
335,16750,0.00,5,0.5000,0.00,0.000000,0.000000,0,45.0,0.0,0.0,220.1,0
336,16800,0.00,5,0.5000,0.00,0.000000,0.000000,0,45.0,0.0,0.0,220.1,0
337,16850,0.00,5,0.5000,0.00,0.000000,0.000000,0,45.0,0.0,0.0,220.1,0
338,16900,0.00,5,0.5000,0.00,0.000000,0.000000,0,45.0,0.0,0.0,220.1,0
339,16950,0.00,5,0.5000,0.00,0.000000,0.000000,0,45.0,0.0,0.0,220.1,0
340,17000,0.00,5,0.5000,0.00,0.000000,0.000000,0,45.0,0.0,0.0,220.1,0
341,17050,0.00,5,0.5000,0.00,0.000000,0.000000,0,45.0,0.0,0.0,220.1,0
342,17100,0.00,5,0.5000,0.00,0.000000,0.000000,0,45.0,0.0,0.0,220.1,0
343,17150,0.00,5,0.5000,0.00,0.000000,0.000000,0,45.0,0.0,0.0,220.1,0
344,17200,0.00,5,0.5000,0.00,0.000000,0.000000,0,45.0,0.0,0.0,220.1,0
345,17250,0.00,5,0.5000,0.00,0.000000,0.000000,0,45.0,0.0,0.0,220.1,0
346,17300,0.00,5,0.5000,0.00,0.000000,0.000000,0,45.0,0.0,0.0,220.1,0
347,17350,0.00,5,0.5000,0.00,0.000000,0.000000,0,45.0,0.0,0.0,220.1,0
348,17400,0.00,5,0.5000,0.00,0.000000,0.000000,0,45.0,0.0,0.0,220.1,0
349,17450,0.00,5,0.5000,0.00,0.000000,0.000000,0,45.0,0.0,0.0,220.1,0
350,17500,0.00,5,0.5000,0.00,0.000000,0.000000,0,45.0,0.0,0.0,220.1,0
351,17550,0.00,5,0.5000,0.00,0.000000,0.000000,0,45.0,0.0,0.0,220.1,0
352,17600,0.00,5,0.5000,0.00,0.000000,0.000000,0,45.0,0.0,0.0,220.1,0
353,17650,0.00,5,0.5000,0.00,0.000000,0.000000,0,45.0,0.0,0.0,220.1,0
354,17700,0.00,5,0.5000,0.00,0.000000,0.000000,0,45.0,0.0,0.0,220.1,0
355,17750,0.00,5,0.5000,0.00,0.000000,0.000000,0,45.0,0.0,0.0,220.1,0
356,17800,0.00,5,0.5000,0.00,0.000000,0.000000,0,45.0,0.0,0.0,220.1,0
357,17850,0.00,5,0.5000,0.00,0.000000,0.000000,0,45.0,0.0,0.0,220.1,0
358,17900,0.00,5,0.5000,0.00,0.000000,0.000000,0,45.0,0.0,0.0,220.1,0
359,17950,0.00,5,0.5000,0.00,0.000000,0.000000,0,45.0,0.0,0.0,220.1,0
360,18000,0.00,5,0.5000,0.00,0.000000,0.000000,0,45.0,0.0,0.0,220.1,0
361,18050,0.00,5,0.5000,0.00,0.000000,0.000000,0,45.0,0.0,0.0,220.1,0
362,18100,0.00,5,0.5000,0.00,0.000000,0.000000,0,45.0,0.0,0.0,220.1,0
363,18150,0.00,5,0.5000,0.00,0.000000,0.000000,0,45.0,0.0,0.0,220.1,0
364,18200,0.00,5,0.5000,0.00,0.000000,0.000000,0,45.0,0.0,0.0,220.1,0
365,18250,0.00,5,0.5000,0.00,0.000000,0.000000,0,45.0,0.0,0.0,220.1,0
366,18300,0.00,5,0.5000,0.00,0.000000,0.000000,0,45.0,0.0,0.0,220.1,0
367,18350,0.00,5,0.5000,0.00,0.000000,0.000000,0,45.0,0.0,0.0,220.1,0
368,18400,0.00,5,0.5000,0.00,0.000000,0.000000,0,45.0,0.0,0.0,220.1,0
369,18450,0.00,5,0.5000,0.00,0.000000,0.000000,0,45.0,0.0,0.0,220.1,0
370,18500,0.00,5,0.5000,0.00,0.000000,0.000000,0,45.0,0.0,0.0,220.1,0
371,18550,0.00,5,0.5000,0.00,0.000000,0.000000,0,45.0,0.0,0.0,220.1,0
372,18600,0.00,5,0.5000,0.00,0.000000,0.000000,0,45.0,0.0,0.0,220.1,0
373,18650,0.00,5,0.5000,0.00,0.000000,0.000000,0,45.0,0.0,0.0,220.1,0
374,18700,0.00,5,0.5000,0.00,0.000000,0.000000,0,45.0,0.0,0.0,220.1,0
375,18750,0.00,5,0.5000,0.00,0.000000,0.000000,0,45.0,0.0,0.0,220.1,0
376,18800,0.00,5,0.5000,0.00,0.000000,0.000000,0,45.0,0.0,0.0,220.1,0
377,18850,0.00,5,0.5000,0.00,0.000000,0.000000,0,45.0,0.0,0.0,220.1,0
378,18900,0.00,5,0.5000,0.00,0.000000,0.000000,0,45.0,0.0,0.0,220.1,0
379,18950,0.00,5,0.5000,0.00,0.000000,0.000000,0,45.0,0.0,0.0,220.1,0
380,19000,0.00,5,0.5000,0.00,0.000000,0.000000,0,45.0,0.0,0.0,220.1,0
381,19050,0.00,5,0.5000,0.00,0.000000,0.000000,0,45.0,0.0,0.0,220.1,0
382,19100,0.00,5,0.5000,0.00,0.000000,0.000000,0,45.0,0.0,0.0,220.1,0
383,19150,0.00,5,0.5000,0.00,0.000000,0.000000,0,45.0,0.0,0.0,220.1,0
384,19200,0.00,5,0.5000,0.00,0.000000,0.000000,0,45.0,0.0,0.0,220.1,0
385,19250,0.00,5,0.5000,0.00,0.000000,0.000000,0,45.0,0.0,0.0,220.1,0
386,19300,0.00,5,0.5000,0.00,0.000000,0.000000,0,45.0,0.0,0.0,220.1,0
387,19350,0.00,5,0.5000,0.00,0.000000,0.000000,0,45.0,0.0,0.0,220.1,0
388,19400,0.00,5,0.5000,0.00,0.000000,0.000000,0,45.0,0.0,0.0,220.1,0
389,19450,0.00,5,0.5000,0.00,0.000000,0.000000,0,45.0,0.0,0.0,220.1,0
390,19500,0.00,5,0.5000,0.00,0.000000,0.000000,0,45.0,0.0,0.0,220.1,0
391,19550,0.00,5,0.5000,0.00,0.000000,0.000000,0,45.0,0.0,0.0,220.1,0
392,19600,0.00,5,0.5000,0.00,0.000000,0.000000,0,45.0,0.0,0.0,220.1,0
393,19650,0.00,5,0.5000,0.00,0.000000,0.000000,0,45.0,0.0,0.0,220.1,0
394,19700,0.00,5,0.5000,0.00,0.000000,0.000000,0,45.0,0.0,0.0,220.1,0
395,19750,0.00,5,0.5000,0.00,0.000000,0.000000,0,45.0,0.0,0.0,220.1,0
396,19800,0.00,5,0.5000,0.00,0.000000,0.000000,0,45.0,0.0,0.0,220.1,0
397,19850,0.00,5,0.5000,0.00,0.000000,0.000000,0,45.0,0.0,0.0,220.1,0
398,19900,0.00,5,0.5000,0.00,0.000000,0.000000,0,45.0,0.0,0.0,220.1,0
399,19950,0.00,5,0.5000,0.00,0.000000,0.000000,0,45.0,0.0,0.0,220.1,0
400,20000,0.00,5,0.5000,0.00,0.000000,0.000000,0,45.0,0.0,0.0,220.1,0
401,20050,0.00,5,0.5000,0.00,0.000000,0.000000,0,45.0,0.0,0.0,220.1,0
402,20100,0.00,5,0.5000,0.00,0.000000,0.000000,0,45.0,0.0,0.0,220.1,0
403,20150,0.00,5,0.5000,0.00,0.000000,0.000000,0,45.0,0.0,0.0,220.1,0
404,20200,0.00,5,0.5000,0.00,0.000000,0.000000,0,45.0,0.0,0.0,220.1,0
405,20250,0.00,5,0.5000,0.00,0.000000,0.000000,0,45.0,0.0,0.0,220.1,0
406,20300,0.00,5,0.5000,0.00,0.000000,0.000000,0,45.0,0.0,0.0,220.1,0
407,20350,0.00,5,0.5000,0.00,0.000000,0.000000,0,45.0,0.0,0.0,220.1,0
408,20400,0.00,5,0.5000,0.00,0.000000,0.000000,0,45.0,0.0,0.0,220.1,0
409,20450,0.00,5,0.5000,0.00,0.000000,0.000000,0,45.0,0.0,0.0,220.1,0
410,20500,0.00,5,0.5000,0.00,0.000000,0.000000,0,45.0,0.0,0.0,220.1,0
411,20550,0.00,5,0.5000,0.00,0.000000,0.000000,0,45.0,0.0,0.0,220.1,0
412,20600,0.00,5,0.5000,0.00,0.000000,0.000000,0,45.0,0.0,0.0,220.1,0
413,20650,0.00,5,0.5000,0.00,0.000000,0.000000,0,45.0,0.0,0.0,220.1,0
414,20700,0.00,5,0.5000,0.00,0.000000,0.000000,0,45.0,0.0,0.0,220.1,0
415,20750,0.00,5,0.5000,0.00,0.000000,0.000000,0,45.0,0.0,0.0,220.1,0
416,20800,0.00,5,0.5000,0.00,0.000000,0.000000,0,45.0,0.0,0.0,220.1,0
417,20850,0.00,5,0.5000,0.00,0.000000,0.000000,0,45.0,0.0,0.0,220.1,0
418,20900,0.00,5,0.5000,0.00,0.000000,0.000000,0,45.0,0.0,0.0,220.1,0
419,20950,0.00,5,0.5000,0.00,0.000000,0.000000,0,45.0,0.0,0.0,220.1,0
420,21000,0.00,5,0.5000,0.00,0.000000,0.000000,0,45.0,0.0,0.0,220.1,0
421,21050,0.00,5,0.5000,0.00,0.000000,0.000000,0,45.0,0.0,0.0,220.1,0
422,21100,0.00,5,0.5000,0.00,0.000000,0.000000,0,45.0,0.0,0.0,220.1,0
423,21150,0.00,5,0.5000,0.00,0.000000,0.000000,0,45.0,0.0,0.0,220.1,0
424,21200,0.00,5,0.5000,0.00,0.000000,0.000000,0,45.0,0.0,0.0,220.1,0
425,21250,0.00,5,0.5000,0.00,0.000000,0.000000,0,45.0,0.0,0.0,220.1,0
426,21300,0.00,5,0.5000,0.00,0.000000,0.000000,0,45.0,0.0,0.0,220.1,0
427,21350,0.00,5,0.5000,0.00,0.000000,0.000000,0,45.0,0.0,0.0,220.1,0
428,21400,0.00,5,0.5000,0.00,0.000000,0.000000,0,45.0,0.0,0.0,220.1,0
429,21450,0.00,5,0.5000,0.00,0.000000,0.000000,0,45.0,0.0,0.0,220.1,0
430,21500,0.00,5,0.5000,0.00,0.000000,0.000000,0,45.0,0.0,0.0,220.1,0
431,21550,0.00,5,0.5000,0.00,0.000000,0.000000,0,45.0,0.0,0.0,220.1,0
432,21600,0.00,5,0.5000,0.00,0.000000,0.000000,0,45.0,0.0,0.0,220.1,0
433,21650,0.00,5,0.5000,0.00,0.000000,0.000000,0,45.0,0.0,0.0,220.1,0
434,21700,0.00,5,0.5000,0.00,0.000000,0.000000,0,45.0,0.0,0.0,220.1,0
435,21750,0.00,5,0.5000,0.00,0.000000,0.000000,0,45.0,0.0,0.0,220.1,0
436,21800,0.00,5,0.5000,0.00,0.000000,0.000000,0,45.0,0.0,0.0,220.1,0
437,21850,0.00,5,0.5000,0.00,0.000000,0.000000,0,45.0,0.0,0.0,220.1,0
438,21900,0.00,5,0.5000,0.00,0.000000,0.000000,0,45.0,0.0,0.0,220.1,0
439,21950,0.00,5,0.5000,0.00,0.000000,0.000000,0,45.0,0.0,0.0,220.1,0
440,22000,0.00,5,0.5000,0.00,0.000000,0.000000,0,45.0,0.0,0.0,220.1,0
441,22050,0.00,5,0.5000,0.00,0.000000,0.000000,0,45.0,0.0,0.0,220.1,0
442,22100,0.00,5,0.5000,0.00,0.000000,0.000000,0,45.0,0.0,0.0,220.1,0
443,22150,0.00,5,0.5000,0.00,0.000000,0.000000,0,45.0,0.0,0.0,220.1,0
444,22200,0.00,5,0.5000,0.00,0.000000,0.000000,0,45.0,0.0,0.0,220.1,0
445,22250,0.00,5,0.5000,0.00,0.000000,0.000000,0,45.0,0.0,0.0,220.1,0
446,22300,0.00,5,0.5000,0.00,0.000000,0.000000,0,45.0,0.0,0.0,220.1,0
447,22350,0.00,5,0.5000,0.00,0.000000,0.000000,0,45.0,0.0,0.0,220.1,0
448,22400,0.00,5,0.5000,0.00,0.000000,0.000000,0,45.0,0.0,0.0,220.1,0
449,22450,0.00,5,0.5000,0.00,0.000000,0.000000,0,45.0,0.0,0.0,220.1,0
450,22500,0.00,5,0.5000,0.00,0.000000,0.000000,0,45.0,0.0,0.0,220.1,0
451,22550,0.00,5,0.5000,0.00,0.000000,0.000000,0,45.0,0.0,0.0,220.1,0
452,22600,0.00,5,0.5000,0.00,0.000000,0.000000,0,45.0,0.0,0.0,220.1,0
453,22650,0.00,5,0.5000,0.00,0.000000,0.000000,0,45.0,0.0,0.0,220.1,0
454,22700,0.00,5,0.5000,0.00,0.000000,0.000000,0,45.0,0.0,0.0,220.1,0
455,22750,0.00,5,0.5000,0.00,0.000000,0.000000,0,45.0,0.0,0.0,220.1,0
456,22800,0.00,5,0.5000,0.00,0.000000,0.000000,0,45.0,0.0,0.0,220.1,0
457,22850,0.00,5,0.5000,0.00,0.000000,0.000000,0,45.0,0.0,0.0,220.1,0
458,22900,0.00,5,0.5000,0.00,0.000000,0.000000,0,45.0,0.0,0.0,220.1,0
459,22950,0.00,5,0.5000,0.00,0.000000,0.000000,0,45.0,0.0,0.0,220.1,0
460,23000,0.00,5,0.5000,0.00,0.000000,0.000000,0,45.0,0.0,0.0,220.1,0
461,23050,0.00,5,0.5000,0.00,0.000000,0.000000,0,45.0,0.0,0.0,220.1,0
462,23100,0.00,5,0.5000,0.00,0.000000,0.000000,0,45.0,0.0,0.0,220.1,0
463,23150,0.00,5,0.5000,0.00,0.000000,0.000000,0,45.0,0.0,0.0,220.1,0
464,23200,0.00,5,0.5000,0.00,0.000000,0.000000,0,45.0,0.0,0.0,220.1,0
465,23250,0.00,5,0.5000,0.00,0.000000,0.000000,0,45.0,0.0,0.0,220.1,0
466,23300,0.00,5,0.5000,0.00,0.000000,0.000000,0,45.0,0.0,0.0,220.1,0
467,23350,0.00,5,0.5000,0.00,0.000000,0.000000,0,45.0,0.0,0.0,220.1,0
468,23400,0.00,5,0.5000,0.00,0.000000,0.000000,0,45.0,0.0,0.0,220.1,0
469,23450,0.00,5,0.5000,0.00,0.000000,0.000000,0,45.0,0.0,0.0,220.1,0
470,23500,0.00,5,0.5000,0.00,0.000000,0.000000,0,45.0,0.0,0.0,220.1,0
471,23550,0.00,5,0.5000,0.00,0.000000,0.000000,0,45.0,0.0,0.0,220.1,0
472,23600,0.00,5,0.5000,0.00,0.000000,0.000000,0,45.0,0.0,0.0,220.1,0
473,23650,0.00,5,0.5000,0.00,0.000000,0.000000,0,45.0,0.0,0.0,220.1,0
474,23700,0.00,5,0.5000,0.00,0.000000,0.000000,0,45.0,0.0,0.0,220.1,0
475,23750,0.00,5,0.5000,0.00,0.000000,0.000000,0,45.0,0.0,0.0,220.1,0
476,23800,0.00,5,0.5000,0.00,0.000000,0.000000,0,45.0,0.0,0.0,220.1,0
477,23850,0.00,5,0.5000,0.00,0.000000,0.000000,0,45.0,0.0,0.0,220.1,0
478,23900,0.00,5,0.5000,0.00,0.000000,0.000000,0,45.0,0.0,0.0,220.1,0
479,23950,0.00,5,0.5000,0.00,0.000000,0.000000,0,45.0,0.0,0.0,220.1,0
480,24000,0.00,5,0.5000,0.00,0.000000,0.000000,0,45.0,0.0,0.0,220.1,0
481,24050,0.00,5,0.5000,0.00,0.000000,0.000000,0,45.0,0.0,0.0,220.1,0
482,24100,0.00,5,0.5000,0.00,0.000000,0.000000,0,45.0,0.0,0.0,220.1,0
483,24150,0.00,5,0.5000,0.00,0.000000,0.000000,0,45.0,0.0,0.0,220.1,0
484,24200,0.00,5,0.5000,0.00,0.000000,0.000000,0,45.0,0.0,0.0,220.1,0
485,24250,0.00,5,0.5000,0.00,0.000000,0.000000,0,45.0,0.0,0.0,220.1,0
486,24300,0.00,5,0.5000,0.00,0.000000,0.000000,0,45.0,0.0,0.0,220.1,0
487,24350,0.00,5,0.5000,0.00,0.000000,0.000000,0,45.0,0.0,0.0,220.1,0
488,24400,0.00,5,0.5000,0.00,0.000000,0.000000,0,45.0,0.0,0.0,220.1,0
489,24450,0.00,5,0.5000,0.00,0.000000,0.000000,0,45.0,0.0,0.0,220.1,0
490,24500,0.00,5,0.5000,0.00,0.000000,0.000000,0,45.0,0.0,0.0,220.1,0
491,24550,0.00,5,0.5000,0.00,0.000000,0.000000,0,45.0,0.0,0.0,220.1,0
492,24600,0.00,5,0.5000,0.00,0.000000,0.000000,0,45.0,0.0,0.0,220.1,0
493,24650,0.00,5,0.5000,0.00,0.000000,0.000000,0,45.0,0.0,0.0,220.1,0
494,24700,0.00,5,0.5000,0.00,0.000000,0.000000,0,45.0,0.0,0.0,220.1,0
495,24750,0.00,5,0.5000,0.00,0.000000,0.000000,0,45.0,0.0,0.0,220.1,0
496,24800,0.00,5,0.5000,0.00,0.000000,0.000000,0,45.0,0.0,0.0,220.1,0
497,24850,0.00,5,0.5000,0.00,0.000000,0.000000,0,45.0,0.0,0.0,220.1,0
498,24900,0.00,5,0.5000,0.00,0.000000,0.000000,0,45.0,0.0,0.0,220.1,0
499,24950,0.00,5,0.5000,0.00,0.000000,0.000000,0,45.0,0.0,0.0,220.1,0
500,25000,0.00,5,0.5000,0.00,0.000000,0.000000,0,45.0,0.0,0.0,220.1,0
501,25050,0.00,5,0.5000,0.00,0.000000,0.000000,0,45.0,0.0,0.0,220.1,0
502,25100,0.00,5,0.5000,0.00,0.000000,0.000000,0,45.0,0.0,0.0,220.1,0
503,25150,0.00,5,0.5000,0.00,0.000000,0.000000,0,45.0,0.0,0.0,220.1,0
504,25200,0.00,5,0.5000,0.00,0.000000,0.000000,0,45.0,0.0,0.0,220.1,0
505,25250,0.00,5,0.5000,0.00,0.000000,0.000000,0,45.0,0.0,0.0,220.1,0
506,25300,0.00,5,0.5000,0.00,0.000000,0.000000,0,45.0,0.0,0.0,220.1,0
507,25350,0.00,5,0.5000,0.00,0.000000,0.000000,0,45.0,0.0,0.0,220.1,0
508,25400,0.00,5,0.5000,0.00,0.000000,0.000000,0,45.0,0.0,0.0,220.1,0
509,25450,0.00,5,0.5000,0.00,0.000000,0.000000,0,45.0,0.0,0.0,220.1,0
510,25500,0.00,5,0.5000,0.00,0.000000,0.000000,0,45.0,0.0,0.0,220.1,0
511,25550,0.00,5,0.5000,0.00,0.000000,0.000000,0,45.0,0.0,0.0,220.1,0
512,25600,0.00,5,0.5000,0.00,0.000000,0.000000,0,45.0,0.0,0.0,220.1,0
513,25650,0.00,5,0.5000,0.00,0.000000,0.000000,0,45.0,0.0,0.0,220.1,0
514,25700,0.00,5,0.5000,0.00,0.000000,0.000000,0,45.0,0.0,0.0,220.1,0
515,25750,0.00,5,0.5000,0.00,0.000000,0.000000,0,45.0,0.0,0.0,220.1,0
516,25800,0.00,5,0.5000,0.00,0.000000,0.000000,0,45.0,0.0,0.0,220.1,0
517,25850,0.00,5,0.5000,0.00,0.000000,0.000000,0,45.0,0.0,0.0,220.1,0
518,25900,0.00,5,0.5000,0.00,0.000000,0.000000,0,45.0,0.0,0.0,220.1,0
519,25950,0.00,5,0.5000,0.00,0.000000,0.000000,0,45.0,0.0,0.0,220.1,0
520,26000,0.00,5,0.5000,0.00,0.000000,0.000000,0,45.0,0.0,0.0,220.1,0
521,26050,0.00,5,0.5000,0.00,0.000000,0.000000,0,45.0,0.0,0.0,220.1,0
522,26100,0.00,5,0.5000,0.00,0.000000,0.000000,0,45.0,0.0,0.0,220.1,0
523,26150,0.00,5,0.5000,0.00,0.000000,0.000000,0,45.0,0.0,0.0,220.1,0
524,26200,0.00,5,0.5000,0.00,0.000000,0.000000,0,45.0,0.0,0.0,220.1,0
525,26250,0.00,5,0.5000,0.00,0.000000,0.000000,0,45.0,0.0,0.0,220.1,0
526,26300,0.00,5,0.5000,0.00,0.000000,0.000000,0,45.0,0.0,0.0,220.1,0
527,26350,0.00,5,0.5000,0.00,0.000000,0.000000,0,45.0,0.0,0.0,220.1,0
528,26400,0.00,5,0.5000,0.00,0.000000,0.000000,0,45.0,0.0,0.0,220.1,0
529,26450,0.00,5,0.5000,0.00,0.000000,0.000000,0,45.0,0.0,0.0,220.1,0
530,26500,0.00,5,0.5000,0.00,0.000000,0.000000,0,45.0,0.0,0.0,220.1,0
531,26550,0.00,5,0.5000,0.00,0.000000,0.000000,0,45.0,0.0,0.0,220.1,0
532,26600,0.00,5,0.5000,0.00,0.000000,0.000000,0,45.0,0.0,0.0,220.1,0
533,26650,0.00,5,0.5000,0.00,0.000000,0.000000,0,45.0,0.0,0.0,220.1,0
534,26700,0.00,5,0.5000,0.00,0.000000,0.000000,0,45.0,0.0,0.0,220.1,0
535,26750,0.00,5,0.5000,0.00,0.000000,0.000000,0,45.0,0.0,0.0,220.1,0
536,26800,0.00,5,0.5000,0.00,0.000000,0.000000,0,45.0,0.0,0.0,220.1,0
537,26850,0.00,5,0.5000,0.00,0.000000,0.000000,0,45.0,0.0,0.0,220.1,0
538,26900,0.00,5,0.5000,0.00,0.000000,0.000000,0,45.0,0.0,0.0,220.1,0
539,26950,0.00,5,0.5000,0.00,0.000000,0.000000,0,45.0,0.0,0.0,220.1,0
540,27000,0.00,5,0.5000,0.00,0.000000,0.000000,0,45.0,0.0,0.0,220.1,0
541,27050,0.00,5,0.5000,0.00,0.000000,0.000000,0,45.0,0.0,0.0,220.1,0
542,27100,0.00,5,0.5000,0.00,0.000000,0.000000,0,45.0,0.0,0.0,220.1,0
543,27150,0.00,5,0.5000,0.00,0.000000,0.000000,0,45.0,0.0,0.0,220.1,0
544,27200,0.00,5,0.5000,0.00,0.000000,0.000000,0,45.0,0.0,0.0,220.1,0
545,27250,0.00,5,0.5000,0.00,0.000000,0.000000,0,45.0,0.0,0.0,220.1,0
546,27300,0.00,5,0.5000,0.00,0.000000,0.000000,0,45.0,0.0,0.0,220.1,0
547,27350,0.00,5,0.5000,0.00,0.000000,0.000000,0,45.0,0.0,0.0,220.1,0
548,27400,0.00,5,0.5000,0.00,0.000000,0.000000,0,45.0,0.0,0.0,220.1,0
549,27450,0.00,5,0.5000,0.00,0.000000,0.000000,0,45.0,0.0,0.0,220.1,0
550,27500,0.00,5,0.5000,0.00,0.000000,0.000000,0,45.0,0.0,0.0,220.1,0
551,27550,0.00,5,0.5000,0.00,0.000000,0.000000,0,45.0,0.0,0.0,220.1,0
552,27600,0.00,5,0.5000,0.00,0.000000,0.000000,0,45.0,0.0,0.0,220.1,0
553,27650,0.00,5,0.5000,0.00,0.000000,0.000000,0,45.0,0.0,0.0,220.1,0
554,27700,0.00,5,0.5000,0.00,0.000000,0.000000,0,45.0,0.0,0.0,220.1,0
555,27750,0.00,5,0.5000,0.00,0.000000,0.000000,0,45.0,0.0,0.0,220.1,0
556,27800,0.00,5,0.5000,0.00,0.000000,0.000000,0,45.0,0.0,0.0,220.1,0
557,27850,0.00,5,0.5000,0.00,0.000000,0.000000,0,45.0,0.0,0.0,220.1,0
558,27900,0.00,5,0.5000,0.00,0.000000,0.000000,0,45.0,0.0,0.0,220.1,0
559,27950,0.00,5,0.5000,0.00,0.000000,0.000000,0,45.0,0.0,0.0,220.1,0
560,28000,0.00,5,0.5000,0.00,0.000000,0.000000,0,45.0,0.0,0.0,220.1,0
561,28050,0.00,5,0.5000,0.00,0.000000,0.000000,0,45.0,0.0,0.0,220.1,0
562,28100,0.00,5,0.5000,0.00,0.000000,0.000000,0,45.0,0.0,0.0,220.1,0
563,28150,0.00,5,0.5000,0.00,0.000000,0.000000,0,45.0,0.0,0.0,220.1,0
564,28200,0.00,5,0.5000,0.00,0.000000,0.000000,0,45.0,0.0,0.0,220.1,0
565,28250,0.00,5,0.5000,0.00,0.000000,0.000000,0,45.0,0.0,0.0,220.1,0
566,28300,0.00,5,0.5000,0.00,0.000000,0.000000,0,45.0,0.0,0.0,220.1,0
567,28350,0.00,5,0.5000,0.00,0.000000,0.000000,0,45.0,0.0,0.0,220.1,0
568,28400,0.00,5,0.5000,0.00,0.000000,0.000000,0,45.0,0.0,0.0,220.1,0
569,28450,0.00,5,0.5000,0.00,0.000000,0.000000,0,45.0,0.0,0.0,220.1,0
570,28500,0.00,5,0.5000,0.00,0.000000,0.000000,0,45.0,0.0,0.0,220.1,0
571,28550,0.00,5,0.5000,0.00,0.000000,0.000000,0,45.0,0.0,0.0,220.1,0
572,28600,0.00,5,0.5000,0.00,0.000000,0.000000,0,45.0,0.0,0.0,220.1,0
573,28650,0.00,5,0.5000,0.00,0.000000,0.000000,0,45.0,0.0,0.0,220.1,0
574,28700,0.00,5,0.5000,0.00,0.000000,0.000000,0,45.0,0.0,0.0,220.1,0
575,28750,0.00,5,0.5000,0.00,0.000000,0.000000,0,45.0,0.0,0.0,220.1,0
576,28800,0.00,5,0.5000,0.00,0.000000,0.000000,0,45.0,0.0,0.0,220.1,0
577,28850,0.00,5,0.5000,0.00,0.000000,0.000000,0,45.0,0.0,0.0,220.1,0
578,28900,0.00,5,0.5000,0.00,0.000000,0.000000,0,45.0,0.0,0.0,220.1,0
579,28950,0.00,5,0.5000,0.00,0.000000,0.000000,0,45.0,0.0,0.0,220.1,0
580,29000,0.00,5,0.5000,0.00,0.000000,0.000000,0,45.0,0.0,0.0,220.1,0
581,29050,0.00,5,0.5000,0.00,0.000000,0.000000,0,45.0,0.0,0.0,220.1,0
582,29100,0.00,5,0.5000,0.00,0.000000,0.000000,0,45.0,0.0,0.0,220.1,0
583,29150,0.00,5,0.5000,0.00,0.000000,0.000000,0,45.0,0.0,0.0,220.1,0
584,29200,0.00,5,0.5000,0.00,0.000000,0.000000,0,45.0,0.0,0.0,220.1,0
585,29250,0.00,5,0.5000,0.00,0.000000,0.000000,0,45.0,0.0,0.0,220.1,0
586,29300,0.00,5,0.5000,0.00,0.000000,0.000000,0,45.0,0.0,0.0,220.1,0
587,29350,0.00,5,0.5000,0.00,0.000000,0.000000,0,45.0,0.0,0.0,220.1,0
588,29400,0.00,5,0.5000,0.00,0.000000,0.000000,0,45.0,0.0,0.0,220.1,0
589,29450,0.00,5,0.5000,0.00,0.000000,0.000000,0,45.0,0.0,0.0,220.1,0
590,29500,0.00,5,0.5000,0.00,0.000000,0.000000,0,45.0,0.0,0.0,220.1,0
591,29550,0.00,5,0.5000,0.00,0.000000,0.000000,0,45.0,0.0,0.0,220.1,0
592,29600,0.00,5,0.5000,0.00,0.000000,0.000000,0,45.0,0.0,0.0,220.1,0
593,29650,0.00,5,0.5000,0.00,0.000000,0.000000,0,45.0,0.0,0.0,220.1,0
594,29700,0.00,5,0.5000,0.00,0.000000,0.000000,0,45.0,0.0,0.0,220.1,0
595,29750,0.00,5,0.5000,0.00,0.000000,0.000000,0,45.0,0.0,0.0,220.1,0
596,29800,0.00,5,0.5000,0.00,0.000000,0.000000,0,45.0,0.0,0.0,220.1,0
597,29850,0.00,5,0.5000,0.00,0.000000,0.000000,0,45.0,0.0,0.0,220.1,0
598,29900,0.00,5,0.5000,0.00,0.000000,0.000000,0,45.0,0.0,0.0,220.1,0
599,29950,0.00,5,0.5000,0.00,0.000000,0.000000,0,45.0,0.0,0.0,220.1,0
600,30000,0.00,5,0.5000,0.00,0.000000,0.000000,0,45.0,0.0,0.0,220.1,0
601,30050,0.00,5,0.5000,0.00,0.000000,0.000000,0,45.0,0.0,0.0,220.1,0
602,30100,0.00,5,0.5000,0.00,0.000000,0.000000,0,45.0,0.0,0.0,220.1,0
603,30150,0.00,5,0.5000,0.00,0.000000,0.000000,0,45.0,0.0,0.0,220.1,0
604,30200,0.00,5,0.5000,0.00,0.000000,0.000000,0,45.0,0.0,0.0,220.1,0
605,30250,0.00,5,0.5000,0.00,0.000000,0.000000,0,45.0,0.0,0.0,220.1,0
606,30300,0.00,5,0.5000,0.00,0.000000,0.000000,0,45.0,0.0,0.0,220.1,0
607,30350,0.00,5,0.5000,0.00,0.000000,0.000000,0,45.0,0.0,0.0,220.1,0
608,30400,0.00,5,0.5000,0.00,0.000000,0.000000,0,45.0,0.0,0.0,220.1,0
609,30450,0.00,5,0.5000,0.00,0.000000,0.000000,0,45.0,0.0,0.0,220.1,0
610,30500,0.00,5,0.5000,0.00,0.000000,0.000000,0,45.0,0.0,0.0,220.1,0
611,30550,0.00,5,0.5000,0.00,0.000000,0.000000,0,45.0,0.0,0.0,220.1,0
612,30600,0.00,5,0.5000,0.00,0.000000,0.000000,0,45.0,0.0,0.0,220.1,0
613,30650,0.00,5,0.5000,0.00,0.000000,0.000000,0,45.0,0.0,0.0,220.1,0
614,30700,0.00,5,0.5000,0.00,0.000000,0.000000,0,45.0,0.0,0.0,220.1,0
615,30750,0.00,5,0.5000,0.00,0.000000,0.000000,0,45.0,0.0,0.0,220.1,0
616,30800,0.00,5,0.5000,0.00,0.000000,0.000000,0,45.0,0.0,0.0,220.1,0
617,30850,0.00,5,0.5000,0.00,0.000000,0.000000,0,45.0,0.0,0.0,220.1,0
618,30900,0.00,5,0.5000,0.00,0.000000,0.000000,0,45.0,0.0,0.0,220.1,0
619,30950,0.00,5,0.5000,0.00,0.000000,0.000000,0,45.0,0.0,0.0,220.1,0
620,31000,0.00,5,0.5000,0.00,0.000000,0.000000,0,45.0,0.0,0.0,220.1,0
621,31050,0.00,5,0.5000,0.00,0.000000,0.000000,0,45.0,0.0,0.0,220.1,0
622,31100,0.00,5,0.5000,0.00,0.000000,0.000000,0,45.0,0.0,0.0,220.1,0
623,31150,0.00,5,0.5000,0.00,0.000000,0.000000,0,45.0,0.0,0.0,220.1,0
624,31200,0.00,5,0.5000,0.00,0.000000,0.000000,0,45.0,0.0,0.0,220.1,0
625,31250,0.00,5,0.5000,0.00,0.000000,0.000000,0,45.0,0.0,0.0,220.1,0
626,31300,0.00,5,0.5000,0.00,0.000000,0.000000,0,45.0,0.0,0.0,220.1,0
627,31350,0.00,5,0.5000,0.00,0.000000,0.000000,0,45.0,0.0,0.0,220.1,0
628,31400,0.00,5,0.5000,0.00,0.000000,0.000000,0,45.0,0.0,0.0,220.1,0
629,31450,0.00,5,0.5000,0.00,0.000000,0.000000,0,45.0,0.0,0.0,220.1,0
630,31500,0.00,5,0.5000,0.00,0.000000,0.000000,0,45.0,0.0,0.0,220.1,0
631,31550,0.00,5,0.5000,0.00,0.000000,0.000000,0,45.0,0.0,0.0,220.1,0
632,31600,0.00,5,0.5000,0.00,0.000000,0.000000,0,45.0,0.0,0.0,220.1,0
633,31650,0.00,5,0.5000,0.00,0.000000,0.000000,0,45.0,0.0,0.0,220.1,0
634,31700,0.00,5,0.5000,0.00,0.000000,0.000000,0,45.0,0.0,0.0,220.1,0
635,31750,0.00,5,0.5000,0.00,0.000000,0.000000,0,45.0,0.0,0.0,220.1,0
636,31800,0.00,5,0.5000,0.00,0.000000,0.000000,0,45.0,0.0,0.0,220.1,0
637,31850,0.00,5,0.5000,0.00,0.000000,0.000000,0,45.0,0.0,0.0,220.1,0
638,31900,0.00,5,0.5000,0.00,0.000000,0.000000,0,45.0,0.0,0.0,220.1,0
639,31950,0.00,5,0.5000,0.00,0.000000,0.000000,0,45.0,0.0,0.0,220.1,0
640,32000,0.00,5,0.5000,0.00,0.000000,0.000000,0,45.0,0.0,0.0,220.1,0
641,32050,0.00,5,0.5000,0.00,0.000000,0.000000,0,45.0,0.0,0.0,220.1,0
642,32100,0.00,5,0.5000,0.00,0.000000,0.000000,0,45.0,0.0,0.0,220.1,0
643,32150,0.00,5,0.5000,0.00,0.000000,0.000000,0,45.0,0.0,0.0,220.1,0
644,32200,0.00,5,0.5000,0.00,0.000000,0.000000,0,45.0,0.0,0.0,220.1,0
645,32250,0.00,5,0.5000,0.00,0.000000,0.000000,0,45.0,0.0,0.0,220.1,0
646,32300,0.00,5,0.5000,0.00,0.000000,0.000000,0,45.0,0.0,0.0,220.1,0
647,32350,0.00,5,0.5000,0.00,0.000000,0.000000,0,45.0,0.0,0.0,220.1,0
648,32400,0.00,5,0.5000,0.00,0.000000,0.000000,0,45.0,0.0,0.0,220.1,0
649,32450,0.00,5,0.5000,0.00,0.000000,0.000000,0,45.0,0.0,0.0,220.1,0
650,32500,0.00,5,0.5000,0.00,0.000000,0.000000,0,45.0,0.0,0.0,220.1,0
651,32550,0.00,5,0.5000,0.00,0.000000,0.000000,0,45.0,0.0,0.0,220.1,0
652,32600,0.00,5,0.5000,0.00,0.000000,0.000000,0,45.0,0.0,0.0,220.1,0
653,32650,0.00,5,0.5000,0.00,0.000000,0.000000,0,45.0,0.0,0.0,220.1,0
654,32700,0.00,5,0.5000,0.00,0.000000,0.000000,0,45.0,0.0,0.0,220.1,0
655,32750,0.00,5,0.5000,0.00,0.000000,0.000000,0,45.0,0.0,0.0,220.1,0
656,32800,0.00,5,0.5000,0.00,0.000000,0.000000,0,45.0,0.0,0.0,220.1,0
657,32850,0.00,5,0.5000,0.00,0.000000,0.000000,0,45.0,0.0,0.0,220.1,0
658,32900,0.00,5,0.5000,0.00,0.000000,0.000000,0,45.0,0.0,0.0,220.1,0
659,32950,0.00,5,0.5000,0.00,0.000000,0.000000,0,45.0,0.0,0.0,220.1,0
660,33000,0.00,5,0.5000,0.00,0.000000,0.000000,0,45.0,0.0,0.0,220.1,0
661,33050,0.00,5,0.5000,0.00,0.000000,0.000000,0,45.0,0.0,0.0,220.1,0
662,33100,0.00,5,0.5000,0.00,0.000000,0.000000,0,45.0,0.0,0.0,220.1,0
663,33150,0.00,5,0.5000,0.00,0.000000,0.000000,0,45.0,0.0,0.0,220.1,0
664,33200,0.00,5,0.5000,0.00,0.000000,0.000000,0,45.0,0.0,0.0,220.1,0
665,33250,0.00,5,0.5000,0.00,0.000000,0.000000,0,45.0,0.0,0.0,220.1,0
666,33300,0.00,5,0.5000,0.00,0.000000,0.000000,0,45.0,0.0,0.0,220.1,0
667,33350,0.00,5,0.5000,0.00,0.000000,0.000000,0,45.0,0.0,0.0,220.1,0
668,33400,0.00,5,0.5000,0.00,0.000000,0.000000,0,45.0,0.0,0.0,220.1,0
669,33450,0.00,5,0.5000,0.00,0.000000,0.000000,0,45.0,0.0,0.0,220.1,0
670,33500,0.00,5,0.5000,0.00,0.000000,0.000000,0,45.0,0.0,0.0,220.1,0
671,33550,0.00,5,0.5000,0.00,0.000000,0.000000,0,45.0,0.0,0.0,220.1,0
672,33600,0.00,5,0.5000,0.00,0.000000,0.000000,0,45.0,0.0,0.0,220.1,0
673,33650,0.00,5,0.5000,0.00,0.000000,0.000000,0,45.0,0.0,0.0,220.1,0
674,33700,0.00,5,0.5000,0.00,0.000000,0.000000,0,45.0,0.0,0.0,220.1,0
675,33750,0.00,5,0.5000,0.00,0.000000,0.000000,0,45.0,0.0,0.0,220.1,0
676,33800,0.00,5,0.5000,0.00,0.000000,0.000000,0,45.0,0.0,0.0,220.1,0
677,33850,0.00,5,0.5000,0.00,0.000000,0.000000,0,45.0,0.0,0.0,220.1,0
678,33900,0.00,5,0.5000,0.00,0.000000,0.000000,0,45.0,0.0,0.0,220.1,0
679,33950,0.00,5,0.5000,0.00,0.000000,0.000000,0,45.0,0.0,0.0,220.1,0
680,34000,0.00,5,0.5000,0.00,0.000000,0.000000,0,45.0,0.0,0.0,220.1,0
681,34050,0.00,5,0.5000,0.00,0.000000,0.000000,0,45.0,0.0,0.0,220.1,0
682,34100,0.00,5,0.5000,0.00,0.000000,0.000000,0,45.0,0.0,0.0,220.1,0
683,34150,0.00,5,0.5000,0.00,0.000000,0.000000,0,45.0,0.0,0.0,220.1,0
684,34200,0.00,5,0.5000,0.00,0.000000,0.000000,0,45.0,0.0,0.0,220.1,0
685,34250,0.00,5,0.5000,0.00,0.000000,0.000000,0,45.0,0.0,0.0,220.1,0
686,34300,0.00,5,0.5000,0.00,0.000000,0.000000,0,45.0,0.0,0.0,220.1,0
687,34350,0.00,5,0.5000,0.00,0.000000,0.000000,0,45.0,0.0,0.0,220.1,0
688,34400,0.00,5,0.5000,0.00,0.000000,0.000000,0,45.0,0.0,0.0,220.1,0
689,34450,0.00,5,0.5000,0.00,0.000000,0.000000,0,45.0,0.0,0.0,220.1,0
690,34500,0.00,5,0.5000,0.00,0.000000,0.000000,0,45.0,0.0,0.0,220.1,0
691,34550,0.00,5,0.5000,0.00,0.000000,0.000000,0,45.0,0.0,0.0,220.1,0
692,34600,0.00,5,0.5000,0.00,0.000000,0.000000,0,45.0,0.0,0.0,220.1,0
693,34650,0.00,5,0.5000,0.00,0.000000,0.000000,0,45.0,0.0,0.0,220.1,0
694,34700,0.00,5,0.5000,0.00,0.000000,0.000000,0,45.0,0.0,0.0,220.1,0
695,34750,0.00,5,0.5000,0.00,0.000000,0.000000,0,45.0,0.0,0.0,220.1,0
696,34800,0.00,5,0.5000,0.00,0.000000,0.000000,0,45.0,0.0,0.0,220.1,0
697,34850,0.00,5,0.5000,0.00,0.000000,0.000000,0,45.0,0.0,0.0,220.1,0
698,34900,0.00,5,0.5000,0.00,0.000000,0.000000,0,45.0,0.0,0.0,220.1,0
699,34950,0.00,5,0.5000,0.00,0.000000,0.000000,0,45.0,0.0,0.0,220.1,0
700,35000,0.00,5,0.5000,0.00,0.000000,0.000000,0,45.0,0.0,0.0,220.1,0
701,35050,0.00,5,0.5000,0.00,0.000000,0.000000,0,45.0,0.0,0.0,220.1,0
702,35100,0.00,5,0.5000,0.00,0.000000,0.000000,0,45.0,0.0,0.0,220.1,0
703,35150,0.00,5,0.5000,0.00,0.000000,0.000000,0,45.0,0.0,0.0,220.1,0
704,35200,0.00,5,0.5000,0.00,0.000000,0.000000,0,45.0,0.0,0.0,220.1,0
705,35250,0.00,5,0.5000,0.00,0.000000,0.000000,0,45.0,0.0,0.0,220.1,0
706,35300,0.00,5,0.5000,0.00,0.000000,0.000000,0,45.0,0.0,0.0,220.1,0
707,35350,0.00,5,0.5000,0.00,0.000000,0.000000,0,45.0,0.0,0.0,220.1,0
708,35400,0.00,5,0.5000,0.00,0.000000,0.000000,0,45.0,0.0,0.0,220.1,0
709,35450,0.00,5,0.5000,0.00,0.000000,0.000000,0,45.0,0.0,0.0,220.1,0
710,35500,0.00,5,0.5000,0.00,0.000000,0.000000,0,45.0,0.0,0.0,220.1,0
711,35550,0.00,5,0.5000,0.00,0.000000,0.000000,0,45.0,0.0,0.0,220.1,0
712,35600,0.00,5,0.5000,0.00,0.000000,0.000000,0,45.0,0.0,0.0,220.1,0
713,35650,0.00,5,0.5000,0.00,0.000000,0.000000,0,45.0,0.0,0.0,220.1,0
714,35700,0.00,5,0.5000,0.00,0.000000,0.000000,0,45.0,0.0,0.0,220.1,0
715,35750,0.00,5,0.5000,0.00,0.000000,0.000000,0,45.0,0.0,0.0,220.1,0
716,35800,0.00,5,0.5000,0.00,0.000000,0.000000,0,45.0,0.0,0.0,220.1,0
717,35850,0.00,5,0.5000,0.00,0.000000,0.000000,0,45.0,0.0,0.0,220.1,0
718,35900,0.00,5,0.5000,0.00,0.000000,0.000000,0,45.0,0.0,0.0,220.1,0
719,35950,0.00,5,0.5000,0.00,0.000000,0.000000,0,45.0,0.0,0.0,220.1,0
720,36000,0.00,5,0.5000,0.00,0.000000,0.000000,0,45.0,0.0,0.0,220.1,0
721,36050,0.00,5,0.5000,0.00,0.000000,0.000000,0,45.0,0.0,0.0,220.1,0
722,36100,0.00,5,0.5000,0.00,0.000000,0.000000,0,45.0,0.0,0.0,220.1,0
723,36150,0.00,5,0.5000,0.00,0.000000,0.000000,0,45.0,0.0,0.0,220.1,0
724,36200,0.00,5,0.5000,0.00,0.000000,0.000000,0,45.0,0.0,0.0,220.1,0
725,36250,0.00,5,0.5000,0.00,0.000000,0.000000,0,45.0,0.0,0.0,220.1,0
726,36300,0.00,5,0.5000,0.00,0.000000,0.000000,0,45.0,0.0,0.0,220.1,0
727,36350,0.00,5,0.5000,0.00,0.000000,0.000000,0,45.0,0.0,0.0,220.1,0
728,36400,0.00,5,0.5000,0.00,0.000000,0.000000,0,45.0,0.0,0.0,220.1,0
729,36450,0.00,5,0.5000,0.00,0.000000,0.000000,0,45.0,0.0,0.0,220.1,0
730,36500,0.00,5,0.5000,0.00,0.000000,0.000000,0,45.0,0.0,0.0,220.1,0
731,36550,0.00,5,0.5000,0.00,0.000000,0.000000,0,45.0,0.0,0.0,220.1,0
732,36600,0.00,5,0.5000,0.00,0.000000,0.000000,0,45.0,0.0,0.0,220.1,0
733,36650,0.00,5,0.5000,0.00,0.000000,0.000000,0,45.0,0.0,0.0,220.1,0
734,36700,0.00,5,0.5000,0.00,0.000000,0.000000,0,45.0,0.0,0.0,220.1,0
735,36750,0.00,5,0.5000,0.00,0.000000,0.000000,0,45.0,0.0,0.0,220.1,0
736,36800,0.00,5,0.5000,0.00,0.000000,0.000000,0,45.0,0.0,0.0,220.1,0
737,36850,0.00,5,0.5000,0.00,0.000000,0.000000,0,45.0,0.0,0.0,220.1,0
738,36900,0.00,5,0.5000,0.00,0.000000,0.000000,0,45.0,0.0,0.0,220.1,0
739,36950,0.00,5,0.5000,0.00,0.000000,0.000000,0,45.0,0.0,0.0,220.1,0
740,37000,0.00,5,0.5000,0.00,0.000000,0.000000,0,45.0,0.0,0.0,220.1,0
741,37050,0.00,5,0.5000,0.00,0.000000,0.000000,0,45.0,0.0,0.0,220.1,0
742,37100,0.00,5,0.5000,0.00,0.000000,0.000000,0,45.0,0.0,0.0,220.1,0
743,37150,0.00,5,0.5000,0.00,0.000000,0.000000,0,45.0,0.0,0.0,220.1,0
744,37200,0.00,5,0.5000,0.00,0.000000,0.000000,0,45.0,0.0,0.0,220.1,0
745,37250,0.00,5,0.5000,0.00,0.000000,0.000000,0,45.0,0.0,0.0,220.1,0
746,37300,0.00,5,0.5000,0.00,0.000000,0.000000,0,45.0,0.0,0.0,220.1,0
747,37350,0.00,5,0.5000,0.00,0.000000,0.000000,0,45.0,0.0,0.0,220.1,0
748,37400,0.00,5,0.5000,0.00,0.000000,0.000000,0,45.0,0.0,0.0,220.1,0
749,37450,0.00,5,0.5000,0.00,0.000000,0.000000,0,45.0,0.0,0.0,220.1,0
750,37500,0.00,5,0.5000,0.00,0.000000,0.000000,0,45.0,0.0,0.0,220.1,0
751,37550,0.00,5,0.5000,0.00,0.000000,0.000000,0,45.0,0.0,0.0,220.1,0
752,37600,0.00,5,0.5000,0.00,0.000000,0.000000,0,45.0,0.0,0.0,220.1,0
753,37650,0.00,5,0.5000,0.00,0.000000,0.000000,0,45.0,0.0,0.0,220.1,0
754,37700,0.00,5,0.5000,0.00,0.000000,0.000000,0,45.0,0.0,0.0,220.1,0
755,37750,0.00,5,0.5000,0.00,0.000000,0.000000,0,45.0,0.0,0.0,220.1,0
756,37800,0.00,5,0.5000,0.00,0.000000,0.000000,0,45.0,0.0,0.0,220.1,0
757,37850,0.00,5,0.5000,0.00,0.000000,0.000000,0,45.0,0.0,0.0,220.1,0
758,37900,0.00,5,0.5000,0.00,0.000000,0.000000,0,45.0,0.0,0.0,220.1,0
759,37950,0.00,5,0.5000,0.00,0.000000,0.000000,0,45.0,0.0,0.0,220.1,0
760,38000,0.00,5,0.5000,0.00,0.000000,0.000000,0,45.0,0.0,0.0,220.1,0
761,38050,0.00,5,0.5000,0.00,0.000000,0.000000,0,45.0,0.0,0.0,220.1,0
762,38100,0.00,5,0.5000,0.00,0.000000,0.000000,0,45.0,0.0,0.0,220.1,0
763,38150,0.00,5,0.5000,0.00,0.000000,0.000000,0,45.0,0.0,0.0,220.1,0
764,38200,0.00,5,0.5000,0.00,0.000000,0.000000,0,45.0,0.0,0.0,220.1,0
765,38250,0.00,5,0.5000,0.00,0.000000,0.000000,0,45.0,0.0,0.0,220.1,0
766,38300,0.00,5,0.5000,0.00,0.000000,0.000000,0,45.0,0.0,0.0,220.1,0
767,38350,0.00,5,0.5000,0.00,0.000000,0.000000,0,45.0,0.0,0.0,220.1,0
768,38400,0.00,5,0.5000,0.00,0.000000,0.000000,0,45.0,0.0,0.0,220.1,0
769,38450,0.00,5,0.5000,0.00,0.000000,0.000000,0,45.0,0.0,0.0,220.1,0
770,38500,0.00,5,0.5000,0.00,0.000000,0.000000,0,45.0,0.0,0.0,220.1,0
771,38550,0.00,5,0.5000,0.00,0.000000,0.000000,0,45.0,0.0,0.0,220.1,0
772,38600,0.00,5,0.5000,0.00,0.000000,0.000000,0,45.0,0.0,0.0,220.1,0
773,38650,0.00,5,0.5000,0.00,0.000000,0.000000,0,45.0,0.0,0.0,220.1,0
774,38700,0.00,5,0.5000,0.00,0.000000,0.000000,0,45.0,0.0,0.0,220.1,0
775,38750,0.00,5,0.5000,0.00,0.000000,0.000000,0,45.0,0.0,0.0,220.1,0
776,38800,0.00,5,0.5000,0.00,0.000000,0.000000,0,45.0,0.0,0.0,220.1,0
777,38850,0.00,5,0.5000,0.00,0.000000,0.000000,0,45.0,0.0,0.0,220.1,0
778,38900,0.00,5,0.5000,0.00,0.000000,0.000000,0,45.0,0.0,0.0,220.1,0
779,38950,0.00,5,0.5000,0.00,0.000000,0.000000,0,45.0,0.0,0.0,220.1,0
780,39000,0.00,5,0.5000,0.00,0.000000,0.000000,0,45.0,0.0,0.0,220.1,0
781,39050,0.00,5,0.5000,0.00,0.000000,0.000000,0,45.0,0.0,0.0,220.1,0
782,39100,0.00,5,0.5000,0.00,0.000000,0.000000,0,45.0,0.0,0.0,220.1,0
783,39150,0.00,5,0.5000,0.00,0.000000,0.000000,0,45.0,0.0,0.0,220.1,0
784,39200,0.00,5,0.5000,0.00,0.000000,0.000000,0,45.0,0.0,0.0,220.1,0
785,39250,0.00,5,0.5000,0.00,0.000000,0.000000,0,45.0,0.0,0.0,220.1,0
786,39300,0.00,5,0.5000,0.00,0.000000,0.000000,0,45.0,0.0,0.0,220.1,0
787,39350,0.00,5,0.5000,0.00,0.000000,0.000000,0,45.0,0.0,0.0,220.1,0
788,39400,0.00,5,0.5000,0.00,0.000000,0.000000,0,45.0,0.0,0.0,220.1,0
789,39450,0.00,5,0.5000,0.00,0.000000,0.000000,0,45.0,0.0,0.0,220.1,0
790,39500,0.00,5,0.5000,0.00,0.000000,0.000000,0,45.0,0.0,0.0,220.1,0
791,39550,0.00,5,0.5000,0.00,0.000000,0.000000,0,45.0,0.0,0.0,220.1,0
792,39600,0.00,5,0.5000,0.00,0.000000,0.000000,0,45.0,0.0,0.0,220.1,0
793,39650,0.00,5,0.5000,0.00,0.000000,0.000000,0,45.0,0.0,0.0,220.1,0
794,39700,0.00,5,0.5000,0.00,0.000000,0.000000,0,45.0,0.0,0.0,220.1,0
795,39750,0.00,5,0.5000,0.00,0.000000,0.000000,0,45.0,0.0,0.0,220.1,0
796,39800,0.00,5,0.5000,0.00,0.000000,0.000000,0,45.0,0.0,0.0,220.1,0
797,39850,0.00,5,0.5000,0.00,0.000000,0.000000,0,45.0,0.0,0.0,220.1,0
798,39900,0.00,5,0.5000,0.00,0.000000,0.000000,0,45.0,0.0,0.0,220.1,0
799,39950,0.00,5,0.5000,0.00,0.000000,0.000000,0,45.0,0.0,0.0,220.1,0
800,40000,0.00,5,0.5000,0.00,0.000000,0.000000,0,45.0,0.0,0.0,220.1,0
801,40050,0.00,5,0.5000,0.00,0.000000,0.000000,0,45.0,0.0,0.0,220.1,0
802,40100,0.00,5,0.5000,0.00,0.000000,0.000000,0,45.0,0.0,0.0,220.1,0
803,40150,0.00,5,0.5000,0.00,0.000000,0.000000,0,45.0,0.0,0.0,220.1,0
804,40200,0.00,5,0.5000,0.00,0.000000,0.000000,0,45.0,0.0,0.0,220.1,0
805,40250,0.00,5,0.5000,0.00,0.000000,0.000000,0,45.0,0.0,0.0,220.1,0
806,40300,0.00,5,0.5000,0.00,0.000000,0.000000,0,45.0,0.0,0.0,220.1,0
807,40350,0.00,5,0.5000,0.00,0.000000,0.000000,0,45.0,0.0,0.0,220.1,0
808,40400,0.00,5,0.5000,0.00,0.000000,0.000000,0,45.0,0.0,0.0,220.1,0
809,40450,0.00,5,0.5000,0.00,0.000000,0.000000,0,45.0,0.0,0.0,220.1,0
810,40500,0.00,5,0.5000,0.00,0.000000,0.000000,0,45.0,0.0,0.0,220.1,0
811,40550,0.00,5,0.5000,0.00,0.000000,0.000000,0,45.0,0.0,0.0,220.1,0
812,40600,0.00,5,0.5000,0.00,0.000000,0.000000,0,45.0,0.0,0.0,220.1,0
813,40650,0.00,5,0.5000,0.00,0.000000,0.000000,0,45.0,0.0,0.0,220.1,0
814,40700,0.00,5,0.5000,0.00,0.000000,0.000000,0,45.0,0.0,0.0,220.1,0
815,40750,0.00,5,0.5000,0.00,0.000000,0.000000,0,45.0,0.0,0.0,220.1,0
816,40800,0.00,5,0.5000,0.00,0.000000,0.000000,0,45.0,0.0,0.0,220.1,0
817,40850,0.00,5,0.5000,0.00,0.000000,0.000000,0,45.0,0.0,0.0,220.1,0
818,40900,0.00,5,0.5000,0.00,0.000000,0.000000,0,45.0,0.0,0.0,220.1,0
819,40950,0.00,5,0.5000,0.00,0.000000,0.000000,0,45.0,0.0,0.0,220.1,0
820,41000,0.00,5,0.5000,0.00,0.000000,0.000000,0,45.0,0.0,0.0,220.1,0
821,41050,0.00,5,0.5000,0.00,0.000000,0.000000,0,45.0,0.0,0.0,220.1,0
822,41100,0.00,5,0.5000,0.00,0.000000,0.000000,0,45.0,0.0,0.0,220.1,0
823,41150,0.00,5,0.5000,0.00,0.000000,0.000000,0,45.0,0.0,0.0,220.1,0
824,41200,0.00,5,0.5000,0.00,0.000000,0.000000,0,45.0,0.0,0.0,220.1,0
825,41250,0.00,5,0.5000,0.00,0.000000,0.000000,0,45.0,0.0,0.0,220.1,0
826,41300,0.00,5,0.5000,0.00,0.000000,0.000000,0,45.0,0.0,0.0,220.1,0
827,41350,0.00,5,0.5000,0.00,0.000000,0.000000,0,45.0,0.0,0.0,220.1,0
828,41400,0.00,5,0.5000,0.00,0.000000,0.000000,0,45.0,0.0,0.0,220.1,0
829,41450,0.00,5,0.5000,0.00,0.000000,0.000000,0,45.0,0.0,0.0,220.1,0
830,41500,0.00,5,0.5000,0.00,0.000000,0.000000,0,45.0,0.0,0.0,220.1,0
831,41550,0.00,5,0.5000,0.00,0.000000,0.000000,0,45.0,0.0,0.0,220.1,0
832,41600,0.00,5,0.5000,0.00,0.000000,0.000000,0,45.0,0.0,0.0,220.1,0
833,41650,0.00,5,0.5000,0.00,0.000000,0.000000,0,45.0,0.0,0.0,220.1,0
834,41700,0.00,5,0.5000,0.00,0.000000,0.000000,0,45.0,0.0,0.0,220.1,0
835,41750,0.00,5,0.5000,0.00,0.000000,0.000000,0,45.0,0.0,0.0,220.1,0
836,41800,0.00,5,0.5000,0.00,0.000000,0.000000,0,45.0,0.0,0.0,220.1,0
837,41850,0.00,5,0.5000,0.00,0.000000,0.000000,0,45.0,0.0,0.0,220.1,0
838,41900,0.00,5,0.5000,0.00,0.000000,0.000000,0,45.0,0.0,0.0,220.1,0
839,41950,0.00,5,0.5000,0.00,0.000000,0.000000,0,45.0,0.0,0.0,220.1,0
840,42000,0.00,5,0.5000,0.00,0.000000,0.000000,0,45.0,0.0,0.0,220.1,0
841,42050,0.00,5,0.5000,0.00,0.000000,0.000000,0,45.0,0.0,0.0,220.1,0
842,42100,0.00,5,0.5000,0.00,0.000000,0.000000,0,45.0,0.0,0.0,220.1,0
843,42150,0.00,5,0.5000,0.00,0.000000,0.000000,0,45.0,0.0,0.0,220.1,0
844,42200,0.00,5,0.5000,0.00,0.000000,0.000000,0,45.0,0.0,0.0,220.1,0
845,42250,0.00,5,0.5000,0.00,0.000000,0.000000,0,45.0,0.0,0.0,220.1,0
846,42300,0.00,5,0.5000,0.00,0.000000,0.000000,0,45.0,0.0,0.0,220.1,0
847,42350,0.00,5,0.5000,0.00,0.000000,0.000000,0,45.0,0.0,0.0,220.1,0
848,42400,0.00,5,0.5000,0.00,0.000000,0.000000,0,45.0,0.0,0.0,220.1,0
849,42450,0.00,5,0.5000,0.00,0.000000,0.000000,0,45.0,0.0,0.0,220.1,0
850,42500,0.00,5,0.5000,0.00,0.000000,0.000000,0,45.0,0.0,0.0,220.1,0
851,42550,0.00,5,0.5000,0.00,0.000000,0.000000,0,45.0,0.0,0.0,220.1,0
852,42600,0.00,5,0.5000,0.00,0.000000,0.000000,0,45.0,0.0,0.0,220.1,0
853,42650,0.00,5,0.5000,0.00,0.000000,0.000000,0,45.0,0.0,0.0,220.1,0
854,42700,0.00,5,0.5000,0.00,0.000000,0.000000,0,45.0,0.0,0.0,220.1,0
855,42750,0.00,5,0.5000,0.00,0.000000,0.000000,0,45.0,0.0,0.0,220.1,0
856,42800,0.00,5,0.5000,0.00,0.000000,0.000000,0,45.0,0.0,0.0,220.1,0
857,42850,0.00,5,0.5000,0.00,0.000000,0.000000,0,45.0,0.0,0.0,220.1,0
858,42900,0.00,5,0.5000,0.00,0.000000,0.000000,0,45.0,0.0,0.0,220.1,0
859,42950,0.00,5,0.5000,0.00,0.000000,0.000000,0,45.0,0.0,0.0,220.1,0
860,43000,0.00,5,0.5000,0.00,0.000000,0.000000,0,45.0,0.0,0.0,220.1,0
861,43050,0.00,5,0.5000,0.00,0.000000,0.000000,0,45.0,0.0,0.0,220.1,0
862,43100,0.00,5,0.5000,0.00,0.000000,0.000000,0,45.0,0.0,0.0,220.1,0
863,43150,0.00,5,0.5000,0.00,0.000000,0.000000,0,45.0,0.0,0.0,220.1,0
864,43200,0.00,5,0.5000,0.00,0.000000,0.000000,0,45.0,0.0,0.0,220.1,0
865,43250,0.00,5,0.5000,0.00,0.000000,0.000000,0,45.0,0.0,0.0,220.1,0
866,43300,0.00,5,0.5000,0.00,0.000000,0.000000,0,45.0,0.0,0.0,220.1,0
867,43350,0.00,5,0.5000,0.00,0.000000,0.000000,0,45.0,0.0,0.0,220.1,0
868,43400,0.00,5,0.5000,0.00,0.000000,0.000000,0,45.0,0.0,0.0,220.1,0
869,43450,0.00,5,0.5000,0.00,0.000000,0.000000,0,45.0,0.0,0.0,220.1,0
870,43500,0.00,5,0.5000,0.00,0.000000,0.000000,0,45.0,0.0,0.0,220.1,0
871,43550,0.00,5,0.5000,0.00,0.000000,0.000000,0,45.0,0.0,0.0,220.1,0
872,43600,0.00,5,0.5000,0.00,0.000000,0.000000,0,45.0,0.0,0.0,220.1,0
873,43650,0.00,5,0.5000,0.00,0.000000,0.000000,0,45.0,0.0,0.0,220.1,0
874,43700,0.00,5,0.5000,0.00,0.000000,0.000000,0,45.0,0.0,0.0,220.1,0
875,43750,0.00,5,0.5000,0.00,0.000000,0.000000,0,45.0,0.0,0.0,220.1,0
876,43800,0.00,5,0.5000,0.00,0.000000,0.000000,0,45.0,0.0,0.0,220.1,0
877,43850,0.00,5,0.5000,0.00,0.000000,0.000000,0,45.0,0.0,0.0,220.1,0
878,43900,0.00,5,0.5000,0.00,0.000000,0.000000,0,45.0,0.0,0.0,220.1,0
879,43950,0.00,5,0.5000,0.00,0.000000,0.000000,0,45.0,0.0,0.0,220.1,0
880,44000,0.00,5,0.5000,0.00,0.000000,0.000000,0,45.0,0.0,0.0,220.1,0
881,44050,0.00,5,0.5000,0.00,0.000000,0.000000,0,45.0,0.0,0.0,220.1,0
882,44100,0.00,5,0.5000,0.00,0.000000,0.000000,0,45.0,0.0,0.0,220.1,0
883,44150,0.00,5,0.5000,0.00,0.000000,0.000000,0,45.0,0.0,0.0,220.1,0
884,44200,0.00,5,0.5000,0.00,0.000000,0.000000,0,45.0,0.0,0.0,220.1,0
885,44250,0.00,5,0.5000,0.00,0.000000,0.000000,0,45.0,0.0,0.0,220.1,0
886,44300,0.00,5,0.5000,0.00,0.000000,0.000000,0,45.0,0.0,0.0,220.1,0
887,44350,0.00,5,0.5000,0.00,0.000000,0.000000,0,45.0,0.0,0.0,220.1,0
888,44400,0.00,5,0.5000,0.00,0.000000,0.000000,0,45.0,0.0,0.0,220.1,0
889,44450,0.00,5,0.5000,0.00,0.000000,0.000000,0,45.0,0.0,0.0,220.1,0
890,44500,0.00,5,0.5000,0.00,0.000000,0.000000,0,45.0,0.0,0.0,220.1,0
891,44550,0.00,5,0.5000,0.00,0.000000,0.000000,0,45.0,0.0,0.0,220.1,0
892,44600,0.00,5,0.5000,0.00,0.000000,0.000000,0,45.0,0.0,0.0,220.1,0
893,44650,0.00,5,0.5000,0.00,0.000000,0.000000,0,45.0,0.0,0.0,220.1,0
894,44700,0.00,5,0.5000,0.00,0.000000,0.000000,0,45.0,0.0,0.0,220.1,0
895,44750,0.00,5,0.5000,0.00,0.000000,0.000000,0,45.0,0.0,0.0,220.1,0
896,44800,0.00,5,0.5000,0.00,0.000000,0.000000,0,45.0,0.0,0.0,220.1,0
897,44850,0.00,5,0.5000,0.00,0.000000,0.000000,0,45.0,0.0,0.0,220.1,0
898,44900,0.00,5,0.5000,0.00,0.000000,0.000000,0,45.0,0.0,0.0,220.1,0
899,44950,0.00,5,0.5000,0.00,0.000000,0.000000,0,45.0,0.0,0.0,220.1,0
900,45000,0.00,5,0.5000,0.00,0.000000,0.000000,0,45.0,0.0,0.0,220.1,0
901,45050,0.00,5,0.5000,0.00,0.000000,0.000000,0,45.0,0.0,0.0,220.1,0
902,45100,0.00,5,0.5000,0.00,0.000000,0.000000,0,45.0,0.0,0.0,220.1,0
903,45150,0.00,5,0.5000,0.00,0.000000,0.000000,0,45.0,0.0,0.0,220.1,0
904,45200,0.00,5,0.5000,0.00,0.000000,0.000000,0,45.0,0.0,0.0,220.1,0
905,45250,0.00,5,0.5000,0.00,0.000000,0.000000,0,45.0,0.0,0.0,220.1,0
906,45300,0.00,5,0.5000,0.00,0.000000,0.000000,0,45.0,0.0,0.0,220.1,0
907,45350,0.00,5,0.5000,0.00,0.000000,0.000000,0,45.0,0.0,0.0,220.1,0
908,45400,0.00,5,0.5000,0.00,0.000000,0.000000,0,45.0,0.0,0.0,220.1,0
909,45450,0.00,5,0.5000,0.00,0.000000,0.000000,0,45.0,0.0,0.0,220.1,0
910,45500,0.00,5,0.5000,0.00,0.000000,0.000000,0,45.0,0.0,0.0,220.1,0
911,45550,0.00,5,0.5000,0.00,0.000000,0.000000,0,45.0,0.0,0.0,220.1,0
912,45600,0.00,5,0.5000,0.00,0.000000,0.000000,0,45.0,0.0,0.0,220.1,0
913,45650,0.00,5,0.5000,0.00,0.000000,0.000000,0,45.0,0.0,0.0,220.1,0
914,45700,0.00,5,0.5000,0.00,0.000000,0.000000,0,45.0,0.0,0.0,220.1,0
915,45750,0.00,5,0.5000,0.00,0.000000,0.000000,0,45.0,0.0,0.0,220.1,0
916,45800,0.00,5,0.5000,0.00,0.000000,0.000000,0,45.0,0.0,0.0,220.1,0
917,45850,0.00,5,0.5000,0.00,0.000000,0.000000,0,45.0,0.0,0.0,220.1,0
918,45900,0.00,5,0.5000,0.00,0.000000,0.000000,0,45.0,0.0,0.0,220.1,0
919,45950,0.00,5,0.5000,0.00,0.000000,0.000000,0,45.0,0.0,0.0,220.1,0
920,46000,0.00,5,0.5000,0.00,0.000000,0.000000,0,45.0,0.0,0.0,220.1,0
921,46050,0.00,5,0.5000,0.00,0.000000,0.000000,0,45.0,0.0,0.0,220.1,0
922,46100,0.00,5,0.5000,0.00,0.000000,0.000000,0,45.0,0.0,0.0,220.1,0
923,46150,0.00,5,0.5000,0.00,0.000000,0.000000,0,45.0,0.0,0.0,220.1,0
924,46200,0.00,5,0.5000,0.00,0.000000,0.000000,0,45.0,0.0,0.0,220.1,0
925,46250,0.00,5,0.5000,0.00,0.000000,0.000000,0,45.0,0.0,0.0,220.1,0
926,46300,0.00,5,0.5000,0.00,0.000000,0.000000,0,45.0,0.0,0.0,220.1,0
927,46350,0.00,5,0.5000,0.00,0.000000,0.000000,0,45.0,0.0,0.0,220.1,0
928,46400,0.00,5,0.5000,0.00,0.000000,0.000000,0,45.0,0.0,0.0,220.1,0
929,46450,0.00,5,0.5000,0.00,0.000000,0.000000,0,45.0,0.0,0.0,220.1,0
930,46500,0.00,5,0.5000,0.00,0.000000,0.000000,0,45.0,0.0,0.0,220.1,0
931,46550,0.00,5,0.5000,0.00,0.000000,0.000000,0,45.0,0.0,0.0,220.1,0
932,46600,0.00,5,0.5000,0.00,0.000000,0.000000,0,45.0,0.0,0.0,220.1,0
933,46650,0.00,5,0.5000,0.00,0.000000,0.000000,0,45.0,0.0,0.0,220.1,0
934,46700,0.00,5,0.5000,0.00,0.000000,0.000000,0,45.0,0.0,0.0,220.1,0
935,46750,0.00,5,0.5000,0.00,0.000000,0.000000,0,45.0,0.0,0.0,220.1,0
936,46800,0.00,5,0.5000,0.00,0.000000,0.000000,0,45.0,0.0,0.0,220.1,0
937,46850,0.00,5,0.5000,0.00,0.000000,0.000000,0,45.0,0.0,0.0,220.1,0
938,46900,0.00,5,0.5000,0.00,0.000000,0.000000,0,45.0,0.0,0.0,220.1,0
939,46950,0.00,5,0.5000,0.00,0.000000,0.000000,0,45.0,0.0,0.0,220.1,0
940,47000,0.00,5,0.5000,0.00,0.000000,0.000000,0,45.0,0.0,0.0,220.1,0
941,47050,0.00,5,0.5000,0.00,0.000000,0.000000,0,45.0,0.0,0.0,220.1,0
942,47100,0.00,5,0.5000,0.00,0.000000,0.000000,0,45.0,0.0,0.0,220.1,0
943,47150,0.00,5,0.5000,0.00,0.000000,0.000000,0,45.0,0.0,0.0,220.1,0
944,47200,0.00,5,0.5000,0.00,0.000000,0.000000,0,45.0,0.0,0.0,220.1,0
945,47250,0.00,5,0.5000,0.00,0.000000,0.000000,0,45.0,0.0,0.0,220.1,0
946,47300,0.00,5,0.5000,0.00,0.000000,0.000000,0,45.0,0.0,0.0,220.1,0
947,47350,0.00,5,0.5000,0.00,0.000000,0.000000,0,45.0,0.0,0.0,220.1,0
948,47400,0.00,5,0.5000,0.00,0.000000,0.000000,0,45.0,0.0,0.0,220.1,0
949,47450,0.00,5,0.5000,0.00,0.000000,0.000000,0,45.0,0.0,0.0,220.1,0
950,47500,0.00,5,0.5000,0.00,0.000000,0.000000,0,45.0,0.0,0.0,220.1,0
951,47550,0.00,5,0.5000,0.00,0.000000,0.000000,0,45.0,0.0,0.0,220.1,0
952,47600,0.00,5,0.5000,0.00,0.000000,0.000000,0,45.0,0.0,0.0,220.1,0
953,47650,0.00,5,0.5000,0.00,0.000000,0.000000,0,45.0,0.0,0.0,220.1,0
954,47700,0.00,5,0.5000,0.00,0.000000,0.000000,0,45.0,0.0,0.0,220.1,0
955,47750,0.00,5,0.5000,0.00,0.000000,0.000000,0,45.0,0.0,0.0,220.1,0
956,47800,0.00,5,0.5000,0.00,0.000000,0.000000,0,45.0,0.0,0.0,220.1,0
957,47850,0.00,5,0.5000,0.00,0.000000,0.000000,0,45.0,0.0,0.0,220.1,0
958,47900,0.00,5,0.5000,0.00,0.000000,0.000000,0,45.0,0.0,0.0,220.1,0
959,47950,0.00,5,0.5000,0.00,0.000000,0.000000,0,45.0,0.0,0.0,220.1,0
960,48000,0.00,5,0.5000,0.00,0.000000,0.000000,0,45.0,0.0,0.0,220.1,0
961,48050,0.00,5,0.5000,0.00,0.000000,0.000000,0,45.0,0.0,0.0,220.1,0
962,48100,0.00,5,0.5000,0.00,0.000000,0.000000,0,45.0,0.0,0.0,220.1,0
963,48150,0.00,5,0.5000,0.00,0.000000,0.000000,0,45.0,0.0,0.0,220.1,0
964,48200,0.00,5,0.5000,0.00,0.000000,0.000000,0,45.0,0.0,0.0,220.1,0
965,48250,0.00,5,0.5000,0.00,0.000000,0.000000,0,45.0,0.0,0.0,220.1,0
966,48300,0.00,5,0.5000,0.00,0.000000,0.000000,0,45.0,0.0,0.0,220.1,0
967,48350,0.00,5,0.5000,0.00,0.000000,0.000000,0,45.0,0.0,0.0,220.1,0
968,48400,0.00,5,0.5000,0.00,0.000000,0.000000,0,45.0,0.0,0.0,220.1,0
969,48450,0.00,5,0.5000,0.00,0.000000,0.000000,0,45.0,0.0,0.0,220.1,0
970,48500,0.00,5,0.5000,0.00,0.000000,0.000000,0,45.0,0.0,0.0,220.1,0
971,48550,0.00,5,0.5000,0.00,0.000000,0.000000,0,45.0,0.0,0.0,220.1,0
972,48600,0.00,5,0.5000,0.00,0.000000,0.000000,0,45.0,0.0,0.0,220.1,0
973,48650,0.00,5,0.5000,0.00,0.000000,0.000000,0,45.0,0.0,0.0,220.1,0
974,48700,0.00,5,0.5000,0.00,0.000000,0.000000,0,45.0,0.0,0.0,220.1,0
975,48750,0.00,5,0.5000,0.00,0.000000,0.000000,0,45.0,0.0,0.0,220.1,0
976,48800,0.00,5,0.5000,0.00,0.000000,0.000000,0,45.0,0.0,0.0,220.1,0
977,48850,0.00,5,0.5000,0.00,0.000000,0.000000,0,45.0,0.0,0.0,220.1,0
978,48900,0.00,5,0.5000,0.00,0.000000,0.000000,0,45.0,0.0,0.0,220.1,0
979,48950,0.00,5,0.5000,0.00,0.000000,0.000000,0,45.0,0.0,0.0,220.1,0
980,49000,0.00,5,0.5000,0.00,0.000000,0.000000,0,45.0,0.0,0.0,220.1,0
981,49050,0.00,5,0.5000,0.00,0.000000,0.000000,0,45.0,0.0,0.0,220.1,0
982,49100,0.00,5,0.5000,0.00,0.000000,0.000000,0,45.0,0.0,0.0,220.1,0
983,49150,0.00,5,0.5000,0.00,0.000000,0.000000,0,45.0,0.0,0.0,220.1,0
984,49200,0.00,5,0.5000,0.00,0.000000,0.000000,0,45.0,0.0,0.0,220.1,0
985,49250,0.00,5,0.5000,0.00,0.000000,0.000000,0,45.0,0.0,0.0,220.1,0
986,49300,0.00,5,0.5000,0.00,0.000000,0.000000,0,45.0,0.0,0.0,220.1,0
987,49350,0.00,5,0.5000,0.00,0.000000,0.000000,0,45.0,0.0,0.0,220.1,0
988,49400,0.00,5,0.5000,0.00,0.000000,0.000000,0,45.0,0.0,0.0,220.1,0
989,49450,0.00,5,0.5000,0.00,0.000000,0.000000,0,45.0,0.0,0.0,220.1,0
990,49500,0.00,5,0.5000,0.00,0.000000,0.000000,0,45.0,0.0,0.0,220.1,0
991,49550,0.00,5,0.5000,0.00,0.000000,0.000000,0,45.0,0.0,0.0,220.1,0
992,49600,0.00,5,0.5000,0.00,0.000000,0.000000,0,45.0,0.0,0.0,220.1,0
993,49650,0.00,5,0.5000,0.00,0.000000,0.000000,0,45.0,0.0,0.0,220.1,0
994,49700,0.00,5,0.5000,0.00,0.000000,0.000000,0,45.0,0.0,0.0,220.1,0
995,49750,0.00,5,0.5000,0.00,0.000000,0.000000,0,45.0,0.0,0.0,220.1,0
996,49800,0.00,5,0.5000,0.00,0.000000,0.000000,0,45.0,0.0,0.0,220.1,0
997,49850,0.00,5,0.5000,0.00,0.000000,0.000000,0,45.0,0.0,0.0,220.1,0
998,49900,0.00,5,0.5000,0.00,0.000000,0.000000,0,45.0,0.0,0.0,220.1,0
999,49950,0.00,5,0.5000,0.00,0.000000,0.000000,0,45.0,0.0,0.0,220.1,0
1000,50000,0.00,5,0.5000,0.00,0.000000,0.000000,0,45.0,0.0,0.0,220.1,0
1001,50050,0.00,5,0.5000,0.00,0.000000,0.000000,0,45.0,0.0,0.0,220.1,0
1002,50100,0.00,5,0.5000,0.00,0.000000,0.000000,0,45.0,0.0,0.0,220.1,0
1003,50150,0.00,5,0.5000,0.00,0.000000,0.000000,0,45.0,0.0,0.0,220.1,0
1004,50200,0.00,5,0.5000,0.00,0.000000,0.000000,0,45.0,0.0,0.0,220.1,0
1005,50250,0.00,5,0.5000,0.00,0.000000,0.000000,0,45.0,0.0,0.0,220.1,0
1006,50300,0.00,5,0.5000,0.00,0.000000,0.000000,0,45.0,0.0,0.0,220.1,0
1007,50350,0.00,5,0.5000,0.00,0.000000,0.000000,0,45.0,0.0,0.0,220.1,0
1008,50400,0.00,5,0.5000,0.00,0.000000,0.000000,0,45.0,0.0,0.0,220.1,0
1009,50450,0.00,5,0.5000,0.00,0.000000,0.000000,0,45.0,0.0,0.0,220.1,0
1010,50500,0.00,5,0.5000,0.00,0.000000,0.000000,0,45.0,0.0,0.0,220.1,0
1011,50550,0.00,5,0.5000,0.00,0.000000,0.000000,0,45.0,0.0,0.0,220.1,0
1012,50600,0.00,5,0.5000,0.00,0.000000,0.000000,0,45.0,0.0,0.0,220.1,0
1013,50650,0.00,5,0.5000,0.00,0.000000,0.000000,0,45.0,0.0,0.0,220.1,0
1014,50700,0.00,5,0.5000,0.00,0.000000,0.000000,0,45.0,0.0,0.0,220.1,0
1015,50750,0.00,5,0.5000,0.00,0.000000,0.000000,0,45.0,0.0,0.0,220.1,0
1016,50800,0.00,5,0.5000,0.00,0.000000,0.000000,0,45.0,0.0,0.0,220.1,0
1017,50850,0.00,5,0.5000,0.00,0.000000,0.000000,0,45.0,0.0,0.0,220.1,0
1018,50900,0.00,5,0.5000,0.00,0.000000,0.000000,0,45.0,0.0,0.0,220.1,0
1019,50950,0.00,5,0.5000,0.00,0.000000,0.000000,0,45.0,0.0,0.0,220.1,0
1020,51000,0.00,5,0.5000,0.00,0.000000,0.000000,0,45.0,0.0,0.0,220.1,0
1021,51050,0.00,5,0.5000,0.00,0.000000,0.000000,0,45.0,0.0,0.0,220.1,0
1022,51100,0.00,5,0.5000,0.00,0.000000,0.000000,0,45.0,0.0,0.0,220.1,0
1023,51150,0.00,5,0.5000,0.00,0.000000,0.000000,0,45.0,0.0,0.0,220.1,0
1024,51200,0.00,5,0.5000,0.00,0.000000,0.000000,0,45.0,0.0,0.0,220.1,0
1025,51250,0.00,5,0.5000,0.00,0.000000,0.000000,0,45.0,0.0,0.0,220.1,0
1026,51300,0.00,5,0.5000,0.00,0.000000,0.000000,0,45.0,0.0,0.0,220.1,0
1027,51350,0.00,5,0.5000,0.00,0.000000,0.000000,0,45.0,0.0,0.0,220.1,0
1028,51400,0.00,5,0.5000,0.00,0.000000,0.000000,0,45.0,0.0,0.0,220.1,0
1029,51450,0.00,5,0.5000,0.00,0.000000,0.000000,0,45.0,0.0,0.0,220.1,0
1030,51500,0.00,5,0.5000,0.00,0.000000,0.000000,0,45.0,0.0,0.0,220.1,0
1031,51550,0.00,5,0.5000,0.00,0.000000,0.000000,0,45.0,0.0,0.0,220.1,0
1032,51600,0.00,5,0.5000,0.00,0.000000,0.000000,0,45.0,0.0,0.0,220.1,0
1033,51650,0.00,5,0.5000,0.00,0.000000,0.000000,0,45.0,0.0,0.0,220.1,0
1034,51700,0.00,5,0.5000,0.00,0.000000,0.000000,0,45.0,0.0,0.0,220.1,0
1035,51750,0.00,5,0.5000,0.00,0.000000,0.000000,0,45.0,0.0,0.0,220.1,0
1036,51800,0.00,5,0.5000,0.00,0.000000,0.000000,0,45.0,0.0,0.0,220.1,0
1037,51850,0.00,5,0.5000,0.00,0.000000,0.000000,0,45.0,0.0,0.0,220.1,0
1038,51900,0.00,5,0.5000,0.00,0.000000,0.000000,0,45.0,0.0,0.0,220.1,0
1039,51950,0.00,5,0.5000,0.00,0.000000,0.000000,0,45.0,0.0,0.0,220.1,0
1040,52000,0.00,5,0.5000,0.00,0.000000,0.000000,0,45.0,0.0,0.0,220.1,0
1041,52050,0.00,5,0.5000,0.00,0.000000,0.000000,0,45.0,0.0,0.0,220.1,0
1042,52100,0.00,5,0.5000,0.00,0.000000,0.000000,0,45.0,0.0,0.0,220.1,0
1043,52150,0.00,5,0.5000,0.00,0.000000,0.000000,0,45.0,0.0,0.0,220.1,0
1044,52200,0.00,5,0.5000,0.00,0.000000,0.000000,0,45.0,0.0,0.0,220.1,0
1045,52250,0.00,5,0.5000,0.00,0.000000,0.000000,0,45.0,0.0,0.0,220.1,0
1046,52300,0.00,5,0.5000,0.00,0.000000,0.000000,0,45.0,0.0,0.0,220.1,0
1047,52350,0.00,5,0.5000,0.00,0.000000,0.000000,0,45.0,0.0,0.0,220.1,0
1048,52400,0.00,5,0.5000,0.00,0.000000,0.000000,0,45.0,0.0,0.0,220.1,0
1049,52450,0.00,5,0.5000,0.00,0.000000,0.000000,0,45.0,0.0,0.0,220.1,0
1050,52500,0.00,5,0.5000,0.00,0.000000,0.000000,0,45.0,0.0,0.0,220.1,0
1051,52550,0.00,5,0.5000,0.00,0.000000,0.000000,0,45.0,0.0,0.0,220.1,0
1052,52600,0.00,5,0.5000,0.00,0.000000,0.000000,0,45.0,0.0,0.0,220.1,0
1053,52650,0.00,5,0.5000,0.00,0.000000,0.000000,0,45.0,0.0,0.0,220.1,0
1054,52700,0.00,5,0.5000,0.00,0.000000,0.000000,0,45.0,0.0,0.0,220.1,0
1055,52750,0.00,5,0.5000,0.00,0.000000,0.000000,0,45.0,0.0,0.0,220.1,0
1056,52800,0.00,5,0.5000,0.00,0.000000,0.000000,0,45.0,0.0,0.0,220.1,0
1057,52850,0.00,5,0.5000,0.00,0.000000,0.000000,0,45.0,0.0,0.0,220.1,0
1058,52900,0.00,5,0.5000,0.00,0.000000,0.000000,0,45.0,0.0,0.0,220.1,0
1059,52950,0.00,5,0.5000,0.00,0.000000,0.000000,0,45.0,0.0,0.0,220.1,0
1060,53000,0.00,5,0.5000,0.00,0.000000,0.000000,0,45.0,0.0,0.0,220.1,0
1061,53050,0.00,5,0.5000,0.00,0.000000,0.000000,0,45.0,0.0,0.0,220.1,0
1062,53100,0.00,5,0.5000,0.00,0.000000,0.000000,0,45.0,0.0,0.0,220.1,0
1063,53150,0.00,5,0.5000,0.00,0.000000,0.000000,0,45.0,0.0,0.0,220.1,0
1064,53200,0.00,5,0.5000,0.00,0.000000,0.000000,0,45.0,0.0,0.0,220.1,0
1065,53250,0.00,5,0.5000,0.00,0.000000,0.000000,0,45.0,0.0,0.0,220.1,0
1066,53300,0.00,5,0.5000,0.00,0.000000,0.000000,0,45.0,0.0,0.0,220.1,0
1067,53350,0.00,5,0.5000,0.00,0.000000,0.000000,0,45.0,0.0,0.0,220.1,0
1068,53400,0.00,5,0.5000,0.00,0.000000,0.000000,0,45.0,0.0,0.0,220.1,0
1069,53450,0.00,5,0.5000,0.00,0.000000,0.000000,0,45.0,0.0,0.0,220.1,0
1070,53500,0.00,5,0.5000,0.00,0.000000,0.000000,0,45.0,0.0,0.0,220.1,0
1071,53550,0.00,5,0.5000,0.00,0.000000,0.000000,0,45.0,0.0,0.0,220.1,0
1072,53600,0.00,5,0.5000,0.00,0.000000,0.000000,0,45.0,0.0,0.0,220.1,0
1073,53650,0.00,5,0.5000,0.00,0.000000,0.000000,0,45.0,0.0,0.0,220.1,0
1074,53700,0.00,5,0.5000,0.00,0.000000,0.000000,0,45.0,0.0,0.0,220.1,0
1075,53750,0.00,5,0.5000,0.00,0.000000,0.000000,0,45.0,0.0,0.0,220.1,0
1076,53800,0.00,5,0.5000,0.00,0.000000,0.000000,0,45.0,0.0,0.0,220.1,0
1077,53850,0.00,5,0.5000,0.00,0.000000,0.000000,0,45.0,0.0,0.0,220.1,0
1078,53900,0.00,5,0.5000,0.00,0.000000,0.000000,0,45.0,0.0,0.0,220.1,0
1079,53950,0.00,5,0.5000,0.00,0.000000,0.000000,0,45.0,0.0,0.0,220.1,0
1080,54000,0.00,5,0.5000,0.00,0.000000,0.000000,0,45.0,0.0,0.0,220.1,0
1081,54050,0.00,5,0.5000,0.00,0.000000,0.000000,0,45.0,0.0,0.0,220.1,0
1082,54100,0.00,5,0.5000,0.00,0.000000,0.000000,0,45.0,0.0,0.0,220.1,0
1083,54150,0.00,5,0.5000,0.00,0.000000,0.000000,0,45.0,0.0,0.0,220.1,0
1084,54200,0.00,5,0.5000,0.00,0.000000,0.000000,0,45.0,0.0,0.0,220.1,0
1085,54250,0.00,5,0.5000,0.00,0.000000,0.000000,0,45.0,0.0,0.0,220.1,0
1086,54300,0.00,5,0.5000,0.00,0.000000,0.000000,0,45.0,0.0,0.0,220.1,0
1087,54350,0.00,5,0.5000,0.00,0.000000,0.000000,0,45.0,0.0,0.0,220.1,0
1088,54400,0.00,5,0.5000,0.00,0.000000,0.000000,0,45.0,0.0,0.0,220.1,0
1089,54450,0.00,5,0.5000,0.00,0.000000,0.000000,0,45.0,0.0,0.0,220.1,0
1090,54500,0.00,5,0.5000,0.00,0.000000,0.000000,0,45.0,0.0,0.0,220.1,0
1091,54550,0.00,5,0.5000,0.00,0.000000,0.000000,0,45.0,0.0,0.0,220.1,0
1092,54600,0.00,5,0.5000,0.00,0.000000,0.000000,0,45.0,0.0,0.0,220.1,0
1093,54650,0.00,5,0.5000,0.00,0.000000,0.000000,0,45.0,0.0,0.0,220.1,0
1094,54700,0.00,5,0.5000,0.00,0.000000,0.000000,0,45.0,0.0,0.0,220.1,0
1095,54750,0.00,5,0.5000,0.00,0.000000,0.000000,0,45.0,0.0,0.0,220.1,0
1096,54800,0.00,5,0.5000,0.00,0.000000,0.000000,0,45.0,0.0,0.0,220.1,0
1097,54850,0.00,5,0.5000,0.00,0.000000,0.000000,0,45.0,0.0,0.0,220.1,0
1098,54900,0.00,5,0.5000,0.00,0.000000,0.000000,0,45.0,0.0,0.0,220.1,0
1099,54950,0.00,5,0.5000,0.00,0.000000,0.000000,0,45.0,0.0,0.0,220.1,0
1100,55000,0.00,5,0.5000,0.00,0.000000,0.000000,0,45.0,0.0,0.0,220.1,0
1101,55050,0.00,5,0.5000,0.00,0.000000,0.000000,0,45.0,0.0,0.0,220.1,0
1102,55100,0.00,5,0.5000,0.00,0.000000,0.000000,0,45.0,0.0,0.0,220.1,0
1103,55150,0.00,5,0.5000,0.00,0.000000,0.000000,0,45.0,0.0,0.0,220.1,0
1104,55200,0.00,5,0.5000,0.00,0.000000,0.000000,0,45.0,0.0,0.0,220.1,0
1105,55250,0.00,5,0.5000,0.00,0.000000,0.000000,0,45.0,0.0,0.0,220.1,0
1106,55300,0.00,5,0.5000,0.00,0.000000,0.000000,0,45.0,0.0,0.0,220.1,0
1107,55350,0.00,5,0.5000,0.00,0.000000,0.000000,0,45.0,0.0,0.0,220.1,0
1108,55400,0.00,5,0.5000,0.00,0.000000,0.000000,0,45.0,0.0,0.0,220.1,0
1109,55450,0.00,5,0.5000,0.00,0.000000,0.000000,0,45.0,0.0,0.0,220.1,0
1110,55500,0.00,5,0.5000,0.00,0.000000,0.000000,0,45.0,0.0,0.0,220.1,0
1111,55550,0.00,5,0.5000,0.00,0.000000,0.000000,0,45.0,0.0,0.0,220.1,0
1112,55600,0.00,5,0.5000,0.00,0.000000,0.000000,0,45.0,0.0,0.0,220.1,0
1113,55650,0.00,5,0.5000,0.00,0.000000,0.000000,0,45.0,0.0,0.0,220.1,0
1114,55700,0.00,5,0.5000,0.00,0.000000,0.000000,0,45.0,0.0,0.0,220.1,0
1115,55750,0.00,5,0.5000,0.00,0.000000,0.000000,0,45.0,0.0,0.0,220.1,0
1116,55800,0.00,5,0.5000,0.00,0.000000,0.000000,0,45.0,0.0,0.0,220.1,0
1117,55850,0.00,5,0.5000,0.00,0.000000,0.000000,0,45.0,0.0,0.0,220.1,0
1118,55900,0.00,5,0.5000,0.00,0.000000,0.000000,0,45.0,0.0,0.0,220.1,0
1119,55950,0.00,5,0.5000,0.00,0.000000,0.000000,0,45.0,0.0,0.0,220.1,0
1120,56000,0.00,5,0.5000,0.00,0.000000,0.000000,0,45.0,0.0,0.0,220.1,0
1121,56050,0.00,5,0.5000,0.00,0.000000,0.000000,0,45.0,0.0,0.0,220.1,0
1122,56100,0.00,5,0.5000,0.00,0.000000,0.000000,0,45.0,0.0,0.0,220.1,0
1123,56150,0.00,5,0.5000,0.00,0.000000,0.000000,0,45.0,0.0,0.0,220.1,0
1124,56200,0.00,5,0.5000,0.00,0.000000,0.000000,0,45.0,0.0,0.0,220.1,0
1125,56250,0.00,5,0.5000,0.00,0.000000,0.000000,0,45.0,0.0,0.0,220.1,0
1126,56300,0.00,5,0.5000,0.00,0.000000,0.000000,0,45.0,0.0,0.0,220.1,0
1127,56350,0.00,5,0.5000,0.00,0.000000,0.000000,0,45.0,0.0,0.0,220.1,0
1128,56400,0.00,5,0.5000,0.00,0.000000,0.000000,0,45.0,0.0,0.0,220.1,0
1129,56450,0.00,5,0.5000,0.00,0.000000,0.000000,0,45.0,0.0,0.0,220.1,0
1130,56500,0.00,5,0.5000,0.00,0.000000,0.000000,0,45.0,0.0,0.0,220.1,0
1131,56550,0.00,5,0.5000,0.00,0.000000,0.000000,0,45.0,0.0,0.0,220.1,0
1132,56600,0.00,5,0.5000,0.00,0.000000,0.000000,0,45.0,0.0,0.0,220.1,0
1133,56650,0.00,5,0.5000,0.00,0.000000,0.000000,0,45.0,0.0,0.0,220.1,0
1134,56700,0.00,5,0.5000,0.00,0.000000,0.000000,0,45.0,0.0,0.0,220.1,0
1135,56750,0.00,5,0.5000,0.00,0.000000,0.000000,0,45.0,0.0,0.0,220.1,0
1136,56800,0.00,5,0.5000,0.00,0.000000,0.000000,0,45.0,0.0,0.0,220.1,0
1137,56850,0.00,5,0.5000,0.00,0.000000,0.000000,0,45.0,0.0,0.0,220.1,0
1138,56900,0.00,5,0.5000,0.00,0.000000,0.000000,0,45.0,0.0,0.0,220.1,0
1139,56950,0.00,5,0.5000,0.00,0.000000,0.000000,0,45.0,0.0,0.0,220.1,0
1140,57000,0.00,5,0.5000,0.00,0.000000,0.000000,0,45.0,0.0,0.0,220.1,0
1141,57050,0.00,5,0.5000,0.00,0.000000,0.000000,0,45.0,0.0,0.0,220.1,0
1142,57100,0.00,5,0.5000,0.00,0.000000,0.000000,0,45.0,0.0,0.0,220.1,0
1143,57150,0.00,5,0.5000,0.00,0.000000,0.000000,0,45.0,0.0,0.0,220.1,0
1144,57200,0.00,5,0.5000,0.00,0.000000,0.000000,0,45.0,0.0,0.0,220.1,0
1145,57250,0.00,5,0.5000,0.00,0.000000,0.000000,0,45.0,0.0,0.0,220.1,0
1146,57300,0.00,5,0.5000,0.00,0.000000,0.000000,0,45.0,0.0,0.0,220.1,0
1147,57350,0.00,5,0.5000,0.00,0.000000,0.000000,0,45.0,0.0,0.0,220.1,0
1148,57400,0.00,5,0.5000,0.00,0.000000,0.000000,0,45.0,0.0,0.0,220.1,0
1149,57450,0.00,5,0.5000,0.00,0.000000,0.000000,0,45.0,0.0,0.0,220.1,0
1150,57500,0.00,5,0.5000,0.00,0.000000,0.000000,0,45.0,0.0,0.0,220.1,0
1151,57550,0.00,5,0.5000,0.00,0.000000,0.000000,0,45.0,0.0,0.0,220.1,0
1152,57600,0.00,5,0.5000,0.00,0.000000,0.000000,0,45.0,0.0,0.0,220.1,0
1153,57650,0.00,5,0.5000,0.00,0.000000,0.000000,0,45.0,0.0,0.0,220.1,0
1154,57700,0.00,5,0.5000,0.00,0.000000,0.000000,0,45.0,0.0,0.0,220.1,0
1155,57750,0.00,5,0.5000,0.00,0.000000,0.000000,0,45.0,0.0,0.0,220.1,0
1156,57800,0.00,5,0.5000,0.00,0.000000,0.000000,0,45.0,0.0,0.0,220.1,0
1157,57850,0.00,5,0.5000,0.00,0.000000,0.000000,0,45.0,0.0,0.0,220.1,0
1158,57900,0.00,5,0.5000,0.00,0.000000,0.000000,0,45.0,0.0,0.0,220.1,0
1159,57950,0.00,5,0.5000,0.00,0.000000,0.000000,0,45.0,0.0,0.0,220.1,0
1160,58000,0.00,5,0.5000,0.00,0.000000,0.000000,0,45.0,0.0,0.0,220.1,0
1161,58050,0.00,5,0.5000,0.00,0.000000,0.000000,0,45.0,0.0,0.0,220.1,0
1162,58100,0.00,5,0.5000,0.00,0.000000,0.000000,0,45.0,0.0,0.0,220.1,0
1163,58150,0.00,5,0.5000,0.00,0.000000,0.000000,0,45.0,0.0,0.0,220.1,0
1164,58200,0.00,5,0.5000,0.00,0.000000,0.000000,0,45.0,0.0,0.0,220.1,0
1165,58250,0.00,5,0.5000,0.00,0.000000,0.000000,0,45.0,0.0,0.0,220.1,0
1166,58300,0.00,5,0.5000,0.00,0.000000,0.000000,0,45.0,0.0,0.0,220.1,0
1167,58350,0.00,5,0.5000,0.00,0.000000,0.000000,0,45.0,0.0,0.0,220.1,0
1168,58400,0.00,5,0.5000,0.00,0.000000,0.000000,0,45.0,0.0,0.0,220.1,0
1169,58450,0.00,5,0.5000,0.00,0.000000,0.000000,0,45.0,0.0,0.0,220.1,0
1170,58500,0.00,5,0.5000,0.00,0.000000,0.000000,0,45.0,0.0,0.0,220.1,0
1171,58550,0.00,5,0.5000,0.00,0.000000,0.000000,0,45.0,0.0,0.0,220.1,0
1172,58600,0.00,5,0.5000,0.00,0.000000,0.000000,0,45.0,0.0,0.0,220.1,0
1173,58650,0.00,5,0.5000,0.00,0.000000,0.000000,0,45.0,0.0,0.0,220.1,0
1174,58700,0.00,5,0.5000,0.00,0.000000,0.000000,0,45.0,0.0,0.0,220.1,0
1175,58750,0.00,5,0.5000,0.00,0.000000,0.000000,0,45.0,0.0,0.0,220.1,0
1176,58800,0.00,5,0.5000,0.00,0.000000,0.000000,0,45.0,0.0,0.0,220.1,0
1177,58850,0.00,5,0.5000,0.00,0.000000,0.000000,0,45.0,0.0,0.0,220.1,0
1178,58900,0.00,5,0.5000,0.00,0.000000,0.000000,0,45.0,0.0,0.0,220.1,0
1179,58950,0.00,5,0.5000,0.00,0.000000,0.000000,0,45.0,0.0,0.0,220.1,0
1180,59000,0.00,5,0.5000,0.00,0.000000,0.000000,0,45.0,0.0,0.0,220.1,0
1181,59050,0.00,5,0.5000,0.00,0.000000,0.000000,0,45.0,0.0,0.0,220.1,0
1182,59100,0.00,5,0.5000,0.00,0.000000,0.000000,0,45.0,0.0,0.0,220.1,0
1183,59150,0.00,5,0.5000,0.00,0.000000,0.000000,0,45.0,0.0,0.0,220.1,0
1184,59200,0.00,5,0.5000,0.00,0.000000,0.000000,0,45.0,0.0,0.0,220.1,0
1185,59250,0.00,5,0.5000,0.00,0.000000,0.000000,0,45.0,0.0,0.0,220.1,0
1186,59300,0.00,5,0.5000,0.00,0.000000,0.000000,0,45.0,0.0,0.0,220.1,0
1187,59350,0.00,5,0.5000,0.00,0.000000,0.000000,0,45.0,0.0,0.0,220.1,0
1188,59400,0.00,5,0.5000,0.00,0.000000,0.000000,0,45.0,0.0,0.0,220.1,0
1189,59450,0.00,5,0.5000,0.00,0.000000,0.000000,0,45.0,0.0,0.0,220.1,0
1190,59500,0.00,5,0.5000,0.00,0.000000,0.000000,0,45.0,0.0,0.0,220.1,0
1191,59550,0.00,5,0.5000,0.00,0.000000,0.000000,0,45.0,0.0,0.0,220.1,0
1192,59600,0.00,5,0.5000,0.00,0.000000,0.000000,0,45.0,0.0,0.0,220.1,0
1193,59650,0.00,5,0.5000,0.00,0.000000,0.000000,0,45.0,0.0,0.0,220.1,0
1194,59700,0.00,5,0.5000,0.00,0.000000,0.000000,0,45.0,0.0,0.0,220.1,0
1195,59750,0.00,5,0.5000,0.00,0.000000,0.000000,0,45.0,0.0,0.0,220.1,0
1196,59800,0.00,5,0.5000,0.00,0.000000,0.000000,0,45.0,0.0,0.0,220.1,0
1197,59850,0.00,5,0.5000,0.00,0.000000,0.000000,0,45.0,0.0,0.0,220.1,0
1198,59900,0.00,5,0.5000,0.00,0.000000,0.000000,0,45.0,0.0,0.0,220.1,0
1199,59950,0.00,5,0.5000,0.00,0.000000,0.000000,0,45.0,0.0,0.0,220.1,0
1200,60000,0.00,5,0.5000,0.00,0.000000,0.000000,0,45.0,0.0,0.0,220.1,0
1201,60050,0.00,5,0.5000,0.00,0.000000,0.000000,0,45.0,0.0,0.0,220.1,0
1202,60100,0.00,5,0.5000,0.00,0.000000,0.000000,0,45.0,0.0,0.0,220.1,0
1203,60150,0.00,5,0.5000,0.00,0.000000,0.000000,0,45.0,0.0,0.0,220.1,0
1204,60200,0.00,5,0.5000,0.00,0.000000,0.000000,0,45.0,0.0,0.0,220.1,0
1205,60250,0.00,5,0.5000,0.00,0.000000,0.000000,0,45.0,0.0,0.0,220.1,0
1206,60300,0.00,5,0.5000,0.00,0.000000,0.000000,0,45.0,0.0,0.0,220.1,0
1207,60350,0.00,5,0.5000,0.00,0.000000,0.000000,0,45.0,0.0,0.0,220.1,0
1208,60400,0.00,5,0.5000,0.00,0.000000,0.000000,0,45.0,0.0,0.0,220.1,0
1209,60450,0.00,5,0.5000,0.00,0.000000,0.000000,0,45.0,0.0,0.0,220.1,0
1210,60500,0.00,5,0.5000,0.00,0.000000,0.000000,0,45.0,0.0,0.0,220.1,0
1211,60550,0.00,5,0.5000,0.00,0.000000,0.000000,0,45.0,0.0,0.0,220.1,0
1212,60600,0.00,5,0.5000,0.00,0.000000,0.000000,0,45.0,0.0,0.0,220.1,0
1213,60650,0.00,5,0.5000,0.00,0.000000,0.000000,0,45.0,0.0,0.0,220.1,0
1214,60700,0.00,5,0.5000,0.00,0.000000,0.000000,0,45.0,0.0,0.0,220.1,0
1215,60750,0.00,5,0.5000,0.00,0.000000,0.000000,0,45.0,0.0,0.0,220.1,0
1216,60800,0.00,5,0.5000,0.00,0.000000,0.000000,0,45.0,0.0,0.0,220.1,0
1217,60850,0.00,5,0.5000,0.00,0.000000,0.000000,0,45.0,0.0,0.0,220.1,0
1218,60900,0.00,5,0.5000,0.00,0.000000,0.000000,0,45.0,0.0,0.0,220.1,0
1219,60950,0.00,5,0.5000,0.00,0.000000,0.000000,0,45.0,0.0,0.0,220.1,0
1220,61000,0.00,5,0.5000,0.00,0.000000,0.000000,0,45.0,0.0,0.0,220.1,0
1221,61050,0.78,5,0.5000,0.00,0.000000,0.000000,0,45.0,0.0,0.0,220.1,0
1222,61100,1.81,5,0.5000,0.00,0.000000,0.000000,0,45.0,0.0,0.0,220.1,0
1223,61150,2.38,5,0.5000,0.00,0.000000,0.000000,0,45.1,0.0,0.0,220.1,0
1224,61200,3.67,5,0.5000,0.00,0.000000,0.000000,0,45.1,0.0,0.0,220.1,0
1225,61250,4.94,5,0.5000,0.00,0.000000,0.000000,0,45.1,0.0,0.0,220.1,0
1226,61300,7.00,5,0.5000,0.00,0.000000,0.000000,0,45.1,0.0,0.0,220.1,0
1227,61350,8.40,5,0.5000,0.00,0.000000,0.000000,0,45.2,0.0,0.0,220.1,0
1228,61400,10.58,5,0.5000,0.00,0.000000,0.000000,0,45.2,0.0,0.0,220.1,0
1229,61450,12.32,5,0.5000,0.00,0.000000,0.000000,0,45.3,0.0,0.0,220.1,0
1230,61500,14.08,5,0.5000,0.00,0.000000,0.000000,0,45.3,0.0,0.0,220.1,0
1231,61550,17.04,5,0.5000,0.00,0.000000,0.000000,0,45.4,0.0,0.0,220.1,0
1232,61600,18.95,5,0.5000,0.00,0.000000,0.000000,0,45.4,0.0,0.0,220.1,0
1233,61650,22.45,5,0.5000,0.00,0.000000,0.000000,0,45.5,0.0,0.0,220.1,0
1234,61700,25.03,5,0.5000,0.00,0.000000,0.000000,0,45.5,0.0,0.0,220.1,0
1235,61750,28.95,5,0.5000,0.00,0.000000,0.000000,0,45.6,0.0,0.0,220.1,0
1236,61800,31.62,5,0.5000,0.00,0.000000,0.000000,0,45.7,0.0,0.0,220.1,0
1237,61850,36.27,5,0.5000,0.00,0.000000,0.000000,0,45.8,0.0,0.0,220.1,0
1238,61900,39.61,5,0.5000,0.00,0.000000,0.000000,0,45.8,0.0,0.0,220.1,0
1239,61950,44.94,5,0.5000,0.00,0.000000,0.000000,0,46.0,0.0,0.0,220.1,0
1240,62000,48.79,5,0.5000,0.00,0.000000,0.000000,0,46.0,0.0,0.0,220.1,0
1241,62050,54.75,0,0.5000,0.00,0.000000,0.000000,0,46.2,0.0,0.0,220.1,0
1242,62100,58.86,0,0.5000,0.00,0.000000,0.000000,0,46.3,0.0,0.0,220.1,0
1243,62150,65.11,0,0.5000,0.00,0.000000,0.000000,0,46.4,0.0,0.0,220.1,0
1244,62200,69.52,0,0.5000,0.00,0.000000,0.000000,0,46.5,0.0,0.0,220.1,0
1245,62250,76.28,0,0.5000,0.00,0.000000,0.000000,0,46.6,0.0,0.0,220.1,0
1246,62300,80.92,0,0.5000,0.00,0.000000,0.000000,0,46.7,0.0,0.0,220.1,0
1247,62350,88.40,0,0.5000,0.00,0.000000,0.000000,0,46.9,0.0,0.0,220.1,0
1248,62400,93.47,0,0.5000,0.00,0.000000,0.000000,0,47.0,0.0,0.0,220.1,0
1249,62450,101.38,0,0.5000,0.00,0.000000,0.000000,0,47.2,0.0,0.0,220.1,0
1250,62500,106.73,0,0.5000,0.00,0.000000,0.000000,0,47.3,0.0,0.0,220.1,0
1251,62550,114.86,0,0.5000,0.00,0.000000,0.000000,0,47.5,0.0,0.0,220.1,0
1252,62600,120.40,0,0.5000,0.00,0.000000,0.000000,0,47.6,0.0,0.0,220.1,0
1253,62650,128.83,0,0.5000,0.00,0.000000,0.000000,0,47.7,0.0,0.0,220.1,0
1254,62700,134.73,0,0.5000,0.00,0.000000,0.000000,0,47.9,0.0,0.0,220.1,0
1255,62750,144.26,0,0.5000,0.00,0.000000,0.000000,0,48.1,0.0,0.0,220.1,0
1256,62800,150.81,0,0.5000,0.00,0.000000,0.000000,0,48.2,0.0,0.0,220.1,0
1257,62850,160.89,0,0.5000,0.00,0.000000,0.000000,0,48.4,0.0,0.0,220.1,0
1258,62900,168.01,0,0.5000,0.00,0.000000,0.000000,0,48.6,0.0,0.0,220.1,0
1259,62950,179.36,0,0.5000,0.00,0.000000,0.000000,0,48.8,0.0,0.0,220.1,0
1260,63000,187.38,0,0.5000,0.00,0.000000,0.000000,0,49.0,0.0,0.0,220.1,0
1261,63050,199.36,0,0.5000,0.00,0.000000,0.000000,0,49.3,0.0,0.0,220.1,0
1262,63100,207.50,0,0.5000,0.00,0.000000,0.000000,0,49.4,0.0,0.0,220.1,0
1263,63150,219.19,0,0.5000,0.00,0.000000,0.000000,0,49.7,0.0,0.0,220.1,0
1264,63200,226.75,0,0.5000,0.00,0.000000,0.000000,0,49.8,0.0,0.0,220.1,0
1265,63250,238.50,0,0.5000,0.00,0.000000,0.000000,0,50.1,0.0,0.0,220.1,0
1266,63300,246.65,0,0.5000,0.00,0.000000,0.000000,0,50.3,0.0,0.0,220.1,0
1267,63350,259.31,0,0.5000,0.00,0.000000,0.000000,0,50.5,0.0,0.0,220.1,0
1268,63400,267.44,0,0.5000,0.00,0.000000,0.000000,0,50.7,0.0,0.0,220.1,0
1269,63450,275.68,0,0.5000,0.00,0.000000,0.000000,0,50.9,0.0,0.0,220.1,0
1270,63500,288.32,0,0.5000,0.00,0.000000,0.000000,0,51.2,0.0,0.0,220.1,0
1271,63550,296.20,0,0.5000,0.00,0.000000,0.000000,0,51.3,0.0,0.0,220.1,0
1272,63600,307.63,0,0.5000,0.00,0.000000,0.000000,0,51.6,0.0,0.0,220.1,0
1273,63650,315.27,0,0.5000,0.00,0.000000,0.000000,0,51.7,0.0,0.0,220.1,0
1274,63700,327.63,0,0.5000,0.00,0.000000,0.000000,0,52.0,0.0,0.0,220.1,0
1275,63750,336.26,0,0.5000,0.00,0.000000,0.000000,0,52.1,0.0,0.0,220.1,0
1276,63800,348.96,0,0.5000,0.00,0.000000,0.000000,0,52.4,0.0,0.0,220.1,0
1277,63850,357.26,0,0.5000,0.00,0.000000,0.000000,0,52.5,0.0,0.0,220.1,0
1278,63900,369.24,0,0.5000,0.00,0.000000,0.000000,0,52.8,0.0,0.0,220.1,0
1279,63950,376.88,0,0.5000,0.00,0.000000,0.000000,0,52.9,0.0,0.0,220.1,0
1280,64000,388.04,0,0.5000,0.00,0.000000,0.000000,0,53.1,0.0,0.0,220.1,0
1281,64050,395.51,0,0.5000,0.00,0.000000,0.000000,0,53.2,0.0,0.0,220.1,0
1282,64100,406.92,0,0.5000,0.00,0.000000,0.000000,0,53.4,0.0,0.0,220.1,0
1283,64150,414.35,0,0.5000,0.00,0.000000,0.000000,0,53.6,0.0,0.0,220.1,0
1284,64200,424.94,0,0.5000,0.00,0.000000,0.000000,0,53.8,0.0,0.0,220.1,0
1285,64250,432.26,0,0.5000,0.00,0.000000,0.000000,0,53.9,0.0,0.0,220.1,0
1286,64300,443.40,0,0.5000,0.00,0.000000,0.000000,0,54.1,0.0,0.0,220.1,0
1287,64350,451.13,0,0.5000,0.00,0.000000,0.000000,0,54.3,0.0,0.0,220.1,0
1288,64400,462.23,0,0.5000,0.00,0.000000,0.000000,0,54.5,0.0,0.0,220.1,0
1289,64450,469.68,0,0.5000,0.00,0.000000,0.000000,0,54.6,0.0,0.0,220.1,0
1290,64500,480.82,0,0.5000,0.00,0.000000,0.000000,0,54.8,0.0,0.0,220.1,0
1291,64550,488.35,0,0.5000,0.00,0.000000,0.000000,0,54.9,0.0,0.0,220.1,0
1292,64600,499.11,0,0.5000,0.00,0.000000,0.000000,0,55.1,0.0,0.0,220.1,0
1293,64650,505.81,0,0.5000,0.00,0.000000,0.000000,0,55.3,0.0,0.0,220.1,0
1294,64700,516.16,0,0.5000,0.00,0.000000,0.000000,0,55.4,0.0,0.0,220.1,0
1295,64750,523.18,0,0.5000,0.00,0.000000,0.000000,0,55.6,0.0,0.0,220.1,0
1296,64800,533.89,0,0.5000,0.00,0.000000,0.000000,0,55.8,0.0,0.0,220.1,0
1297,64850,541.02,0,0.5000,0.00,0.000000,0.000000,0,55.9,0.0,0.0,220.1,0
1298,64900,552.02,0,0.5000,0.00,0.000000,0.000000,0,56.1,0.0,0.0,220.1,0
1299,64950,559.27,0,0.5000,0.00,0.000000,0.000000,0,56.2,0.0,0.0,220.1,0
1300,65000,570.12,0,0.5000,0.00,0.000000,0.000000,0,56.4,0.0,0.0,220.1,0
1301,65050,576.89,0,0.5000,0.00,0.000000,0.000000,0,56.6,0.0,0.0,220.1,0
1302,65100,583.49,0,0.5000,0.00,0.000000,0.000000,0,56.7,0.0,0.0,220.1,0
1303,65150,593.35,0,0.5000,0.00,0.000000,0.000000,0,56.9,0.0,0.0,220.1,0
1304,65200,599.92,0,0.5000,0.00,0.000000,0.000000,0,57.0,0.0,0.0,220.1,0
1305,65250,610.45,0,0.5000,0.00,0.000000,0.000000,0,57.2,0.0,0.0,220.1,0
1306,65300,617.35,0,0.5000,0.00,0.000000,0.000000,0,57.3,0.0,0.0,220.1,0
1307,65350,627.57,0,0.5000,0.00,0.000000,0.000000,0,57.5,0.0,0.0,220.1,0
1308,65400,634.03,0,0.5000,0.00,0.000000,0.000000,0,57.6,0.0,0.0,220.1,0
1309,65450,643.67,0,0.5000,0.00,0.000000,0.000000,0,57.8,0.0,0.0,220.1,0
1310,65500,650.33,0,0.5000,0.00,0.000000,0.000000,0,57.9,0.0,0.0,220.1,0
1311,65550,659.99,0,0.5000,0.00,0.000000,0.000000,0,58.1,0.0,0.0,220.1,0
1312,65600,666.65,0,0.5000,0.00,0.000000,0.000000,0,58.2,0.0,0.0,220.1,0
1313,65650,676.66,0,0.5000,0.00,0.000000,0.000000,0,58.4,0.0,0.0,220.1,0
1314,65700,683.32,0,0.5000,0.00,0.000000,0.000000,0,58.6,0.0,0.0,220.1,0
1315,65750,693.25,0,0.5000,0.00,0.000000,0.000000,0,58.8,0.0,0.0,220.1,0
1316,65800,699.84,0,0.5000,0.00,0.000000,0.000000,0,58.9,0.0,0.0,220.1,0
1317,65850,709.31,0,0.5000,0.00,0.000000,0.000000,0,59.1,0.0,0.0,220.1,0
1318,65900,715.57,0,0.5000,0.00,0.000000,0.000000,0,59.3,0.0,0.0,220.1,0
1319,65950,724.77,0,0.5000,0.00,0.000000,0.000000,0,59.5,0.0,0.0,220.1,0
1320,66000,731.12,0,0.5000,0.00,0.000000,0.000000,0,59.6,0.0,0.0,220.1,0
1321,66050,740.72,0,0.5000,0.00,0.000000,0.000000,0,59.8,0.0,0.0,220.1,0
1322,66100,747.05,0,0.5000,0.00,0.000000,0.000000,0,59.9,0.0,0.0,220.1,0
1323,66150,756.21,0,0.5000,0.00,0.000000,0.000000,0,60.1,0.0,0.0,220.1,0
1324,66200,762.12,0,0.5000,0.00,0.000000,0.000000,0,60.3,0.0,0.0,220.1,0
1325,66250,771.02,0,0.5000,0.00,0.000000,0.000000,0,60.5,0.0,0.0,220.1,0
1326,66300,777.10,0,0.5000,0.00,0.000000,0.000000,0,60.6,0.0,0.0,220.1,0
1327,66350,786.56,0,0.5000,0.00,0.000000,0.000000,0,60.8,0.0,0.0,220.1,0
1328,66400,792.89,0,0.5000,0.00,0.000000,0.000000,0,60.9,0.0,0.0,220.1,0
1329,66450,802.30,0,0.5000,0.00,0.000000,0.000000,0,61.1,0.0,0.0,220.1,0
1330,66500,807.98,0,0.5000,0.00,0.000000,0.000000,0,61.2,0.0,0.0,220.1,0
1331,66550,816.36,0,0.5000,0.00,0.000000,0.000000,0,61.4,0.0,0.0,220.1,0
1332,66600,821.95,0,0.5000,0.00,0.000000,0.000000,0,61.5,0.0,0.0,220.1,0
1333,66650,830.61,0,0.5000,0.00,0.000000,0.000000,0,61.7,0.0,0.0,220.1,0
1334,66700,836.39,0,0.5000,0.00,0.000000,0.000000,0,61.8,0.0,0.0,220.1,0
1335,66750,842.13,0,0.5000,0.00,0.000000,0.000000,0,62.0,0.0,0.0,220.1,0
1336,66800,850.90,0,0.5000,0.00,0.000000,0.000000,0,62.2,0.0,0.0,220.1,0
1337,66850,856.58,0,0.5000,0.00,0.000000,0.000000,0,62.3,0.0,0.0,220.1,0
1338,66900,864.91,0,0.5000,0.00,0.000000,0.000000,0,62.5,0.0,0.0,220.1,0
1339,66950,870.55,0,0.5000,0.00,0.000000,0.000000,0,62.6,0.0,0.0,220.1,0
1340,67000,879.13,0,0.5000,0.00,0.000000,0.000000,0,62.8,0.0,0.0,220.1,0
1341,67050,884.85,0,0.5000,0.00,0.000000,0.000000,0,62.9,0.0,0.0,220.1,0
1342,67100,893.39,0,0.5000,0.00,0.000000,0.000000,0,63.1,0.0,0.0,220.1,0
1343,67150,899.12,0,0.5000,0.00,0.000000,0.000000,0,63.2,0.0,0.0,220.1,0
1344,67200,907.59,0,0.5000,0.00,0.000000,0.000000,0,63.4,0.0,0.0,220.1,0
1345,67250,913.24,0,0.5000,0.00,0.000000,0.000000,0,63.5,0.0,0.0,220.1,0
1346,67300,922.00,0,0.5000,0.00,0.000000,0.000000,0,63.7,0.0,0.0,220.1,0
1347,67350,927.51,0,0.5000,0.00,0.000000,0.000000,0,63.8,0.0,0.0,220.1,0
1348,67400,935.59,0,0.5000,0.00,0.000000,0.000000,0,64.0,0.0,0.0,220.1,0
1349,67450,940.91,0,0.5000,0.00,0.000000,0.000000,0,64.1,0.0,0.0,220.1,0
1350,67500,948.84,0,0.5000,0.00,0.000000,0.000000,0,64.2,0.0,0.0,220.1,0
1351,67550,953.93,0,0.5000,0.00,0.000000,0.000000,0,64.4,0.0,0.0,220.1,0
1352,67600,961.75,0,0.5000,0.00,0.000000,0.000000,0,64.5,0.0,0.0,220.1,0
1353,67650,967.04,0,0.5000,0.00,0.000000,0.000000,0,64.6,0.0,0.0,220.1,0
1354,67700,974.94,0,0.5000,0.00,0.000000,0.000000,0,64.8,0.0,0.0,220.1,0
1355,67750,980.08,0,0.5000,0.00,0.000000,0.000000,0,64.9,0.0,0.0,220.1,0
1356,67800,987.80,0,0.5000,0.00,0.000000,0.000000,0,65.1,0.0,0.0,220.1,0
1357,67850,992.87,0,0.5000,0.00,0.000000,0.000000,0,65.1,0.0,0.0,220.1,0
1358,67900,1000.39,0,0.5000,0.00,0.000000,0.000000,0,65.2,0.0,0.0,220.1,0
1359,67950,1005.39,0,0.5000,0.00,0.000000,0.000000,0,65.3,0.0,0.0,220.1,0
1360,68000,1013.13,0,0.5000,0.00,0.000000,0.000000,0,65.4,0.0,0.0,220.1,0
1361,68050,1018.20,0,0.5000,0.00,0.000000,0.000000,0,65.5,0.0,0.0,220.1,0
1362,68100,1025.90,0,0.5000,0.00,0.000000,0.000000,0,65.6,0.0,0.0,220.1,0
1363,68150,1030.75,0,0.5000,0.00,0.000000,0.000000,0,65.7,0.0,0.0,220.1,0
1364,68200,1038.44,0,0.5000,0.00,0.000000,0.000000,0,65.8,0.0,0.0,220.1,0
1365,68250,1043.24,0,0.5000,0.00,0.000000,0.000000,0,65.9,0.0,0.0,220.1,0
1366,68300,1048.12,0,0.5000,0.00,0.000000,0.000000,0,66.0,0.0,0.0,220.1,0
1367,68350,1055.33,0,0.5000,0.00,0.000000,0.000000,0,66.1,0.0,0.0,220.1,0
1368,68400,1062.60,0,0.5000,0.00,0.000000,0.000000,0,66.2,0.0,0.0,220.1,0
1369,68450,1067.71,0,0.5000,0.00,0.000000,0.000000,0,66.3,0.0,0.0,220.1,0
1370,68500,1072.56,0,0.5000,0.00,0.000000,0.000000,0,66.3,0.0,0.0,220.1,0
1371,68550,1079.75,0,0.5000,0.00,0.000000,0.000000,0,66.5,0.0,0.0,220.1,0
1372,68600,1084.59,0,0.5000,0.00,0.000000,0.000000,0,66.5,0.0,0.0,220.1,0
1373,68650,1091.66,0,0.5000,0.00,0.000000,0.000000,0,66.6,0.0,0.0,220.1,0
1374,68700,1096.37,0,0.5000,0.00,0.000000,0.000000,0,66.7,0.0,0.0,220.1,0
1375,68750,1103.49,0,0.5000,0.00,0.000000,0.000000,0,66.8,0.0,0.0,220.1,0
1376,68800,1108.40,0,0.5000,0.00,0.000000,0.000000,0,66.9,0.0,0.0,220.1,0
1377,68850,1115.13,0,0.5000,0.00,0.000000,0.000000,0,67.0,0.0,0.0,220.1,0
1378,68900,1119.77,0,0.5000,0.00,0.000000,0.000000,0,67.1,0.0,0.0,220.1,0
1379,68950,1126.50,0,0.5000,0.00,0.000000,0.000000,0,67.2,0.0,0.0,220.1,0
1380,69000,1131.12,0,0.5000,0.00,0.000000,0.000000,0,67.2,0.0,0.0,220.1,0
1381,69050,1137.93,0,0.5000,0.00,0.000000,0.000000,0,67.3,0.0,0.0,220.1,0
1382,69100,1142.03,0,0.5000,0.00,0.000000,0.000000,0,67.4,0.0,0.0,220.1,0
1383,69150,1148.56,0,0.5000,0.00,0.000000,0.000000,0,67.5,0.0,0.0,220.1,0
1384,69200,1152.90,0,0.5000,0.00,0.000000,0.000000,0,67.6,0.0,0.0,220.1,0
1385,69250,1159.68,0,0.5000,0.00,0.000000,0.000000,0,67.7,0.0,0.0,220.1,0
1386,69300,1164.19,0,0.5000,0.00,0.000000,0.000000,0,67.7,0.0,0.0,220.1,0
1387,69350,1170.62,0,0.5000,0.00,0.000000,0.000000,0,67.8,0.0,0.0,220.1,0
1388,69400,1174.88,0,0.5000,0.00,0.000000,0.000000,0,67.9,0.0,0.0,220.1,0
1389,69450,1181.22,0,0.5000,0.00,0.000000,0.000000,0,68.0,0.0,0.0,220.1,0
1390,69500,1185.34,0,0.5000,0.00,0.000000,0.000000,0,68.1,0.0,0.0,220.1,0
1391,69550,1191.56,0,0.5000,0.00,0.000000,0.000000,0,68.2,0.0,0.0,220.1,0
1392,69600,1195.77,0,0.5000,0.00,0.000000,0.000000,0,68.2,0.0,0.0,220.1,0
1393,69650,1202.28,0,0.5000,0.00,0.000000,0.000000,0,68.3,0.0,0.0,220.1,0
1394,69700,1206.53,0,0.5000,0.00,0.000000,0.000000,0,68.4,0.0,0.0,220.1,0
1395,69750,1212.91,0,0.5000,0.00,0.000000,0.000000,0,68.5,0.0,0.0,220.1,0
1396,69800,1217.06,0,0.5000,0.00,0.000000,0.000000,0,68.5,0.0,0.0,220.1,0
1397,69850,1223.47,0,0.5000,0.00,0.000000,0.000000,0,68.6,0.0,0.0,220.1,0
1398,69900,1227.69,0,0.5000,0.00,0.000000,0.000000,0,68.7,0.0,0.0,220.1,0
1399,69950,1233.81,0,0.5000,0.00,0.000000,0.000000,0,68.8,0.0,0.0,220.1,0
1400,70000,1237.79,0,0.5000,0.00,0.000000,0.000000,0,68.9,0.0,0.0,220.1,0
1401,70050,1243.56,0,0.5000,0.00,0.000000,0.000000,0,69.0,0.0,0.0,220.1,0
1402,70100,1247.52,0,0.5000,0.00,0.000000,0.000000,0,69.0,0.0,0.0,220.1,0
1403,70150,1253.46,0,0.5000,0.00,0.000000,0.000000,0,69.1,0.0,0.0,220.1,0
1404,70200,1257.54,0,0.5000,0.00,0.000000,0.000000,0,69.2,0.0,0.0,220.1,0
1405,70250,1261.45,0,0.5000,0.00,0.000000,0.000000,0,69.2,0.0,0.0,220.1,0
1406,70300,1267.20,0,0.5000,0.00,0.000000,0.000000,0,69.3,0.0,0.0,220.1,0
1407,70350,1270.99,0,0.5000,0.00,0.000000,0.000000,0,69.4,0.0,0.0,220.1,0
1408,70400,1276.54,0,0.5000,0.00,0.000000,0.000000,0,69.5,0.0,0.0,220.1,0
1409,70450,1280.19,0,0.5000,0.00,0.000000,0.000000,0,69.5,0.0,0.0,220.1,0
1410,70500,1285.66,0,0.5000,0.00,0.000000,0.000000,0,69.6,0.0,0.0,220.1,0
1411,70550,1289.34,0,0.5000,0.00,0.000000,0.000000,0,69.6,0.0,0.0,220.1,0
1412,70600,1295.18,0,0.5000,0.00,0.000000,0.000000,0,69.7,0.0,0.0,220.1,0
1413,70650,1299.00,0,0.5000,0.00,0.000000,0.000000,0,69.8,0.0,0.0,220.1,0
1414,70700,1304.71,0,0.5000,0.00,0.000000,0.000000,0,69.9,0.0,0.0,220.1,0
1415,70750,1308.31,0,0.5000,0.00,0.000000,0.000000,0,69.9,0.0,0.0,220.1,0
1416,70800,1313.68,0,0.5000,0.00,0.000000,0.000000,0,70.0,0.0,0.0,220.1,0
1417,70850,1317.10,0,0.5000,0.00,0.000000,0.000000,0,70.1,0.0,0.0,220.1,0
1418,70900,1322.39,0,0.5000,0.00,0.000000,0.000000,0,70.2,0.0,0.0,220.1,0
1419,70950,1325.90,0,0.5000,0.00,0.000000,0.000000,0,70.2,0.0,0.0,220.1,0
1420,71000,1331.04,0,0.5000,0.00,0.000000,0.000000,0,70.3,0.0,0.0,220.1,0
1421,71050,1334.47,0,0.5000,0.00,0.000000,0.000000,0,70.3,0.0,0.0,220.1,0
1422,71100,1339.69,0,0.5000,0.00,0.000000,0.000000,0,70.4,0.0,0.0,220.1,0
1423,71150,1343.14,0,0.5000,0.00,0.000000,0.000000,0,70.5,0.0,0.0,220.1,0
1424,71200,1348.42,0,0.5000,0.00,0.000000,0.000000,0,70.5,0.0,0.0,220.1,0
1425,71250,1351.79,0,0.5000,0.00,0.000000,0.000000,0,70.6,0.0,0.0,220.1,0
1426,71300,1356.73,0,0.5000,0.00,0.000000,0.000000,0,70.7,0.0,0.0,220.1,0
1427,71350,1359.98,0,0.5000,0.00,0.000000,0.000000,0,70.7,0.0,0.0,220.1,0
1428,71400,1365.02,0,0.5000,0.00,0.000000,0.000000,0,70.8,0.0,0.0,220.1,0
1429,71450,1368.28,0,0.5000,0.00,0.000000,0.000000,0,70.9,0.0,0.0,220.1,0
1430,71500,1373.19,0,0.5000,0.00,0.000000,0.000000,0,70.9,0.0,0.0,220.1,0
1431,71550,1376.38,0,0.5000,0.00,0.000000,0.000000,0,71.0,0.0,0.0,220.1,0
1432,71600,1381.17,0,0.5000,0.00,0.000000,0.000000,0,71.0,0.0,0.0,220.1,0
1433,71650,1384.25,0,0.5000,0.00,0.000000,0.000000,0,71.1,0.0,0.0,220.1,0
1434,71700,1389.11,0,0.5000,0.00,0.000000,0.000000,0,71.2,0.0,0.0,220.1,0
1435,71750,1392.37,0,0.5000,0.00,0.000000,0.000000,0,71.2,0.0,0.0,220.1,0
1436,71800,1397.27,0,0.5000,0.00,0.000000,0.000000,0,71.3,0.0,0.0,220.1,0
1437,71850,1400.44,0,0.5000,0.00,0.000000,0.000000,0,71.3,0.0,0.0,220.1,0
1438,71900,1405.26,0,0.5000,0.00,0.000000,0.000000,0,71.4,0.0,0.0,220.1,0
1439,71950,1408.26,0,0.5000,0.00,0.000000,0.000000,0,71.5,0.0,0.0,220.1,0
1440,72000,1411.32,0,0.5000,0.00,0.000000,0.000000,0,71.5,0.0,0.0,220.1,0
1441,72050,1415.92,0,0.5000,0.00,0.000000,0.000000,0,71.6,0.0,0.0,220.1,0
1442,72100,1419.06,0,0.5000,0.00,0.000000,0.000000,0,71.6,0.0,0.0,220.1,0
1443,72150,1423.36,0,0.5000,0.00,0.000000,0.000000,0,71.7,0.0,0.0,220.1,0
1444,72200,1427.65,0,0.5000,0.00,0.000000,0.000000,0,71.8,0.0,0.0,220.1,0
1445,72250,1430.41,0,0.5000,0.00,0.000000,0.000000,0,71.8,0.0,0.0,220.1,0
1446,72300,1434.63,0,0.5000,0.00,0.000000,0.000000,0,71.9,0.0,0.0,220.1,0
1447,72350,1437.46,0,0.5000,0.00,0.000000,0.000000,0,71.9,0.0,0.0,220.1,0
1448,72400,1441.79,0,0.5000,0.00,0.000000,0.000000,0,72.0,0.0,0.0,220.1,0
1449,72450,1444.75,0,0.5000,0.00,0.000000,0.000000,0,72.0,0.0,0.0,220.1,0
1450,72500,1447.56,0,0.5000,0.00,0.000000,0.000000,0,72.1,0.0,0.0,220.1,0
1451,72550,1451.64,0,0.5000,0.00,0.000000,0.000000,0,72.1,0.0,0.0,220.1,0
1452,72600,1454.27,0,0.5000,0.00,0.000000,0.000000,0,72.2,0.0,0.0,220.1,0
1453,72650,1458.36,0,0.5000,0.00,0.000000,0.000000,0,72.2,0.0,0.0,220.1,0
1454,72700,1461.09,0,0.5000,0.00,0.000000,0.000000,0,72.3,0.0,0.0,220.1,0
1455,72750,1465.04,0,0.5000,0.00,0.000000,0.000000,0,72.3,0.0,0.0,220.1,0
1456,72800,1467.67,0,0.5000,0.00,0.000000,0.000000,0,72.4,0.0,0.0,220.1,0
1457,72850,1471.63,0,0.5000,0.00,0.000000,0.000000,0,72.4,0.0,0.0,220.1,0
1458,72900,1474.17,0,0.5000,0.00,0.000000,0.000000,0,72.5,0.0,0.0,220.1,0
1459,72950,1477.95,0,0.5000,0.00,0.000000,0.000000,0,72.5,0.0,0.0,220.1,0
1460,73000,1480.52,0,0.5000,0.00,0.000000,0.000000,0,72.6,0.0,0.0,220.1,0
1461,73050,1484.34,0,0.5000,0.00,0.000000,0.000000,0,72.6,0.0,0.0,220.1,0
1462,73100,1486.92,0,0.5000,0.00,0.000000,0.000000,0,72.7,0.0,0.0,220.1,0
1463,73150,1490.73,0,0.5000,0.00,0.000000,0.000000,0,72.7,0.0,0.0,220.1,0
1464,73200,1493.25,0,0.5000,0.00,0.000000,0.000000,0,72.8,0.0,0.0,220.1,0
1465,73250,1497.00,0,0.5000,0.00,0.000000,0.000000,0,72.8,0.0,0.0,220.1,0
1466,73300,1499.40,0,0.5000,0.00,0.000000,0.000000,0,72.9,0.0,0.0,220.1,0
1467,73350,1502.99,0,0.5000,0.00,0.000000,0.000000,0,72.9,0.0,0.0,220.1,0
1468,73400,1505.27,0,0.5000,0.00,0.000000,0.000000,0,72.9,0.0,0.0,220.1,0
1469,73450,1508.86,0,0.5000,0.00,0.000000,0.000000,0,73.0,0.0,0.0,220.1,0
1470,73500,1511.05,0,0.5000,0.00,0.000000,0.000000,0,73.0,0.0,0.0,220.1,0
1471,73550,1514.48,0,0.5000,0.00,0.000000,0.000000,0,73.1,0.0,0.0,220.1,0
1472,73600,1516.64,0,0.5000,0.00,0.000000,0.000000,0,73.1,0.0,0.0,220.1,0
1473,73650,1520.07,0,0.5000,0.00,0.000000,0.000000,0,73.2,0.0,0.0,220.1,0
1474,73700,1522.28,0,0.5000,0.00,0.000000,0.000000,0,73.2,0.0,0.0,220.1,0
1475,73750,1525.43,0,0.5000,0.00,0.000000,0.000000,0,73.2,0.0,0.0,220.1,0
1476,73800,1527.58,0,0.5000,0.00,0.000000,0.000000,0,73.3,0.0,0.0,220.1,0
1477,73850,1530.74,0,0.5000,0.00,0.000000,0.000000,0,73.3,0.0,0.0,220.1,0
1478,73900,1532.93,0,0.5000,0.00,0.000000,0.000000,0,73.4,0.0,0.0,220.1,0
1479,73950,1536.19,0,0.5000,0.00,0.000000,0.000000,0,73.4,0.0,0.0,220.1,0
1480,74000,1538.47,0,0.5000,0.00,0.000000,0.000000,0,73.4,0.0,0.0,220.1,0
1481,74050,1541.73,0,0.5000,0.00,0.000000,0.000000,0,73.5,0.0,0.0,220.1,0
1482,74100,1543.75,0,0.5000,0.00,0.000000,0.000000,0,73.5,0.0,0.0,220.1,0
1483,74150,1546.94,0,0.5000,0.00,0.000000,0.000000,0,73.6,0.0,0.0,220.1,0
1484,74200,1548.83,0,0.5000,0.00,0.000000,0.000000,0,73.6,0.0,0.0,220.1,0
1485,74250,1551.73,0,0.5000,0.00,0.000000,0.000000,0,73.6,0.0,0.0,220.1,0
1486,74300,1553.78,0,0.5000,0.00,0.000000,0.000000,0,73.7,0.0,0.0,220.1,0
1487,74350,1556.60,0,0.5000,0.00,0.000000,0.000000,0,73.7,0.0,0.0,220.1,0
1488,74400,1558.53,0,0.5000,0.00,0.000000,0.000000,0,73.8,0.0,0.0,220.1,0
1489,74450,1561.42,0,0.5000,0.00,0.000000,0.000000,0,73.8,0.0,0.0,220.1,0
1490,74500,1563.30,0,0.5000,0.00,0.000000,0.000000,0,73.8,0.0,0.0,220.1,0
1491,74550,1565.18,0,0.5000,0.00,0.000000,0.000000,0,73.9,0.0,0.0,220.1,0
1492,74600,1567.85,0,0.5000,0.00,0.000000,0.000000,0,73.9,0.0,0.0,220.1,0
1493,74650,1569.66,0,0.5000,0.00,0.000000,0.000000,0,73.9,0.0,0.0,220.1,0
1494,74700,1572.09,0,0.5000,0.00,0.000000,0.000000,0,74.0,0.0,0.0,220.1,0
1495,74750,1573.91,0,0.5000,0.00,0.000000,0.000000,0,74.0,0.0,0.0,220.1,0
1496,74800,1576.49,0,0.5000,0.00,0.000000,0.000000,0,74.0,0.0,0.0,220.1,0
1497,74850,1578.16,0,0.5000,0.00,0.000000,0.000000,0,74.1,0.0,0.0,220.1,0
1498,74900,1580.60,0,0.5000,0.00,0.000000,0.000000,0,74.1,0.0,0.0,220.1,0
1499,74950,1583.18,0,0.5000,0.00,0.000000,0.000000,0,74.1,0.0,0.0,220.1,0
1500,75000,1585.73,0,0.5000,0.00,0.000000,0.000000,0,74.2,0.0,0.0,220.1,0
1501,75050,1587.56,0,0.5000,0.00,0.000000,0.000000,0,74.2,0.0,0.0,220.1,0
1502,75100,1590.15,0,0.5000,0.00,0.000000,0.000000,0,74.2,0.0,0.0,220.1,0
1503,75150,1591.63,0,0.5000,0.00,0.000000,0.000000,0,74.3,0.0,0.0,220.1,0
1504,75200,1593.97,0,0.5000,0.00,0.000000,0.000000,0,74.3,0.0,0.0,220.1,0
1505,75250,1595.54,0,0.5000,0.00,0.000000,0.000000,0,74.3,0.0,0.0,220.1,0
1506,75300,1596.96,0,0.5000,0.00,0.000000,0.000000,0,74.3,0.0,0.0,220.1,0
1507,75350,1599.13,0,0.5000,0.00,0.000000,0.000000,0,74.4,0.0,0.0,220.1,0
1508,75400,1600.44,0,0.5000,0.00,0.000000,0.000000,0,74.4,0.0,0.0,220.1,0
1509,75450,1602.73,0,0.5000,0.00,0.000000,0.000000,0,74.4,0.0,0.0,220.1,0
1510,75500,1603.97,0,0.5000,0.00,0.000000,0.000000,0,74.4,0.0,0.0,220.1,0
1511,75550,1606.06,0,0.5000,0.00,0.000000,0.000000,0,74.5,0.0,0.0,220.1,0
1512,75600,1607.53,0,0.5000,0.00,0.000000,0.000000,0,74.5,0.0,0.0,220.1,0
1513,75650,1609.49,0,0.5000,0.00,0.000000,0.000000,0,74.5,0.0,0.0,220.1,0
1514,75700,1610.68,0,0.5000,0.00,0.000000,0.000000,0,74.5,0.0,0.0,220.1,0
1515,75750,1612.93,0,0.5000,0.00,0.000000,0.000000,0,74.6,0.0,0.0,220.1,0
1516,75800,1614.31,0,0.5000,0.00,0.000000,0.000000,0,74.6,0.0,0.0,220.1,0
1517,75850,1616.00,0,0.5000,0.00,0.000000,0.000000,0,74.6,0.0,0.0,220.1,0
1518,75900,1617.16,0,0.5000,0.00,0.000000,0.000000,0,74.6,0.0,0.0,220.1,0
1519,75950,1619.00,0,0.5000,0.00,0.000000,0.000000,0,74.7,0.0,0.0,220.1,0
1520,76000,1620.42,0,0.5000,0.00,0.000000,0.000000,0,74.7,0.0,0.0,220.1,0
1521,76050,1622.26,0,0.5000,0.00,0.000000,0.000000,0,74.7,0.0,0.0,220.1,0
1522,76100,1623.50,0,0.5000,0.00,0.000000,0.000000,0,74.7,0.0,0.0,220.1,0
1523,76150,1624.90,0,0.5000,0.00,0.000000,0.000000,0,74.8,0.0,0.0,220.1,0
1524,76200,1625.94,0,0.5000,0.00,0.000000,0.000000,0,74.8,0.0,0.0,220.1,0
1525,76250,1627.36,0,0.5000,0.00,0.000000,0.000000,0,74.8,0.0,0.0,220.1,0
1526,76300,1628.51,0,0.5000,0.00,0.000000,0.000000,0,74.8,0.0,0.0,220.1,0
1527,76350,1630.10,0,0.5000,0.00,0.000000,0.000000,0,74.8,0.0,0.0,220.1,0
1528,76400,1631.03,0,0.5000,0.00,0.000000,0.000000,0,74.9,0.0,0.0,220.1,0
1529,76450,1632.46,0,0.5000,0.00,0.000000,0.000000,0,74.9,0.0,0.0,220.1,0
1530,76500,1633.56,0,0.5000,0.00,0.000000,0.000000,0,74.9,0.0,0.0,220.1,0
1531,76550,1634.77,0,0.5000,0.00,0.000000,0.000000,0,74.9,0.0,0.0,220.1,0
1532,76600,1635.68,0,0.5000,0.00,0.000000,0.000000,0,74.9,0.0,0.0,220.1,0
1533,76650,1637.41,0,0.5000,0.00,0.000000,0.000000,0,75.0,0.0,0.0,220.1,0
1534,76700,1638.45,0,0.5000,0.00,0.000000,0.000000,0,75.0,0.0,0.0,220.1,0
1535,76750,1639.75,0,0.5000,0.00,0.000000,0.000000,0,75.0,0.0,0.0,220.1,0
1536,76800,1640.57,0,0.5000,0.00,0.000000,0.000000,0,75.0,0.0,0.0,220.1,0
1537,76850,1641.80,0,0.5000,0.00,0.000000,0.000000,0,75.0,0.0,0.0,220.1,0
1538,76900,1642.68,0,0.5000,0.00,0.000000,0.000000,0,75.0,0.0,0.0,220.1,0
1539,76950,1643.86,0,0.5000,0.00,0.000000,0.000000,0,75.1,0.0,0.0,220.1,0
1540,77000,1644.71,0,0.5000,0.00,0.000000,0.000000,0,75.1,0.0,0.0,220.1,0
1541,77050,1645.83,0,0.5000,0.00,0.000000,0.000000,0,75.1,0.0,0.0,220.1,0
1542,77100,1646.61,0,0.5000,0.00,0.000000,0.000000,0,75.1,0.0,0.0,220.1,0
1543,77150,1647.26,0,0.5000,0.00,0.000000,0.000000,0,75.1,0.0,0.0,220.1,0
1544,77200,1648.23,0,0.5000,0.00,0.000000,0.000000,0,75.1,0.0,0.0,220.1,0
1545,77250,1648.86,0,0.5000,0.00,0.000000,0.000000,0,75.1,0.0,0.0,220.1,0
1546,77300,1649.82,0,0.5000,0.00,0.000000,0.000000,0,75.1,0.0,0.0,220.1,0
1547,77350,1650.49,0,0.5000,0.00,0.000000,0.000000,0,75.2,0.0,0.0,220.1,0
1548,77400,1651.25,0,0.5000,0.00,0.000000,0.000000,0,75.2,0.0,0.0,220.1,0
1549,77450,1651.91,0,0.5000,0.00,0.000000,0.000000,0,75.2,0.0,0.0,220.1,0
1550,77500,1652.83,0,0.5000,0.00,0.000000,0.000000,0,75.2,0.0,0.0,220.1,0
1551,77550,1653.39,0,0.5000,0.00,0.000000,0.000000,0,75.2,0.0,0.0,220.1,0
1552,77600,1654.06,0,0.5000,0.00,0.000000,0.000000,0,75.2,0.0,0.0,220.1,0
1553,77650,1654.47,0,0.5000,0.00,0.000000,0.000000,0,75.2,0.0,0.0,220.1,0
1554,77700,1655.12,0,0.5000,0.00,0.000000,0.000000,0,75.2,0.0,0.0,220.1,0
1555,77750,1655.75,0,0.5000,0.00,0.000000,0.000000,0,75.2,0.0,0.0,220.1,0
1556,77800,1656.37,0,0.5000,0.00,0.000000,0.000000,0,75.2,0.0,0.0,220.1,0
1557,77850,1656.80,0,0.5000,0.00,0.000000,0.000000,0,75.2,0.0,0.0,220.1,0
1558,77900,1657.45,0,0.5000,0.00,0.000000,0.000000,0,75.3,0.0,0.0,220.1,0
1559,77950,1657.92,0,0.5000,0.00,0.000000,0.000000,0,75.3,0.0,0.0,220.1,0
1560,78000,1658.51,0,0.5000,0.00,0.000000,0.000000,0,75.3,0.0,0.0,220.1,0
1561,78050,1658.86,0,0.5000,0.00,0.000000,0.000000,0,75.3,0.0,0.0,220.1,0
1562,78100,1659.40,0,0.5000,0.00,0.000000,0.000000,0,75.3,0.0,0.0,220.1,0
1563,78150,1659.56,0,0.5000,0.00,0.000000,0.000000,0,75.3,0.0,0.0,220.1,0
1564,78200,1659.96,0,0.5000,0.00,0.000000,0.000000,0,75.3,0.0,0.0,220.1,0
1565,78250,1660.18,0,0.5000,0.00,0.000000,0.000000,0,75.3,0.0,0.0,220.1,0
1566,78300,1660.49,0,0.5000,0.00,0.000000,0.000000,0,75.3,0.0,0.0,220.1,0
1567,78350,1660.68,0,0.5000,0.00,0.000000,0.000000,0,75.3,0.0,0.0,220.1,0
1568,78400,1660.97,0,0.5000,0.00,0.000000,0.000000,0,75.3,0.0,0.0,220.1,0
1569,78450,1661.09,0,0.5000,0.00,0.000000,0.000000,0,75.3,0.0,0.0,220.1,0
1570,78500,1661.41,0,0.5000,0.00,0.000000,0.000000,0,75.3,0.0,0.0,220.1,0
1571,78550,1661.52,0,0.5000,0.00,0.000000,0.000000,0,75.3,0.0,0.0,220.1,0
1572,78600,1661.74,0,0.5000,0.00,0.000000,0.000000,0,75.3,0.0,0.0,220.1,0
1573,78650,1661.92,0,0.5000,0.00,0.000000,0.000000,0,75.3,0.0,0.0,220.1,0
1574,78700,1661.94,0,0.5000,0.00,0.000000,0.000000,0,75.3,0.0,0.0,220.1,0
1575,78750,1662.06,0,0.5000,0.00,0.000000,0.000000,0,75.3,0.0,0.0,220.1,0
1576,78800,1662.25,0,0.5000,0.00,0.000000,0.000000,0,75.3,0.0,0.0,220.1,0
1577,78850,1662.43,0,0.5000,0.00,0.000000,0.000000,0,75.3,0.0,0.0,220.1,0
1578,78900,1662.54,0,0.5000,0.00,0.000000,0.000000,0,75.3,0.0,0.0,220.1,0
1579,78950,1662.74,0,0.5000,0.00,0.000000,0.000000,0,75.3,0.0,0.0,220.1,0
1580,79000,1662.86,0,0.5000,0.00,0.000000,0.000000,0,75.3,0.0,0.0,220.1,0
1581,79050,1662.76,0,0.5000,0.00,0.000000,0.000000,0,75.3,0.0,0.0,220.1,0
1582,79100,1662.87,0,0.5000,0.00,0.000000,0.000000,0,75.3,0.0,0.0,220.1,0
1583,79150,1662.75,0,0.5000,0.00,0.000000,0.000000,0,75.3,0.0,0.0,220.1,0
1584,79200,1662.64,0,0.5000,0.00,0.000000,0.000000,0,75.3,0.0,0.0,220.1,0
1585,79250,1662.60,0,0.5000,0.00,0.000000,0.000000,0,75.3,0.0,0.0,220.1,0
1586,79300,1662.39,0,0.5000,0.00,0.000000,0.000000,0,75.3,0.0,0.0,220.1,0
1587,79350,1662.19,0,0.5000,0.00,0.000000,0.000000,0,75.3,0.0,0.0,220.1,0
1588,79400,1661.85,0,0.5000,0.00,0.000000,0.000000,0,75.3,0.0,0.0,220.1,0
1589,79450,1661.77,0,0.5000,0.00,0.000000,0.000000,0,75.3,0.0,0.0,220.1,0
1590,79500,1661.78,0,0.5000,0.00,0.000000,0.000000,0,75.3,0.0,0.0,220.1,0
1591,79550,1661.71,0,0.5000,0.00,0.000000,0.000000,0,75.3,0.0,0.0,220.1,0
1592,79600,1661.67,0,0.5000,0.00,0.000000,0.000000,0,75.3,0.0,0.0,220.1,0
1593,79650,1661.68,0,0.5000,0.00,0.000000,0.000000,0,75.3,0.0,0.0,220.1,0
1594,79700,1661.70,0,0.5000,0.00,0.000000,0.000000,0,75.3,0.0,0.0,220.1,0
1595,79750,1661.94,0,0.5000,0.00,0.000000,0.000000,0,75.3,0.0,0.0,220.1,0
1596,79800,1661.82,0,0.5000,0.00,0.000000,0.000000,0,75.3,0.0,0.0,220.1,0
1597,79850,1661.71,0,0.5000,0.00,0.000000,0.000000,0,75.3,0.0,0.0,220.1,0
1598,79900,1661.45,0,0.5000,0.00,0.000000,0.000000,0,75.3,0.0,0.0,220.1,0
1599,79950,1660.79,0,0.5000,0.00,0.000000,0.000000,0,75.3,0.0,0.0,220.1,0
1600,80000,1660.58,0,0.5000,0.00,0.000000,0.000000,0,75.3,0.0,0.0,220.1,0
1601,80050,1659.97,0,0.5000,0.00,0.000000,0.000000,0,75.3,0.0,0.0,220.1,0
1602,80100,1659.37,0,0.5000,0.00,0.000000,0.000000,0,75.3,0.0,0.0,220.1,0
1603,80150,1655.10,0,0.5000,0.00,0.000000,0.000000,0,75.2,0.0,0.0,220.1,0
1604,80200,1613.31,0,0.5000,0.00,0.000000,0.000000,0,74.6,0.0,0.0,220.1,0
1605,80250,1634.67,0,0.5000,0.00,0.000000,0.000000,0,74.9,0.0,0.0,220.1,0
1606,80300,1644.75,0,0.5000,0.00,0.000000,0.000000,0,75.1,0.0,0.0,220.1,0
1607,80350,1650.94,0,0.5000,0.00,0.000000,0.000000,0,75.2,0.0,0.0,220.1,0
1608,80400,1652.17,0,0.5000,0.00,0.000000,0.000000,0,75.2,0.0,0.0,220.1,0
1609,80450,1652.48,0,0.5000,0.00,0.000000,0.000000,0,75.2,0.0,0.0,220.1,0
1610,80500,1652.18,0,0.5000,0.00,0.000000,0.000000,0,75.2,0.0,0.0,220.1,0
1611,80550,1651.69,0,0.5000,0.00,0.000000,0.000000,0,75.2,0.0,0.0,220.1,0
1612,80600,1650.64,0,0.5000,0.00,0.000000,0.000000,0,75.2,0.0,0.0,220.1,0
1613,80650,1649.94,0,0.5000,0.00,0.000000,0.000000,0,75.1,0.0,0.0,220.1,0
1614,80700,1648.90,0,0.5000,0.00,0.000000,0.000000,0,75.1,0.0,0.0,220.1,0
1615,80750,1648.33,0,0.5000,0.00,0.000000,0.000000,0,75.1,0.0,0.0,220.1,0
1616,80800,1647.37,0,0.5000,0.00,0.000000,0.000000,0,75.1,0.0,0.0,220.1,0
1617,80850,1646.66,0,0.5000,0.00,0.000000,0.000000,0,75.1,0.0,0.0,220.1,0
1618,80900,1646.98,0,0.5000,0.00,0.000000,0.000000,0,75.1,0.0,0.0,220.1,0
1619,80950,1646.94,0,0.5000,0.00,0.000000,0.000000,0,75.1,0.0,0.0,220.1,0
1620,81000,1645.64,0,0.5000,0.00,0.000000,0.000000,0,75.1,0.0,0.0,220.1,0
1621,81050,1645.00,0,0.5000,0.00,0.000000,0.000000,0,75.1,0.0,0.0,220.1,0
1622,81100,1644.69,0,0.5000,0.00,0.000000,0.000000,0,75.1,0.0,0.0,220.1,0
1623,81150,1643.56,0,0.5000,0.00,0.000000,0.000000,0,75.0,0.0,0.0,220.1,0
1624,81200,1642.09,0,0.5000,0.00,0.000000,0.000000,0,75.0,0.0,0.0,220.1,0
1625,81250,1641.18,0,0.5000,0.00,0.000000,0.000000,0,75.0,0.0,0.0,220.1,0
1626,81300,1640.96,0,0.5000,0.00,0.000000,0.000000,0,75.0,0.0,0.0,220.1,0
1627,81350,1641.37,0,0.5000,0.00,0.000000,0.000000,0,75.0,0.0,0.0,220.1,0
1628,81400,1643.18,0,0.5000,0.00,0.000000,0.000000,0,75.0,0.0,0.0,220.1,0
1629,81450,1644.20,0,0.5000,0.00,0.000000,0.000000,0,75.1,0.0,0.0,220.1,0
1630,81500,1644.85,0,0.5000,0.00,0.000000,0.000000,0,75.1,0.0,0.0,220.1,0
1631,81550,1644.79,0,0.5000,0.00,0.000000,0.000000,0,75.1,0.0,0.0,220.1,0
1632,81600,1645.37,0,0.5000,0.00,0.000000,0.000000,0,75.1,0.0,0.0,220.1,0
1633,81650,1647.43,0,0.5000,0.00,0.000000,0.000000,0,75.1,0.0,0.0,220.1,0
1634,81700,1649.70,0,0.5000,0.00,0.000000,0.000000,0,75.1,0.0,0.0,220.1,0
1635,81750,1647.78,0,0.5000,0.00,0.000000,0.000000,0,75.1,0.0,0.0,220.1,0
1636,81800,1642.02,0,0.5000,0.00,0.000000,0.000000,0,75.0,0.0,0.0,220.1,0
1637,81850,1637.99,0,0.5000,0.00,0.000000,0.000000,0,75.0,0.0,0.0,220.1,0
1638,81900,1632.47,0,0.5000,0.00,0.000000,0.000000,0,74.9,0.0,0.0,220.1,0
1639,81950,1628.43,0,0.5000,0.00,0.000000,0.000000,0,74.8,0.0,0.0,220.1,0
1640,82000,1621.64,0,0.5000,0.00,0.000000,0.000000,0,74.7,0.0,0.0,220.1,0
1641,82050,1619.06,0,0.5000,0.00,0.000000,0.000000,0,74.7,0.0,0.0,220.1,0
1642,82100,1617.50,0,0.5000,0.00,0.000000,0.000000,0,74.7,0.0,0.0,220.1,0
1643,82150,1617.32,0,0.5000,0.00,0.000000,0.000000,0,74.6,0.0,0.0,220.1,0
1644,82200,1617.12,0,0.5000,0.00,0.000000,0.000000,0,74.6,0.0,0.0,220.1,0
1645,82250,1617.38,0,0.5000,0.00,0.000000,0.000000,0,74.6,0.0,0.0,220.1,0
1646,82300,1617.63,0,0.5000,0.00,0.000000,0.000000,0,74.7,0.0,0.0,220.1,0
1647,82350,1617.46,0,0.5000,0.00,0.000000,0.000000,0,74.7,0.0,0.0,220.1,0
1648,82400,1617.04,0,0.5000,0.00,0.000000,0.000000,0,74.6,0.0,0.0,220.1,0
1649,82450,1615.83,0,0.5000,0.00,0.000000,0.000000,0,74.6,0.0,0.0,220.1,0
1650,82500,1615.55,0,0.5000,0.00,0.000000,0.000000,0,74.6,0.0,0.0,220.1,0
1651,82550,1615.15,0,0.5000,0.00,0.000000,0.000000,0,74.6,0.0,0.0,220.1,0
1652,82600,1614.61,0,0.5000,0.00,0.000000,0.000000,0,74.6,0.0,0.0,220.1,0
1653,82650,1612.88,0,0.5000,0.00,0.000000,0.000000,0,74.6,0.0,0.0,220.1,0
1654,82700,1611.15,6,0.6500,0.00,0.000000,0.000000,0,74.6,0.0,0.0,220.1,1
1655,82750,1608.23,6,0.6500,0.00,0.000000,0.000000,0,74.5,0.0,0.0,220.1,1
1656,82800,1606.80,6,0.6500,0.00,0.000000,0.000000,0,74.5,0.0,0.0,220.1,1
1657,82850,1605.37,6,0.6500,0.00,0.000000,0.000000,0,74.5,0.0,0.0,220.1,1
1658,82900,1604.45,6,0.6500,0.00,0.000000,0.000000,0,74.5,0.0,0.0,220.1,1
1659,82950,1603.19,6,0.6500,0.00,0.000000,0.000000,0,74.4,0.0,0.0,220.1,1
1660,83000,1603.28,6,0.6500,0.00,0.000000,0.000000,0,74.4,0.0,0.0,220.1,1
1661,83050,1603.15,6,0.6500,0.00,0.000000,0.000000,0,74.4,0.0,0.0,220.1,1
1662,83100,1602.40,6,0.6500,0.00,0.000000,0.000000,0,74.4,0.0,0.0,220.1,1
1663,83150,1600.80,6,0.6500,0.00,0.000000,0.000000,0,74.4,0.0,0.0,220.1,1
1664,83200,1598.64,6,0.6500,0.00,0.000000,0.000000,0,74.4,0.0,0.0,220.1,1
1665,83250,1595.37,6,0.6500,0.00,0.000000,0.000000,0,74.3,0.0,0.0,220.1,1
1666,83300,1593.26,6,0.6500,0.00,0.000000,0.000000,0,74.3,0.0,0.0,220.1,1
1667,83350,1590.18,6,0.6500,0.00,0.000000,0.000000,0,74.2,0.0,0.0,220.1,1
1668,83400,1587.95,6,0.6500,0.00,0.000000,0.000000,0,74.2,0.0,0.0,220.1,1
1669,83450,1584.60,6,0.6500,0.00,0.000000,0.000000,0,74.1,0.0,0.0,220.1,1
1670,83500,1582.88,6,0.6500,0.00,0.000000,0.000000,0,74.1,0.0,0.0,220.1,1
1671,83550,1581.16,6,0.6500,0.00,0.000000,0.000000,0,74.1,0.0,0.0,220.1,1
1672,83600,1580.50,6,0.6500,0.00,0.000000,0.000000,0,74.1,0.0,0.0,220.1,1
1673,83650,1580.04,6,0.6500,0.00,0.000000,0.000000,0,74.1,0.0,0.0,220.1,1
1674,83700,1580.48,6,0.6500,0.00,0.000000,0.000000,0,74.1,0.0,0.0,220.1,1
1675,83750,1581.62,6,0.6500,0.00,0.000000,0.000000,0,74.1,0.0,0.0,220.1,1
1676,83800,1582.45,6,0.6500,0.00,0.000000,0.000000,0,74.1,0.0,0.0,220.1,1
1677,83850,1582.84,6,0.6500,0.00,0.000000,0.000000,0,74.1,0.0,0.0,220.1,1
1678,83900,1583.65,6,0.6500,0.00,0.000000,0.000000,0,74.1,0.0,0.0,220.1,1
1679,83950,1584.31,6,0.6500,0.00,0.000000,0.000000,0,74.1,0.0,0.0,220.1,1
1680,84000,1584.75,6,0.6500,0.00,0.000000,0.000000,0,74.2,0.0,0.0,220.1,1
1681,84050,1585.08,6,0.6500,0.00,0.000000,0.000000,0,74.2,0.0,0.0,220.1,1
1682,84100,1584.82,6,0.6500,0.00,0.000000,0.000000,0,74.2,0.0,0.0,220.1,1
1683,84150,1583.35,6,0.6500,0.00,0.000000,0.000000,0,74.1,0.0,0.0,220.1,1
1684,84200,1581.31,6,0.6500,0.00,0.000000,0.000000,0,74.1,0.0,0.0,220.1,1
1685,84250,1579.84,6,0.6500,0.00,0.000000,0.000000,0,74.1,0.0,0.0,220.1,1
1686,84300,1577.95,6,0.6500,0.00,0.000000,0.000000,0,74.0,0.0,0.0,220.1,1
1687,84350,1576.37,6,0.6500,0.00,0.000000,0.000000,0,74.0,0.0,0.0,220.1,1
1688,84400,1573.11,6,0.6500,0.00,0.000000,0.000000,0,74.0,0.0,0.0,220.1,1
1689,84450,1570.80,6,0.6500,0.00,0.000000,0.000000,0,73.9,0.0,0.0,220.1,1
1690,84500,1567.68,6,0.6500,0.00,0.000000,0.000000,0,73.9,0.0,0.0,220.1,1
1691,84550,1565.86,6,0.6500,0.00,0.000000,0.000000,0,73.9,0.0,0.0,220.1,1
1692,84600,1563.92,6,0.6500,0.00,0.000000,0.000000,0,73.8,0.0,0.0,220.1,1
1693,84650,1563.07,6,0.6500,0.00,0.000000,0.000000,0,73.8,0.0,0.0,220.1,1
1694,84700,1562.15,6,0.6500,0.00,0.000000,0.000000,0,73.8,0.0,0.0,220.1,1
1695,84750,1561.53,6,0.6500,0.00,0.000000,0.000000,0,73.8,0.0,0.0,220.1,1
1696,84800,1561.09,6,0.6500,0.00,0.000000,0.000000,0,73.8,0.0,0.0,220.1,1
1697,84850,1560.37,6,0.6500,0.00,0.000000,0.000000,0,73.8,0.0,0.0,220.1,1
1698,84900,1558.38,6,0.6500,0.00,0.000000,0.000000,0,73.7,0.0,0.0,220.1,1
1699,84950,1558.56,6,0.6500,0.00,0.000000,0.000000,0,73.8,0.0,0.0,220.1,1
1700,85000,1557.65,6,0.6500,0.00,0.000000,0.000000,0,73.7,0.0,0.0,220.1,1
1701,85050,1557.00,6,0.6500,0.00,0.000000,0.000000,0,73.7,0.0,0.0,220.1,1
1702,85100,1555.90,6,0.6500,0.00,0.000000,0.000000,0,73.7,0.0,0.0,220.1,1
1703,85150,1555.34,6,0.6500,0.00,0.000000,0.000000,0,73.7,0.0,0.0,220.1,1
1704,85200,1554.32,6,0.6500,0.00,0.000000,0.000000,0,73.7,0.0,0.0,220.1,1
1705,85250,1552.59,6,0.6500,0.00,0.000000,0.000000,0,73.7,0.0,0.0,220.1,1
1706,85300,1549.51,6,0.6500,0.00,0.000000,0.000000,0,73.6,0.0,0.0,220.1,1
1707,85350,1547.30,6,0.6500,0.00,0.000000,0.000000,0,73.6,0.0,0.0,220.1,1
1708,85400,1545.91,6,0.6500,0.00,0.000000,0.000000,0,73.6,0.0,0.0,220.1,1
1709,85450,1544.36,6,0.6500,0.00,0.000000,0.000000,0,73.5,0.0,0.0,220.1,1
1710,85500,1544.74,6,0.6500,0.00,0.000000,0.000000,0,73.5,0.0,0.0,220.1,1
1711,85550,1544.69,6,0.6500,0.00,0.000000,0.000000,0,73.5,0.0,0.0,220.1,1
1712,85600,1544.21,6,0.6500,0.00,0.000000,0.000000,0,73.5,0.0,0.0,220.1,1
1713,85650,1543.38,6,0.6500,0.00,0.000000,0.000000,0,73.5,0.0,0.0,220.1,1
1714,85700,1541.79,6,0.6500,0.00,0.000000,0.000000,0,73.5,0.0,0.0,220.1,1
1715,85750,1540.00,6,0.6500,0.00,0.000000,0.000000,0,73.5,0.0,0.0,220.1,1
1716,85800,1539.41,6,0.6500,0.00,0.000000,0.000000,0,73.5,0.0,0.0,220.1,1
1717,85850,1539.18,6,0.6500,0.00,0.000000,0.000000,0,73.5,0.0,0.0,220.1,1
1718,85900,1538.54,6,0.6500,0.00,0.000000,0.000000,0,73.4,0.0,0.0,220.1,1
1719,85950,1536.45,6,0.6500,0.00,0.000000,0.000000,0,73.4,0.0,0.0,220.1,1
1720,86000,1534.26,6,0.6500,0.00,0.000000,0.000000,0,73.4,0.0,0.0,220.1,1
1721,86050,1529.37,6,0.6500,0.00,0.000000,0.000000,0,73.3,0.0,0.0,220.1,1
1722,86100,1527.19,6,0.6500,0.00,0.000000,0.000000,0,73.3,0.0,0.0,220.1,1
1723,86150,1525.06,6,0.6500,0.00,0.000000,0.000000,0,73.2,0.0,0.0,220.1,1
1724,86200,1524.24,6,0.6500,0.00,0.000000,0.000000,0,73.2,0.0,0.0,220.1,1
1725,86250,1523.13,6,0.6500,0.00,0.000000,0.000000,0,73.2,0.0,0.0,220.1,1
1726,86300,1522.23,6,0.6500,0.00,0.000000,0.000000,0,73.2,0.0,0.0,220.1,1
1727,86350,1520.82,6,0.6500,0.00,0.000000,0.000000,0,73.2,0.0,0.0,220.1,1
1728,86400,1519.90,6,0.6500,0.00,0.000000,0.000000,0,73.2,0.0,0.0,220.1,1
1729,86450,1518.67,6,0.6500,0.00,0.000000,0.000000,0,73.1,0.0,0.0,220.1,1
1730,86500,1517.70,6,0.6500,0.00,0.000000,0.000000,0,73.1,0.0,0.0,220.1,1
1731,86550,1516.17,6,0.6500,0.00,0.000000,0.000000,0,73.1,0.0,0.0,220.1,1
1732,86600,1515.51,6,0.6500,0.00,0.000000,0.000000,0,73.1,0.0,0.0,220.1,1
1733,86650,1514.30,6,0.6500,0.00,0.000000,0.000000,0,73.1,0.0,0.0,220.1,1
1734,86700,1513.31,6,0.6500,0.00,0.000000,0.000000,0,73.1,0.0,0.0,220.1,1
1735,86750,1512.13,6,0.6500,0.00,0.000000,0.000000,0,73.0,0.0,0.0,220.1,1
1736,86800,1511.10,6,0.6500,0.00,0.000000,0.000000,0,73.0,0.0,0.0,220.1,1
1737,86850,1509.54,6,0.6500,0.00,0.000000,0.000000,0,73.0,0.0,0.0,220.1,1
1738,86900,1508.64,6,0.6500,0.00,0.000000,0.000000,0,73.0,0.0,0.0,220.1,1
1739,86950,1507.46,6,0.6500,0.00,0.000000,0.000000,0,73.0,0.0,0.0,220.1,1
1740,87000,1505.97,6,0.6500,0.00,0.000000,0.000000,0,73.0,0.0,0.0,220.1,1
1741,87050,1503.96,6,0.6500,0.00,0.000000,0.000000,0,72.9,0.0,0.0,220.1,1
1742,87100,1502.80,6,0.6500,0.00,0.000000,0.000000,0,72.9,0.0,0.0,220.1,1
1743,87150,1502.20,6,0.6500,0.00,0.000000,0.000000,0,72.9,0.0,0.0,220.1,1
1744,87200,1501.56,6,0.6500,0.00,0.000000,0.000000,0,72.9,0.0,0.0,220.1,1
1745,87250,1500.82,6,0.6500,0.00,0.000000,0.000000,0,72.9,0.0,0.0,220.1,1
1746,87300,1498.87,6,0.6500,0.00,0.000000,0.000000,0,72.8,0.0,0.0,220.1,1
1747,87350,1497.55,6,0.6500,0.00,0.000000,0.000000,0,72.8,0.0,0.0,220.1,1
1748,87400,1495.46,6,0.6500,0.00,0.000000,0.000000,0,72.8,0.0,0.0,220.1,1
1749,87450,1493.96,6,0.6500,0.00,0.000000,0.000000,0,72.8,0.0,0.0,220.1,1
1750,87500,1491.88,6,0.6500,0.00,0.000000,0.000000,0,72.7,0.0,0.0,220.1,1
1751,87550,1490.60,6,0.6500,0.00,0.000000,0.000000,0,72.7,0.0,0.0,220.1,1
1752,87600,1488.30,6,0.6500,0.00,0.000000,0.000000,0,72.7,0.0,0.0,220.1,1
1753,87650,1486.45,6,0.6500,0.00,0.000000,0.000000,0,72.7,0.0,0.0,220.1,1
1754,87700,1484.05,6,0.6500,0.00,0.000000,0.000000,0,72.6,0.0,0.0,220.1,1
1755,87750,1482.44,6,0.6500,0.00,0.000000,0.000000,0,72.6,0.0,0.0,220.1,1
1756,87800,1480.19,6,0.6500,0.00,0.000000,0.000000,0,72.6,0.0,0.0,220.1,1
1757,87850,1479.17,6,0.6500,0.00,0.000000,0.000000,0,72.5,0.0,0.0,220.1,1
1758,87900,1477.57,6,0.6500,0.00,0.000000,0.000000,0,72.5,0.0,0.0,220.1,1
1759,87950,1476.90,6,0.6500,0.00,0.000000,0.000000,0,72.5,0.0,0.0,220.1,1
1760,88000,1475.87,6,0.6500,0.00,0.000000,0.000000,0,72.5,0.0,0.0,220.1,1
1761,88050,1475.06,6,0.6500,0.00,0.000000,0.000000,0,72.5,0.0,0.0,220.1,1
1762,88100,1474.08,6,0.6500,0.00,0.000000,0.000000,0,72.5,0.0,0.0,220.1,1
1763,88150,1473.65,6,0.6500,0.00,0.000000,0.000000,0,72.5,0.0,0.0,220.1,1
1764,88200,1472.51,6,0.6500,0.00,0.000000,0.000000,0,72.4,0.0,0.0,220.1,1
1765,88250,1471.53,6,0.6500,0.00,0.000000,0.000000,0,72.4,0.0,0.0,220.1,1
1766,88300,1469.32,6,0.6500,0.00,0.000000,0.000000,0,72.4,0.0,0.0,220.1,1
1767,88350,1468.15,6,0.6500,0.00,0.000000,0.000000,0,72.4,0.0,0.0,220.1,1
1768,88400,1467.04,6,0.6500,0.00,0.000000,0.000000,0,72.4,0.0,0.0,220.1,1
1769,88450,1466.48,6,0.6500,0.00,0.000000,0.000000,0,72.3,0.0,0.0,220.1,1
1770,88500,1464.57,6,0.6500,0.00,0.000000,0.000000,0,72.3,0.0,0.0,220.1,1
1771,88550,1463.47,6,0.6500,0.00,0.000000,0.000000,0,72.3,0.0,0.0,220.1,1
1772,88600,1462.17,6,0.6500,0.00,0.000000,0.000000,0,72.3,0.0,0.0,220.1,1
1773,88650,1461.13,6,0.6500,0.00,0.000000,0.000000,0,72.3,0.0,0.0,220.1,1
1774,88700,1459.53,6,0.5000,0.00,0.000000,0.000000,1,72.2,0.0,0.0,220.1,1
1775,88750,1458.82,6,0.5000,0.00,0.000000,0.000000,1,72.2,0.0,0.0,220.1,1
1776,88800,1458.87,6,0.5000,0.00,0.000000,0.000000,1,72.2,0.0,0.0,220.1,1
1777,88850,1458.49,6,0.5000,0.00,0.000000,0.000000,1,72.2,0.0,0.0,220.1,1
1778,88900,1455.95,6,0.5000,0.00,0.000000,0.000000,1,72.2,0.0,0.0,220.1,1
1779,88950,1454.30,6,0.5000,0.00,0.000000,0.000000,1,72.2,0.0,0.0,220.1,1
1780,89000,1452.98,6,0.5000,0.00,0.000000,0.000000,1,72.1,0.0,0.0,220.1,1
1781,89050,1450.89,6,0.5000,0.00,0.000000,0.000000,1,72.1,0.0,0.0,220.1,1
1782,89100,1449.87,6,0.5000,0.00,0.000000,0.000000,1,72.1,0.0,0.0,220.1,1
1783,89150,1448.16,6,0.5000,0.00,0.000000,0.000000,1,72.1,0.0,0.0,220.1,1
1784,89200,1447.07,6,0.5000,0.00,0.000000,0.000000,1,72.1,0.0,0.0,220.1,1
1785,89250,1444.81,6,0.5000,0.00,0.000000,0.000000,1,72.0,0.0,0.0,220.1,1
1786,89300,1443.72,6,0.5000,0.00,0.000000,0.000000,1,72.0,0.0,0.0,220.1,1
1787,89350,1442.72,6,0.5000,0.00,0.000000,0.000000,1,72.0,0.0,0.0,220.1,1
1788,89400,1442.13,6,0.5000,0.00,0.000000,0.000000,1,72.0,0.0,0.0,220.1,1
1789,89450,1440.40,6,0.5000,0.00,0.000000,0.000000,1,72.0,0.0,0.0,220.1,1
1790,89500,1439.07,6,0.5000,0.00,0.000000,0.000000,1,71.9,0.0,0.0,220.1,1
1791,89550,1438.08,6,0.5000,0.00,0.000000,0.000000,1,71.9,0.0,0.0,220.1,1
1792,89600,1437.37,6,0.5000,0.00,0.000000,0.000000,1,71.9,0.0,0.0,220.1,1
1793,89650,1435.50,6,0.5000,0.00,0.000000,0.000000,1,71.9,0.0,0.0,220.1,1
1794,89700,1433.94,6,0.5000,0.00,0.000000,0.000000,1,71.9,0.0,0.0,220.1,1
1795,89750,1432.52,6,0.5000,0.00,0.000000,0.000000,1,71.8,0.0,0.0,220.1,1
1796,89800,1431.81,6,0.5000,0.00,0.000000,0.000000,1,71.8,0.0,0.0,220.1,1
1797,89850,1430.19,6,0.5000,0.00,0.000000,0.000000,1,71.8,0.0,0.0,220.1,1
1798,89900,1428.87,6,0.5000,0.00,0.000000,0.000000,1,71.8,0.0,0.0,220.1,1
1799,89950,1427.21,6,0.5000,0.00,0.000000,0.000000,1,71.8,0.0,0.0,220.1,1
1800,90000,1426.13,6,0.5000,0.00,0.000000,0.000000,1,71.7,0.0,0.0,220.1,1
1801,90050,1424.79,6,0.5000,0.00,0.000000,0.000000,1,71.7,0.0,0.0,220.1,1
1802,90100,1423.89,6,0.5000,0.00,0.000000,0.000000,1,71.7,0.0,0.0,220.1,1
1803,90150,1422.40,6,0.5000,0.00,0.000000,0.000000,1,71.7,0.0,0.0,220.1,1
1804,90200,1421.41,6,0.5000,0.00,0.000000,0.000000,1,71.7,0.0,0.0,220.1,1
1805,90250,1420.74,6,0.5000,0.00,0.000000,0.000000,1,71.7,0.0,0.0,220.1,1
1806,90300,1420.22,6,0.5000,0.00,0.000000,0.000000,1,71.6,0.0,0.0,220.1,1
1807,90350,1419.14,6,0.5000,0.00,0.000000,0.000000,1,71.6,0.0,0.0,220.1,1
1808,90400,1418.74,6,0.5000,0.00,0.000000,0.000000,1,71.6,0.0,0.0,220.1,1
1809,90450,1416.94,6,0.5000,0.00,0.000000,0.000000,1,71.6,0.0,0.0,220.1,1
1810,90500,1415.18,6,0.5000,0.00,0.000000,0.000000,1,71.6,0.0,0.0,220.1,1
1811,90550,1413.51,6,0.5000,0.00,0.000000,0.000000,1,71.5,0.0,0.0,220.1,1
1812,90600,1412.59,6,0.5000,0.00,0.000000,0.000000,1,71.5,0.0,0.0,220.1,1
1813,90650,1411.36,6,0.5000,0.00,0.000000,0.000000,1,71.5,0.0,0.0,220.1,1
1814,90700,1409.90,6,0.5000,0.00,0.000000,0.000000,1,71.5,0.0,0.0,220.1,1
1815,90750,1409.02,6,0.5000,0.00,0.000000,0.000000,1,71.5,0.0,0.0,220.1,1
1816,90800,1408.10,6,0.5000,0.00,0.000000,0.000000,1,71.5,0.0,0.0,220.1,1
1817,90850,1408.04,6,0.5000,0.00,0.000000,0.000000,1,71.5,0.0,0.0,220.1,1
1818,90900,1407.30,6,0.5000,0.00,0.000000,0.000000,1,71.4,0.0,0.0,220.1,1
1819,90950,1406.94,6,0.5000,0.00,0.000000,0.000000,1,71.4,0.0,0.0,220.1,1
1820,91000,1405.20,6,0.5000,0.00,0.000000,0.000000,1,71.4,0.0,0.0,220.1,1
1821,91050,1404.41,6,0.5000,0.00,0.000000,0.000000,1,71.4,0.0,0.0,220.1,1
1822,91100,1404.10,6,0.5000,0.00,0.000000,0.000000,1,71.4,0.0,0.0,220.1,1
1823,91150,1404.16,6,0.5000,0.00,0.000000,0.000000,1,71.4,0.0,0.0,220.1,1
1824,91200,1403.32,6,0.3500,0.00,0.000000,0.000000,2,71.4,0.0,0.0,220.1,1
1825,91250,1402.94,6,0.3500,0.00,0.000000,0.000000,2,71.4,0.0,0.0,220.1,1
1826,91300,1401.32,6,0.3500,0.00,0.000000,0.000000,2,71.4,0.0,0.0,220.1,1
1827,91350,1399.65,6,0.3500,0.00,0.000000,0.000000,2,71.3,0.0,0.0,220.1,1
1828,91400,1396.41,6,0.3500,0.00,0.000000,0.000000,2,71.3,0.0,0.0,220.1,1
1829,91450,1394.87,6,0.3500,0.00,0.000000,0.000000,2,71.3,0.0,0.0,220.1,1
1830,91500,1392.54,6,0.3500,0.00,0.000000,0.000000,2,71.2,0.0,0.0,220.1,1
1831,91550,1391.66,6,0.3500,0.00,0.000000,0.000000,2,71.2,0.0,0.0,220.1,1
1832,91600,1392.07,6,0.3500,0.00,0.000000,0.000000,2,71.2,0.0,0.0,220.1,1
1833,91650,1392.16,6,0.3500,0.00,0.000000,0.000000,2,71.2,0.0,0.0,220.1,1
1834,91700,1390.85,6,0.3500,0.00,0.000000,0.000000,2,71.2,0.0,0.0,220.1,1
1835,91750,1389.76,6,0.3500,0.00,0.000000,0.000000,2,71.2,0.0,0.0,220.1,1
1836,91800,1387.31,6,0.3500,0.00,0.000000,0.000000,2,71.1,0.0,0.0,220.1,1
1837,91850,1385.98,6,0.3500,0.00,0.000000,0.000000,2,71.1,0.0,0.0,220.1,1
1838,91900,1384.47,6,0.3500,0.00,0.000000,0.000000,2,71.1,0.0,0.0,220.1,1
1839,91950,1383.89,6,0.3500,0.00,0.000000,0.000000,2,71.1,0.0,0.0,220.1,1
1840,92000,1383.66,6,0.3500,0.00,0.000000,0.000000,2,71.1,0.0,0.0,220.1,1
1841,92050,1382.58,6,0.3500,0.00,0.000000,0.000000,2,71.1,0.0,0.0,220.1,1
1842,92100,1379.16,6,0.3500,0.00,0.000000,0.000000,2,71.0,0.0,0.0,220.1,1
1843,92150,1376.72,6,0.3500,0.00,0.000000,0.000000,2,71.0,0.0,0.0,220.1,1
1844,92200,1375.11,6,0.3500,0.00,0.000000,0.000000,2,71.0,0.0,0.0,220.1,1
1845,92250,1374.78,6,0.3500,0.00,0.000000,0.000000,2,71.0,0.0,0.0,220.1,1
1846,92300,1374.01,6,0.3500,0.00,0.000000,0.000000,2,70.9,0.0,0.0,220.1,1
1847,92350,1374.49,6,0.3500,0.00,0.000000,0.000000,2,70.9,0.0,0.0,220.1,1
1848,92400,1375.05,6,0.3500,0.00,0.000000,0.000000,2,71.0,0.0,0.0,220.1,1
1849,92450,1374.77,6,0.3500,0.00,0.000000,0.000000,2,71.0,0.0,0.0,220.1,1
1850,92500,1374.52,6,0.3500,0.00,0.000000,0.000000,2,70.9,0.0,0.0,220.1,1
1851,92550,1373.12,6,0.3500,0.00,0.000000,0.000000,2,70.9,0.0,0.0,220.1,1
1852,92600,1371.99,6,0.3500,0.00,0.000000,0.000000,2,70.9,0.0,0.0,220.1,1
1853,92650,1369.94,6,0.3500,0.00,0.000000,0.000000,2,70.9,0.0,0.0,220.1,1
1854,92700,1368.22,6,0.3500,0.00,0.000000,0.000000,2,70.9,0.0,0.0,220.1,1
1855,92750,1365.94,6,0.3500,0.00,0.000000,0.000000,2,70.8,0.0,0.0,220.1,1
1856,92800,1363.93,6,0.3500,0.00,0.000000,0.000000,2,70.8,0.0,0.0,220.1,1
1857,92850,1361.95,6,0.3500,0.00,0.000000,0.000000,2,70.8,0.0,0.0,220.1,1
1858,92900,1361.30,6,0.3500,0.00,0.000000,0.000000,2,70.7,0.0,0.0,220.1,1
1859,92950,1360.78,6,0.3500,0.00,0.000000,0.000000,2,70.7,0.0,0.0,220.1,1
1860,93000,1360.29,6,0.3500,0.00,0.000000,0.000000,2,70.7,0.0,0.0,220.1,1
1861,93050,1359.53,6,0.3500,0.00,0.000000,0.000000,2,70.7,0.0,0.0,220.1,1
1862,93100,1359.23,6,0.3500,0.00,0.000000,0.000000,2,70.7,0.0,0.0,220.1,1
1863,93150,1357.33,6,0.3500,0.00,0.000000,0.000000,2,70.7,0.0,0.0,220.1,1
1864,93200,1356.35,6,0.3500,0.00,0.000000,0.000000,2,70.7,0.0,0.0,220.1,1
1865,93250,1354.88,6,0.3500,0.00,0.000000,0.000000,2,70.6,0.0,0.0,220.1,1
1866,93300,1353.75,6,0.3500,0.00,0.000000,0.000000,2,70.6,0.0,0.0,220.1,1
1867,93350,1352.14,6,0.3500,0.00,0.000000,0.000000,2,70.6,0.0,0.0,220.1,1
1868,93400,1351.19,6,0.3500,0.00,0.000000,0.000000,2,70.6,0.0,0.0,220.1,1
1869,93450,1350.33,6,0.3500,0.00,0.000000,0.000000,2,70.6,0.0,0.0,220.1,1
1870,93500,1349.33,6,0.3500,0.00,0.000000,0.000000,2,70.6,0.0,0.0,220.1,1
1871,93550,1348.14,6,0.3500,0.00,0.000000,0.000000,2,70.5,0.0,0.0,220.1,1
1872,93600,1347.22,6,0.3500,0.00,0.000000,0.000000,2,70.5,0.0,0.0,220.1,1
1873,93650,1345.55,6,0.3500,0.00,0.000000,0.000000,2,70.5,0.0,0.0,220.1,1
1874,93700,1344.42,6,0.3500,0.00,0.000000,0.000000,2,70.5,0.0,0.0,220.1,1
1875,93750,1342.17,6,0.3500,0.00,0.000000,0.000000,2,70.5,0.0,0.0,220.1,1
1876,93800,1341.14,6,0.3500,0.00,0.000000,0.000000,2,70.4,0.0,0.0,220.1,1
1877,93850,1339.71,6,0.3500,0.00,0.000000,0.000000,2,70.4,0.0,0.0,220.1,1
1878,93900,1339.09,6,0.3500,0.00,0.000000,0.000000,2,70.4,0.0,0.0,220.1,1
1879,93950,1338.97,6,0.3500,0.00,0.000000,0.000000,2,70.4,0.0,0.0,220.1,1
1880,94000,1338.23,6,0.3500,0.00,0.000000,0.000000,2,70.4,0.0,0.0,220.1,1
1881,94050,1337.80,6,0.3500,0.00,0.000000,0.000000,2,70.4,0.0,0.0,220.1,1
1882,94100,1336.43,6,0.3500,0.00,0.000000,0.000000,2,70.4,0.0,0.0,220.1,1
1883,94150,1335.19,6,0.3500,0.00,0.000000,0.000000,2,70.3,0.0,0.0,220.1,1
1884,94200,1332.96,6,0.3500,0.00,0.000000,0.000000,2,70.3,0.0,0.0,220.1,1
1885,94250,1331.36,6,0.3500,0.00,0.000000,0.000000,2,70.3,0.0,0.0,220.1,1
1886,94300,1329.34,6,0.3500,0.00,0.000000,0.000000,2,70.3,0.0,0.0,220.1,1
1887,94350,1328.14,6,0.3500,0.00,0.000000,0.000000,2,70.2,0.0,0.0,220.1,1
1888,94400,1326.12,6,0.3500,0.00,0.000000,0.000000,2,70.2,0.0,0.0,220.1,1
1889,94450,1324.87,6,0.3500,0.00,0.000000,0.000000,2,70.2,0.0,0.0,220.1,1
1890,94500,1323.11,6,0.3500,0.00,0.000000,0.000000,2,70.2,0.0,0.0,220.1,1
1891,94550,1321.59,6,0.3500,0.00,0.000000,0.000000,2,70.1,0.0,0.0,220.1,1
1892,94600,1319.82,6,0.3500,0.00,0.000000,0.000000,2,70.1,0.0,0.0,220.1,1
1893,94650,1318.78,6,0.3500,0.00,0.000000,0.000000,2,70.1,0.0,0.0,220.1,1
1894,94700,1317.39,6,0.3500,0.00,0.000000,0.000000,2,70.1,0.0,0.0,220.1,1
1895,94750,1316.17,6,0.3500,0.00,0.000000,0.000000,2,70.1,0.0,0.0,220.1,1
1896,94800,1314.32,6,0.3500,0.00,0.000000,0.000000,2,70.0,0.0,0.0,220.1,1
1897,94850,1313.13,6,0.3500,0.00,0.000000,0.000000,2,70.0,0.0,0.0,220.1,1
1898,94900,1311.75,6,0.3500,0.00,0.000000,0.000000,2,70.0,0.0,0.0,220.1,1
1899,94950,1311.03,6,0.3500,0.00,0.000000,0.000000,2,70.0,0.0,0.0,220.1,1
1900,95000,1309.48,6,0.3500,0.00,0.000000,0.000000,2,70.0,0.0,0.0,220.1,1
1901,95050,1308.57,6,0.3500,0.00,0.000000,0.000000,2,69.9,0.0,0.0,220.1,1
1902,95100,1307.84,6,0.3500,0.00,0.000000,0.000000,2,69.9,0.0,0.0,220.1,1
1903,95150,1307.03,6,0.3500,0.00,0.000000,0.000000,2,69.9,0.0,0.0,220.1,1
1904,95200,1305.80,6,0.3500,0.00,0.000000,0.000000,2,69.9,0.0,0.0,220.1,1
1905,95250,1305.15,6,0.3500,0.00,0.000000,0.000000,2,69.9,0.0,0.0,220.1,1
1906,95300,1304.03,6,0.3500,0.00,0.000000,0.000000,2,69.9,0.0,0.0,220.1,1
1907,95350,1303.36,6,0.3500,0.00,0.000000,0.000000,2,69.9,0.0,0.0,220.1,1
1908,95400,1302.63,6,0.3500,0.00,0.000000,0.000000,2,69.9,0.0,0.0,220.1,1
1909,95450,1301.94,6,0.3500,0.00,0.000000,0.000000,2,69.8,0.0,0.0,220.1,1
1910,95500,1301.02,6,0.3500,0.00,0.000000,0.000000,2,69.8,0.0,0.0,220.1,1
1911,95550,1300.33,6,0.3500,0.00,0.000000,0.000000,2,69.8,0.0,0.0,220.1,1
1912,95600,1298.88,6,0.3500,0.00,0.000000,0.000000,2,69.8,0.0,0.0,220.1,1
1913,95650,1298.75,6,0.3500,0.00,0.000000,0.000000,2,69.8,0.0,0.0,220.1,1
1914,95700,1298.17,6,0.3500,0.00,0.000000,0.000000,2,69.8,0.0,0.0,220.1,1
1915,95750,1296.98,6,0.3500,0.00,0.000000,0.000000,2,69.8,0.0,0.0,220.1,1
1916,95800,1294.00,6,0.3500,0.00,0.000000,0.000000,2,69.7,0.0,0.0,220.1,1
1917,95850,1291.90,6,0.3500,0.00,0.000000,0.000000,2,69.7,0.0,0.0,220.1,1
1918,95900,1290.24,6,0.3500,0.00,0.000000,0.000000,2,69.7,0.0,0.0,220.1,1
1919,95950,1288.56,6,0.3500,0.00,0.000000,0.000000,2,69.6,0.0,0.0,220.1,1
1920,96000,1286.90,6,0.3500,0.00,0.000000,0.000000,2,69.6,0.0,0.0,220.1,1
1921,96050,1285.36,6,0.3500,0.00,0.000000,0.000000,2,69.6,0.0,0.0,220.1,1
1922,96100,1284.42,6,0.3500,0.00,0.000000,0.000000,2,69.6,0.0,0.0,220.1,1
1923,96150,1283.03,6,0.3500,0.00,0.000000,0.000000,2,69.6,0.0,0.0,220.1,1
1924,96200,1282.24,6,0.3500,0.00,0.000000,0.000000,2,69.5,0.0,0.0,220.1,1
1925,96250,1280.24,6,0.3500,0.00,0.000000,0.000000,2,69.5,0.0,0.0,220.1,1
1926,96300,1278.82,6,0.3500,0.00,0.000000,0.000000,2,69.5,0.0,0.0,220.1,1
1927,96350,1276.97,6,0.3500,0.00,0.000000,0.000000,2,69.5,0.0,0.0,220.1,1
1928,96400,1275.75,6,0.3500,0.00,0.000000,0.000000,2,69.4,0.0,0.0,220.1,1
1929,96450,1273.54,6,0.3500,0.00,0.000000,0.000000,2,69.4,0.0,0.0,220.1,1
1930,96500,1272.05,6,0.3500,0.00,0.000000,0.000000,2,69.4,0.0,0.0,220.1,1
1931,96550,1269.77,6,0.3500,0.00,0.000000,0.000000,2,69.4,0.0,0.0,220.1,1
1932,96600,1268.28,6,0.3500,0.00,0.000000,0.000000,2,69.3,0.0,0.0,220.1,1
1933,96650,1266.39,6,0.3500,0.00,0.000000,0.000000,2,69.3,0.0,0.0,220.1,1
1934,96700,1265.18,6,0.3500,0.00,0.000000,0.000000,2,69.3,0.0,0.0,220.1,1
1935,96750,1263.49,6,0.3500,0.00,0.000000,0.000000,2,69.3,0.0,0.0,220.1,1
1936,96800,1262.26,6,0.3500,0.00,0.000000,0.000000,2,69.2,0.0,0.0,220.1,1
1937,96850,1260.73,6,0.3500,0.00,0.000000,0.000000,2,69.2,0.0,0.0,220.1,1
1938,96900,1259.89,6,0.3500,0.00,0.000000,0.000000,2,69.2,0.0,0.0,220.1,1
1939,96950,1258.44,6,0.3500,0.00,0.000000,0.000000,2,69.2,0.0,0.0,220.1,1
1940,97000,1257.76,6,0.3500,0.00,0.000000,0.000000,2,69.2,0.0,0.0,220.1,1
1941,97050,1256.27,6,0.3500,0.00,0.000000,0.000000,2,69.1,0.0,0.0,220.1,1
1942,97100,1255.23,6,0.3500,0.00,0.000000,0.000000,2,69.1,0.0,0.0,220.1,1
1943,97150,1254.07,6,0.3500,0.00,0.000000,0.000000,2,69.1,0.0,0.0,220.1,1
1944,97200,1253.67,6,0.5000,0.00,0.000000,0.000000,3,69.1,0.0,0.0,220.1,1
1945,97250,1252.36,6,0.5000,0.00,0.000000,0.000000,3,69.1,0.0,0.0,220.1,1
1946,97300,1251.71,6,0.5000,0.00,0.000000,0.000000,3,69.1,0.0,0.0,220.1,1
1947,97350,1250.77,6,0.5000,0.00,0.000000,0.000000,3,69.1,0.0,0.0,220.1,1
1948,97400,1249.91,6,0.5000,0.00,0.000000,0.000000,3,69.0,0.0,0.0,220.1,1
1949,97450,1249.01,6,0.5000,0.00,0.000000,0.000000,3,69.0,0.0,0.0,220.1,1
1950,97500,1248.25,6,0.5000,0.00,0.000000,0.000000,3,69.0,0.0,0.0,220.1,1
1951,97550,1247.09,6,0.5000,0.00,0.000000,0.000000,3,69.0,0.0,0.0,220.1,1
1952,97600,1246.54,6,0.5000,0.00,0.000000,0.000000,3,69.0,0.0,0.0,220.1,1
1953,97650,1245.48,6,0.5000,0.00,0.000000,0.000000,3,69.0,0.0,0.0,220.1,1
1954,97700,1244.81,6,0.5000,0.00,0.000000,0.000000,3,69.0,0.0,0.0,220.1,1
1955,97750,1243.98,6,0.5000,0.00,0.000000,0.000000,3,69.0,0.0,0.0,220.1,1
1956,97800,1243.17,6,0.5000,0.00,0.000000,0.000000,3,68.9,0.0,0.0,220.1,1
1957,97850,1242.13,6,0.5000,0.00,0.000000,0.000000,3,68.9,0.0,0.0,220.1,1
1958,97900,1241.04,6,0.5000,0.00,0.000000,0.000000,3,68.9,0.0,0.0,220.1,1
1959,97950,1239.96,6,0.5000,0.00,0.000000,0.000000,3,68.9,0.0,0.0,220.1,1
1960,98000,1238.45,6,0.5000,0.00,0.000000,0.000000,3,68.9,0.0,0.0,220.1,1
1961,98050,1237.49,6,0.5000,0.00,0.000000,0.000000,3,68.9,0.0,0.0,220.1,1
1962,98100,1235.73,6,0.5000,0.00,0.000000,0.000000,3,68.8,0.0,0.0,220.1,1
1963,98150,1234.50,6,0.5000,0.00,0.000000,0.000000,3,68.8,0.0,0.0,220.1,1
1964,98200,1232.79,6,0.5000,0.00,0.000000,0.000000,3,68.8,0.0,0.0,220.1,1
1965,98250,1231.36,6,0.5000,0.00,0.000000,0.000000,3,68.8,0.0,0.0,220.1,1
1966,98300,1229.92,6,0.5000,0.00,0.000000,0.000000,3,68.7,0.0,0.0,220.1,1
1967,98350,1229.07,6,0.5000,0.00,0.000000,0.000000,3,68.7,0.0,0.0,220.1,1
1968,98400,1227.67,6,0.5000,0.00,0.000000,0.000000,3,68.7,0.0,0.0,220.1,1
1969,98450,1226.83,6,0.5000,0.00,0.000000,0.000000,3,68.7,0.0,0.0,220.1,1
1970,98500,1224.87,6,0.5000,0.00,0.000000,0.000000,3,68.7,0.0,0.0,220.1,1
1971,98550,1224.13,6,0.5000,0.00,0.000000,0.000000,3,68.7,0.0,0.0,220.1,1
1972,98600,1222.43,6,0.5000,0.00,0.000000,0.000000,3,68.6,0.0,0.0,220.1,1
1973,98650,1221.17,6,0.5000,0.00,0.000000,0.000000,3,68.6,0.0,0.0,220.1,1
1974,98700,1219.85,6,0.5000,0.00,0.000000,0.000000,3,68.6,0.0,0.0,220.1,1
1975,98750,1219.54,6,0.5000,0.00,0.000000,0.000000,3,68.6,0.0,0.0,220.1,1
1976,98800,1218.48,6,0.5000,0.00,0.000000,0.000000,3,68.6,0.0,0.0,220.1,1
1977,98850,1218.50,6,0.5000,0.00,0.000000,0.000000,3,68.6,0.0,0.0,220.1,1
1978,98900,1218.88,6,0.5000,0.00,0.000000,0.000000,3,68.6,0.0,0.0,220.1,1
1979,98950,1219.41,6,0.5000,0.00,0.000000,0.000000,3,68.6,0.0,0.0,220.1,1
1980,99000,1219.34,6,0.5000,0.00,0.000000,0.000000,3,68.6,0.0,0.0,220.1,1
1981,99050,1217.58,6,0.5000,0.00,0.000000,0.000000,3,68.6,0.0,0.0,220.1,1
1982,99100,1214.99,6,0.5000,0.00,0.000000,0.000000,3,68.5,0.0,0.0,220.1,1
1983,99150,1213.54,6,0.5000,0.00,0.000000,0.000000,3,68.5,0.0,0.0,220.1,1
1984,99200,1212.85,6,0.5000,0.00,0.000000,0.000000,3,68.5,0.0,0.0,220.1,1
1985,99250,1212.45,6,0.5000,0.00,0.000000,0.000000,3,68.5,0.0,0.0,220.1,1
1986,99300,1212.08,6,0.5000,0.00,0.000000,0.000000,3,68.5,0.0,0.0,220.1,1
1987,99350,1211.33,6,0.5000,0.00,0.000000,0.000000,3,68.5,0.0,0.0,220.1,1
1988,99400,1209.67,6,0.5000,0.00,0.000000,0.000000,3,68.4,0.0,0.0,220.1,1
1989,99450,1208.25,6,0.5000,0.00,0.000000,0.000000,3,68.4,0.0,0.0,220.1,1
1990,99500,1206.71,6,0.5000,0.00,0.000000,0.000000,3,68.4,0.0,0.0,220.1,1
1991,99550,1204.38,6,0.5000,0.00,0.000000,0.000000,3,68.4,0.0,0.0,220.1,1
1992,99600,1203.15,6,0.5000,0.00,0.000000,0.000000,3,68.3,0.0,0.0,220.1,1
1993,99650,1201.14,6,0.5000,0.00,0.000000,0.000000,3,68.3,0.0,0.0,220.1,1
1994,99700,1199.72,6,0.6500,0.00,0.000000,0.000000,0,68.3,0.0,0.0,220.1,1
1995,99750,1196.72,6,0.6500,0.00,0.000000,0.000000,0,68.2,0.0,0.0,220.1,1
1996,99800,1194.90,6,0.6500,0.00,0.000000,0.000000,0,68.2,0.0,0.0,220.1,1
1997,99850,1192.81,6,0.6500,0.00,0.000000,0.000000,0,68.2,0.0,0.0,220.1,1
1998,99900,1191.98,6,0.6500,0.00,0.000000,0.000000,0,68.2,0.0,0.0,220.1,1
1999,99950,1191.08,6,0.6500,0.00,0.000000,0.000000,0,68.2,0.0,0.0,220.1,1
2000,100000,1190.51,6,0.6500,0.00,0.000000,0.000000,0,68.1,0.0,0.0,220.1,1
2001,100050,1189.13,6,0.6500,0.00,0.000000,0.000000,0,68.1,0.0,0.0,220.1,1
2002,100100,1188.39,6,0.6500,0.00,0.000000,0.000000,0,68.1,0.0,0.0,220.1,1
2003,100150,1186.82,6,0.6500,0.00,0.000000,0.000000,0,68.1,0.0,0.0,220.1,1
2004,100200,1186.53,6,0.6500,0.00,0.000000,0.000000,0,68.1,0.0,0.0,220.1,1
2005,100250,1185.58,6,0.6500,0.00,0.000000,0.000000,0,68.1,0.0,0.0,220.1,1
2006,100300,1184.12,6,0.6500,0.00,0.000000,0.000000,0,68.0,0.0,0.0,220.1,1
2007,100350,1184.17,6,0.6500,0.00,0.000000,0.000000,0,68.0,0.0,0.0,220.1,1
2008,100400,1184.70,6,0.6500,0.00,0.000000,0.000000,0,68.1,0.0,0.0,220.1,1
2009,100450,1184.17,6,0.6500,0.00,0.000000,0.000000,0,68.0,0.0,0.0,220.1,1
2010,100500,1184.42,6,0.6500,0.00,0.000000,0.000000,0,68.1,0.0,0.0,220.1,1
2011,100550,1184.07,6,0.6500,0.00,0.000000,0.000000,0,68.0,0.0,0.0,220.1,1
2012,100600,1183.68,6,0.6500,0.00,0.000000,0.000000,0,68.0,0.0,0.0,220.1,1
2013,100650,1181.81,6,0.6500,0.00,0.000000,0.000000,0,68.0,0.0,0.0,220.1,1
2014,100700,1180.37,6,0.6500,0.00,0.000000,0.000000,0,68.0,0.0,0.0,220.1,1
2015,100750,1177.17,6,0.6500,0.00,0.000000,0.000000,0,67.9,0.0,0.0,220.1,1
2016,100800,1175.32,6,0.6500,0.00,0.000000,0.000000,0,67.9,0.0,0.0,220.1,1
2017,100850,1172.81,6,0.6500,0.00,0.000000,0.000000,0,67.9,0.0,0.0,220.1,1
2018,100900,1171.32,6,0.6500,0.00,0.000000,0.000000,0,67.9,0.0,0.0,220.1,1
2019,100950,1169.64,6,0.6500,0.00,0.000000,0.000000,0,67.8,0.0,0.0,220.1,1
2020,101000,1168.35,6,0.6500,0.00,0.000000,0.000000,0,67.8,0.0,0.0,220.1,1
2021,101050,1166.64,6,0.6500,0.00,0.000000,0.000000,0,67.8,0.0,0.0,220.1,1
2022,101100,1165.81,6,0.6500,0.00,0.000000,0.000000,0,67.8,0.0,0.0,220.1,1
2023,101150,1164.78,6,0.6500,0.00,0.000000,0.000000,0,67.8,0.0,0.0,220.1,1
2024,101200,1164.16,6,0.6500,0.00,0.000000,0.000000,0,67.7,0.0,0.0,220.1,1
2025,101250,1162.67,6,0.6500,0.00,0.000000,0.000000,0,67.7,0.0,0.0,220.1,1
2026,101300,1161.38,6,0.6500,0.00,0.000000,0.000000,0,67.7,0.0,0.0,220.1,1
2027,101350,1160.04,6,0.6500,0.00,0.000000,0.000000,0,67.7,0.0,0.0,220.1,1
2028,101400,1159.15,6,0.6500,0.00,0.000000,0.000000,0,67.7,0.0,0.0,220.1,1
2029,101450,1157.87,6,0.6500,0.00,0.000000,0.000000,0,67.6,0.0,0.0,220.1,1
2030,101500,1156.17,6,0.6500,0.00,0.000000,0.000000,0,67.6,0.0,0.0,220.1,1
2031,101550,1155.21,6,0.6500,0.00,0.000000,0.000000,0,67.6,0.0,0.0,220.1,1
2032,101600,1154.28,6,0.6500,0.00,0.000000,0.000000,0,67.6,0.0,0.0,220.1,1
2033,101650,1153.66,6,0.6500,0.00,0.000000,0.000000,0,67.6,0.0,0.0,220.1,1
2034,101700,1153.30,6,0.6500,0.00,0.000000,0.000000,0,67.6,0.0,0.0,220.1,1
2035,101750,1153.12,6,0.6500,0.00,0.000000,0.000000,0,67.6,0.0,0.0,220.1,1
2036,101800,1152.74,6,0.6500,0.00,0.000000,0.000000,0,67.6,0.0,0.0,220.1,1
2037,101850,1152.46,6,0.6500,0.00,0.000000,0.000000,0,67.6,0.0,0.0,220.1,1
2038,101900,1151.25,6,0.6500,0.00,0.000000,0.000000,0,67.5,0.0,0.0,220.1,1
2039,101950,1150.81,6,0.6500,0.00,0.000000,0.000000,0,67.5,0.0,0.0,220.1,1
2040,102000,1150.06,6,0.6500,0.00,0.000000,0.000000,0,67.5,0.0,0.0,220.1,1
2041,102050,1149.43,6,0.6500,0.00,0.000000,0.000000,0,67.5,0.0,0.0,220.1,1
2042,102100,1148.40,6,0.6500,0.00,0.000000,0.000000,0,67.5,0.0,0.0,220.1,1
2043,102150,1147.11,6,0.6500,0.00,0.000000,0.000000,0,67.5,0.0,0.0,220.1,1
2044,102200,1144.79,6,0.6500,0.00,0.000000,0.000000,0,67.4,0.0,0.0,220.1,1
2045,102250,1142.91,6,0.6500,0.00,0.000000,0.000000,0,67.4,0.0,0.0,220.1,1
2046,102300,1139.97,6,0.6500,0.00,0.000000,0.000000,0,67.4,0.0,0.0,220.1,1
2047,102350,1138.00,6,0.6500,0.00,0.000000,0.000000,0,67.3,0.0,0.0,220.1,1
2048,102400,1136.17,6,0.6500,0.00,0.000000,0.000000,0,67.3,0.0,0.0,220.1,1
2049,102450,1134.98,6,0.6500,0.00,0.000000,0.000000,0,67.3,0.0,0.0,220.1,1
2050,102500,1133.03,6,0.6500,0.00,0.000000,0.000000,0,67.3,0.0,0.0,220.1,1
2051,102550,1132.38,6,0.6500,0.00,0.000000,0.000000,0,67.3,0.0,0.0,220.1,1
2052,102600,1130.75,6,0.6500,0.00,0.000000,0.000000,0,67.2,0.0,0.0,220.1,1
2053,102650,1130.03,6,0.6500,0.00,0.000000,0.000000,0,67.2,0.0,0.0,220.1,1
2054,102700,1129.01,6,0.6500,0.00,0.000000,0.000000,0,67.2,0.0,0.0,220.1,1
2055,102750,1127.99,6,0.6500,0.00,0.000000,0.000000,0,67.2,0.0,0.0,220.1,1
2056,102800,1125.93,6,0.6500,0.00,0.000000,0.000000,0,67.2,0.0,0.0,220.1,1
2057,102850,1124.80,6,0.6500,0.00,0.000000,0.000000,0,67.1,0.0,0.0,220.1,1
2058,102900,1122.91,6,0.6500,0.00,0.000000,0.000000,0,67.1,0.0,0.0,220.1,1
2059,102950,1121.39,6,0.6500,0.00,0.000000,0.000000,0,67.1,0.0,0.0,220.1,1
2060,103000,1119.11,6,0.6500,0.00,0.000000,0.000000,0,67.1,0.0,0.0,220.1,1
2061,103050,1117.75,6,0.6500,0.00,0.000000,0.000000,0,67.0,0.0,0.0,220.1,1
2062,103100,1116.77,6,0.6500,0.00,0.000000,0.000000,0,67.0,0.0,0.0,220.1,1
2063,103150,1115.21,6,0.6500,0.00,0.000000,0.000000,0,67.0,0.0,0.0,220.1,1
2064,103200,1114.21,6,0.6500,0.00,0.000000,0.000000,0,67.0,0.0,0.0,220.1,1
2065,103250,1112.85,6,0.6500,0.00,0.000000,0.000000,0,67.0,0.0,0.0,220.1,1
2066,103300,1111.66,6,0.6500,0.00,0.000000,0.000000,0,66.9,0.0,0.0,220.1,1
2067,103350,1109.70,6,0.6500,0.00,0.000000,0.000000,0,66.9,0.0,0.0,220.1,1
2068,103400,1108.58,6,0.6500,0.00,0.000000,0.000000,0,66.9,0.0,0.0,220.1,1
2069,103450,1106.76,6,0.6500,0.00,0.000000,0.000000,0,66.9,0.0,0.0,220.1,1
2070,103500,1105.60,6,0.6500,0.00,0.000000,0.000000,0,66.8,0.0,0.0,220.1,1
2071,103550,1103.59,6,0.6500,0.00,0.000000,0.000000,0,66.8,0.0,0.0,220.1,1
2072,103600,1102.18,6,0.6500,0.00,0.000000,0.000000,0,66.8,0.0,0.0,220.1,1
2073,103650,1100.32,6,0.6500,0.00,0.000000,0.000000,0,66.8,0.0,0.0,220.1,1
2074,103700,1099.20,6,0.6500,0.00,0.000000,0.000000,0,66.8,0.0,0.0,220.1,1
2075,103750,1097.39,6,0.6500,0.00,0.000000,0.000000,0,66.7,0.0,0.0,220.1,1
2076,103800,1096.36,6,0.6500,0.00,0.000000,0.000000,0,66.7,0.0,0.0,220.1,1
2077,103850,1095.55,6,0.6500,0.00,0.000000,0.000000,0,66.7,0.0,0.0,220.1,1
2078,103900,1095.17,6,0.6500,0.00,0.000000,0.000000,0,66.7,0.0,0.0,220.1,1
2079,103950,1094.51,6,0.6500,0.00,0.000000,0.000000,0,66.7,0.0,0.0,220.1,1
2080,104000,1094.58,6,0.6500,0.00,0.000000,0.000000,0,66.7,0.0,0.0,220.1,1
2081,104050,1094.55,6,0.6500,0.00,0.000000,0.000000,0,66.7,0.0,0.0,220.1,1
2082,104100,1094.14,6,0.6500,0.00,0.000000,0.000000,0,66.7,0.0,0.0,220.1,1
2083,104150,1094.75,6,0.6500,0.00,0.000000,0.000000,0,66.7,0.0,0.0,220.1,1
2084,104200,1095.06,6,0.6500,0.00,0.000000,0.000000,0,66.7,0.0,0.0,220.1,1
2085,104250,1095.93,6,0.6500,0.00,0.000000,0.000000,0,66.7,0.0,0.0,220.1,1
2086,104300,1096.12,6,0.6500,0.00,0.000000,0.000000,0,66.7,0.0,0.0,220.1,1
2087,104350,1095.66,6,0.6500,0.00,0.000000,0.000000,0,66.7,0.0,0.0,220.1,1
2088,104400,1094.52,6,0.6500,0.00,0.000000,0.000000,0,66.7,0.0,0.0,220.1,1
2089,104450,1092.56,6,0.6500,0.00,0.000000,0.000000,0,66.7,0.0,0.0,220.1,1
2090,104500,1090.57,6,0.6500,0.00,0.000000,0.000000,0,66.6,0.0,0.0,220.1,1
2091,104550,1086.88,6,0.6500,0.00,0.000000,0.000000,0,66.6,0.0,0.0,220.1,1
2092,104600,1085.17,6,0.6500,0.00,0.000000,0.000000,0,66.5,0.0,0.0,220.1,1
2093,104650,1082.88,6,0.6500,0.00,0.000000,0.000000,0,66.5,0.0,0.0,220.1,1
2094,104700,1081.26,6,0.6500,0.00,0.000000,0.000000,0,66.5,0.0,0.0,220.1,1
2095,104750,1079.98,6,0.6500,0.00,0.000000,0.000000,0,66.5,0.0,0.0,220.1,1
2096,104800,1078.61,6,0.6500,0.00,0.000000,0.000000,0,66.4,0.0,0.0,220.1,1
2097,104850,1077.91,6,0.6500,0.00,0.000000,0.000000,0,66.4,0.0,0.0,220.1,1
2098,104900,1077.31,6,0.6500,0.00,0.000000,0.000000,0,66.4,0.0,0.0,220.1,1
2099,104950,1076.45,6,0.6500,0.00,0.000000,0.000000,0,66.4,0.0,0.0,220.1,1
2100,105000,1074.06,6,0.6500,0.00,0.000000,0.000000,0,66.4,0.0,0.0,220.1,1
2101,105050,1072.60,6,0.6500,0.00,0.000000,0.000000,0,66.3,0.0,0.0,220.1,1
2102,105100,1070.51,6,0.6500,0.00,0.000000,0.000000,0,66.3,0.0,0.0,220.1,1
2103,105150,1069.52,6,0.6500,0.00,0.000000,0.000000,0,66.3,0.0,0.0,220.1,1
2104,105200,1067.19,6,0.6500,0.00,0.000000,0.000000,0,66.3,0.0,0.0,220.1,1
2105,105250,1065.91,6,0.6500,0.00,0.000000,0.000000,0,66.2,0.0,0.0,220.1,1
2106,105300,1063.61,6,0.6500,0.00,0.000000,0.000000,0,66.2,0.0,0.0,220.1,1
2107,105350,1062.31,6,0.6500,0.00,0.000000,0.000000,0,66.2,0.0,0.0,220.1,1
2108,105400,1060.33,6,0.6500,0.00,0.000000,0.000000,0,66.2,0.0,0.0,220.1,1
2109,105450,1059.14,6,0.6500,0.00,0.000000,0.000000,0,66.1,0.0,0.0,220.1,1
2110,105500,1057.22,6,0.6500,0.00,0.000000,0.000000,0,66.1,0.0,0.0,220.1,1
2111,105550,1056.18,6,0.6500,0.00,0.000000,0.000000,0,66.1,0.0,0.0,220.1,1
2112,105600,1054.66,6,0.6500,0.00,0.000000,0.000000,0,66.1,0.0,0.0,220.1,1
2113,105650,1053.75,6,0.6500,0.00,0.000000,0.000000,0,66.1,0.0,0.0,220.1,1
2114,105700,1052.09,6,0.5000,0.00,0.000000,0.000000,1,66.0,0.0,0.0,220.1,1
2115,105750,1051.16,6,0.5000,0.00,0.000000,0.000000,1,66.0,0.0,0.0,220.1,1
2116,105800,1049.95,6,0.5000,0.00,0.000000,0.000000,1,66.0,0.0,0.0,220.1,1
2117,105850,1049.26,6,0.5000,0.00,0.000000,0.000000,1,66.0,0.0,0.0,220.1,1
2118,105900,1048.09,6,0.5000,0.00,0.000000,0.000000,1,66.0,0.0,0.0,220.1,1
2119,105950,1047.42,6,0.5000,0.00,0.000000,0.000000,1,66.0,0.0,0.0,220.1,1
2120,106000,1045.67,6,0.5000,0.00,0.000000,0.000000,1,65.9,0.0,0.0,220.1,1
2121,106050,1044.53,6,0.5000,0.00,0.000000,0.000000,1,65.9,0.0,0.0,220.1,1
2122,106100,1043.37,6,0.5000,0.00,0.000000,0.000000,1,65.9,0.0,0.0,220.1,1
2123,106150,1042.33,6,0.5000,0.00,0.000000,0.000000,1,65.9,0.0,0.0,220.1,1
2124,106200,1040.91,6,0.5000,0.00,0.000000,0.000000,1,65.9,0.0,0.0,220.1,1
2125,106250,1040.33,6,0.5000,0.00,0.000000,0.000000,1,65.9,0.0,0.0,220.1,1
2126,106300,1039.19,6,0.5000,0.00,0.000000,0.000000,1,65.8,0.0,0.0,220.1,1
2127,106350,1038.39,6,0.5000,0.00,0.000000,0.000000,1,65.8,0.0,0.0,220.1,1
2128,106400,1036.69,6,0.5000,0.00,0.000000,0.000000,1,65.8,0.0,0.0,220.1,1
2129,106450,1035.67,6,0.5000,0.00,0.000000,0.000000,1,65.8,0.0,0.0,220.1,1
2130,106500,1033.93,6,0.5000,0.00,0.000000,0.000000,1,65.8,0.0,0.0,220.1,1
2131,106550,1032.93,6,0.5000,0.00,0.000000,0.000000,1,65.7,0.0,0.0,220.1,1
2132,106600,1031.23,6,0.5000,0.00,0.000000,0.000000,1,65.7,0.0,0.0,220.1,1
2133,106650,1029.98,6,0.5000,0.00,0.000000,0.000000,1,65.7,0.0,0.0,220.1,1
2134,106700,1028.37,6,0.5000,0.00,0.000000,0.000000,1,65.7,0.0,0.0,220.1,1
2135,106750,1027.11,6,0.5000,0.00,0.000000,0.000000,1,65.7,0.0,0.0,220.1,1
2136,106800,1025.48,6,0.5000,0.00,0.000000,0.000000,1,65.6,0.0,0.0,220.1,1
2137,106850,1024.63,6,0.5000,0.00,0.000000,0.000000,1,65.6,0.0,0.0,220.1,1
2138,106900,1023.89,6,0.5000,0.00,0.000000,0.000000,1,65.6,0.0,0.0,220.1,1
2139,106950,1022.67,6,0.5000,0.00,0.000000,0.000000,1,65.6,0.0,0.0,220.1,1
2140,107000,1021.93,6,0.5000,0.00,0.000000,0.000000,1,65.6,0.0,0.0,220.1,1
2141,107050,1021.20,6,0.5000,0.00,0.000000,0.000000,1,65.6,0.0,0.0,220.1,1
2142,107100,1020.53,6,0.5000,0.00,0.000000,0.000000,1,65.6,0.0,0.0,220.1,1
2143,107150,1019.25,6,0.5000,0.00,0.000000,0.000000,1,65.5,0.0,0.0,220.1,1
2144,107200,1018.83,6,0.5000,0.00,0.000000,0.000000,1,65.5,0.0,0.0,220.1,1
2145,107250,1017.89,6,0.5000,0.00,0.000000,0.000000,1,65.5,0.0,0.0,220.1,1
2146,107300,1017.13,6,0.5000,0.00,0.000000,0.000000,1,65.5,0.0,0.0,220.1,1
2147,107350,1016.27,6,0.5000,0.00,0.000000,0.000000,1,65.5,0.0,0.0,220.1,1
2148,107400,1015.88,6,0.5000,0.00,0.000000,0.000000,1,65.5,0.0,0.0,220.1,1
2149,107450,1015.44,6,0.5000,0.00,0.000000,0.000000,1,65.5,0.0,0.0,220.1,1
2150,107500,1015.04,6,0.5000,0.00,0.000000,0.000000,1,65.5,0.0,0.0,220.1,1
2151,107550,1013.18,6,0.5000,0.00,0.000000,0.000000,1,65.4,0.0,0.0,220.1,1
2152,107600,1011.73,6,0.5000,0.00,0.000000,0.000000,1,65.4,0.0,0.0,220.1,1
2153,107650,1009.47,6,0.5000,0.00,0.000000,0.000000,1,65.4,0.0,0.0,220.1,1
2154,107700,1008.29,6,0.5000,0.00,0.000000,0.000000,1,65.4,0.0,0.0,220.1,1
2155,107750,1006.38,6,0.5000,0.00,0.000000,0.000000,1,65.3,0.0,0.0,220.1,1
2156,107800,1005.82,6,0.5000,0.00,0.000000,0.000000,1,65.3,0.0,0.0,220.1,1
2157,107850,1005.32,6,0.5000,0.00,0.000000,0.000000,1,65.3,0.0,0.0,220.1,1
2158,107900,1005.04,6,0.5000,0.00,0.000000,0.000000,1,65.3,0.0,0.0,220.1,1
2159,107950,1004.88,6,0.5000,0.00,0.000000,0.000000,1,65.3,0.0,0.0,220.1,1
2160,108000,1004.47,6,0.5000,0.00,0.000000,0.000000,1,65.3,0.0,0.0,220.1,1
2161,108050,1003.19,6,0.5000,0.00,0.000000,0.000000,1,65.3,0.0,0.0,220.1,1
2162,108100,1001.94,6,0.5000,0.00,0.000000,0.000000,1,65.3,0.0,0.0,220.1,1
2163,108150,1000.13,6,0.5000,0.00,0.000000,0.000000,1,65.2,0.0,0.0,220.1,1
2164,108200,998.79,2,0.3000,-114.78,-1.033006,0.000000,1,65.2,359.8,245.2,220.1,1
2165,108250,996.18,2,0.3000,-114.57,-1.031114,0.000000,1,65.2,359.5,245.2,220.1,1
2166,108300,994.32,2,0.3000,-114.35,-1.029119,0.000000,1,65.2,359.2,245.2,220.1,1
2167,108350,991.57,2,0.3000,-114.14,-1.027247,0.000000,1,65.1,359.0,245.1,220.1,1
2168,108400,989.73,2,0.3000,-113.92,-1.025249,0.000000,1,65.1,358.8,245.1,220.1,1
2169,108450,988.34,2,0.3000,-113.69,-1.023189,0.000000,1,65.1,358.5,245.1,220.1,1
2170,108500,986.43,2,0.3000,-113.47,-1.021201,0.000000,1,65.0,358.2,245.0,220.1,1
2171,108550,985.24,2,0.3000,-113.23,-1.019114,0.000000,1,65.0,358.0,245.0,220.1,1
2172,108600,983.69,2,0.3000,-113.01,-1.017108,0.000000,1,65.0,357.8,245.0,220.1,1
2173,108650,982.81,2,0.3000,-112.78,-1.015026,0.000000,1,65.0,357.5,245.0,220.1,1
2174,108700,981.45,2,0.3000,-112.56,-1.013037,0.000000,1,64.9,357.2,244.9,220.1,1
2175,108750,980.58,2,0.3000,-112.33,-1.010955,0.000000,1,64.9,357.0,244.9,220.1,1
2176,108800,979.77,2,0.3000,-112.10,-1.008860,0.000000,1,64.9,356.8,244.9,220.1,1
2177,108850,979.13,2,0.3000,-111.86,-1.006734,0.000000,1,64.9,356.5,244.9,220.1,1
2178,108900,977.95,2,0.3000,-111.63,-1.004710,0.000000,1,64.9,356.2,244.9,220.1,1
2179,108950,977.32,2,0.3000,-111.40,-1.002581,0.000000,1,64.9,356.0,244.9,220.1,1
2180,109000,975.54,2,0.3000,-111.19,-1.000673,0.000000,1,64.8,355.8,244.8,220.1,1
2181,109050,974.58,2,0.3000,-110.96,-0.998607,0.000000,1,64.8,355.5,244.8,220.1,1
2182,109100,972.85,2,0.3000,-110.74,-0.996690,0.000000,1,64.8,355.2,244.8,220.1,1
2183,109150,971.76,2,0.3000,-110.52,-0.994648,0.000000,1,64.7,355.0,244.7,220.1,1
2184,109200,970.50,2,0.3000,-110.29,-0.992640,0.000000,1,64.7,354.8,244.7,220.1,1
2185,109250,969.82,2,0.3000,-110.06,-0.990522,0.000000,1,64.7,354.5,244.7,220.1,1
2186,109300,968.94,2,0.3000,-109.83,-0.988440,0.000000,1,64.7,354.2,244.7,220.1,1
2187,109350,968.70,2,0.3000,-109.58,-0.986235,0.000000,1,64.7,354.0,244.7,220.1,1
2188,109400,968.36,2,0.3000,-109.34,-0.984052,0.000000,1,64.7,353.8,244.7,220.1,1
2189,109450,968.44,2,0.3000,-109.09,-0.981785,0.000000,1,64.7,353.5,244.7,220.1,1
2190,109500,967.63,2,0.3000,-108.85,-0.979692,0.000000,1,64.6,353.2,244.6,220.1,1
2191,109550,966.65,2,0.3000,-108.63,-0.977630,0.000000,1,64.6,353.0,244.6,220.1,1
2192,109600,963.85,2,0.3000,-108.44,-0.975918,0.000000,1,64.6,352.8,244.6,220.1,1
2193,109650,962.08,2,0.3000,-108.22,-0.974008,0.000000,1,64.5,352.5,244.5,220.1,1
2194,109700,959.90,2,0.3000,-108.02,-0.972176,0.000000,1,64.5,352.2,244.5,220.1,1
2195,109750,958.90,2,0.3000,-107.79,-0.970119,0.000000,1,64.5,352.0,244.5,220.1,1
2196,109800,957.53,2,0.3000,-107.57,-0.968132,0.000000,1,64.4,351.8,244.4,220.1,1
2197,109850,956.93,2,0.3000,-107.33,-0.965996,0.000000,1,64.4,351.5,244.4,220.1,1
2198,109900,952.38,2,0.3000,-107.18,-0.964620,0.000000,1,64.3,351.2,244.3,220.1,1
2199,109950,941.07,2,0.3000,-107.17,-0.964542,0.000000,1,64.1,351.0,244.1,220.1,1
2200,110000,932.21,2,0.3000,-107.11,-0.963994,0.000000,1,63.9,350.8,243.9,220.1,1
2201,110050,926.08,2,0.3000,-106.99,-0.962921,0.000000,1,63.8,350.5,243.8,220.1,1
2202,110100,924.43,2,0.3000,-106.78,-0.960988,0.000000,1,63.7,350.2,243.7,220.1,1
2203,110150,923.49,2,0.3000,-106.55,-0.958917,0.000000,1,63.7,350.0,243.7,220.1,1
2204,110200,922.63,2,0.3000,-106.31,-0.956833,0.000000,1,63.7,349.8,243.7,220.1,1
2205,110250,921.23,2,0.3000,-106.09,-0.954851,0.000000,1,63.7,349.5,243.7,220.1,1
2206,110300,920.76,2,0.3000,-105.85,-0.952692,0.000000,1,63.6,349.2,243.6,220.1,1
2207,110350,919.73,2,0.3000,-105.63,-0.950640,0.000000,1,63.6,349.0,243.6,220.1,1
2208,110400,918.94,2,0.3000,-105.39,-0.948541,0.000000,1,63.6,348.8,243.6,220.1,1
2209,110450,917.85,2,0.3000,-105.17,-0.946501,0.000000,1,63.6,348.5,243.6,220.1,1
2210,110500,917.31,2,0.3000,-104.93,-0.944354,0.000000,1,63.6,348.2,243.6,220.1,1
2211,110550,917.04,2,0.3000,-104.68,-0.942157,0.000000,1,63.6,348.0,243.6,220.1,1
2212,110600,916.78,2,0.3000,-104.44,-0.939957,0.000000,1,63.6,347.8,243.6,220.1,1
2213,110650,915.27,2,0.3000,-104.22,-0.937996,0.000000,1,63.5,347.5,243.5,220.1,1
2214,110700,913.87,2,0.3000,-104.00,-0.936015,0.000000,1,63.5,347.2,243.5,220.1,1
2215,110750,912.38,2,0.3000,-103.78,-0.934051,0.000000,1,63.5,347.0,243.5,220.1,1
2216,110800,911.48,2,0.3000,-103.55,-0.931975,0.000000,1,63.4,346.8,243.4,220.1,1
2217,110850,909.43,2,0.3000,-103.35,-0.930117,0.000000,1,63.4,346.5,243.4,220.1,1
2218,110900,908.16,2,0.3000,-103.12,-0.928111,0.000000,1,63.4,346.2,243.4,220.1,1
2219,110950,906.16,2,0.3000,-102.92,-0.926245,0.000000,1,63.3,346.0,243.3,220.1,1
2220,111000,904.71,2,0.3000,-102.70,-0.924275,0.000000,1,63.3,345.8,243.3,220.1,1
2221,111050,903.54,2,0.3000,-102.47,-0.922248,0.000000,1,63.3,345.5,243.3,220.1,1
2222,111100,902.72,2,0.3000,-102.24,-0.920156,0.000000,1,63.3,345.2,243.3,220.1,1
2223,111150,901.27,2,0.3000,-102.02,-0.918184,0.000000,1,63.2,345.0,243.2,220.1,1
2224,111200,900.07,2,0.3000,-101.80,-0.916165,0.000000,1,63.2,344.8,243.2,220.1,1
2225,111250,898.70,2,0.3000,-101.58,-0.914178,0.000000,1,63.2,344.5,243.2,220.1,1
2226,111300,898.30,2,0.3000,-101.33,-0.912006,0.000000,1,63.2,344.2,243.2,220.1,1
2227,111350,897.47,2,0.3000,-101.10,-0.909914,0.000000,1,63.1,344.0,243.1,220.1,1
2228,111400,896.55,2,0.3000,-100.87,-0.907841,0.000000,1,63.1,343.8,243.1,220.1,1
2229,111450,895.20,2,0.3000,-100.65,-0.905849,0.000000,1,63.1,343.5,243.1,220.1,1
2230,111500,894.42,2,0.3000,-100.42,-0.903749,0.000000,1,63.1,343.2,243.1,220.1,1
2231,111550,892.96,2,0.3000,-100.20,-0.901779,0.000000,1,63.1,343.0,243.1,220.1,1
2232,111600,892.08,2,0.3000,-99.97,-0.899698,0.000000,1,63.0,342.8,243.0,220.1,1
2233,111650,890.04,2,0.3000,-99.76,-0.897841,0.000000,1,63.0,342.5,243.0,220.1,1
2234,111700,888.94,2,0.3000,-99.53,-0.895801,0.000000,1,63.0,342.2,243.0,220.1,1
2235,111750,887.28,2,0.3000,-99.32,-0.893871,0.000000,1,62.9,342.0,242.9,220.1,1
2236,111800,886.29,2,0.3000,-99.09,-0.891810,0.000000,1,62.9,341.8,242.9,220.1,1
2237,111850,884.65,2,0.3000,-98.88,-0.889876,0.000000,1,62.9,341.5,242.9,220.1,1
2238,111900,883.26,2,0.3000,-98.65,-0.887893,0.000000,1,62.8,341.2,242.8,220.1,1
2239,111950,881.62,2,0.3000,-98.44,-0.885958,0.000000,1,62.8,341.0,242.8,220.1,1
2240,112000,880.94,2,0.3000,-98.20,-0.883838,0.000000,1,62.8,340.8,242.8,220.1,1
2241,112050,880.60,2,0.3000,-97.96,-0.881654,0.000000,1,62.8,340.5,242.8,220.1,1
2242,112100,880.42,2,0.3000,-97.72,-0.879438,0.000000,1,62.8,340.2,242.8,220.1,1
2243,112150,879.59,2,0.3000,-97.48,-0.877347,0.000000,1,62.8,340.0,242.8,220.1,1
2244,112200,877.99,2,0.3000,-97.27,-0.875405,0.000000,1,62.7,339.8,242.7,220.1,1
2245,112250,877.10,2,0.3000,-97.04,-0.873327,0.000000,1,62.7,339.5,242.7,220.1,1
2246,112300,875.54,2,0.3000,-96.82,-0.871375,0.000000,1,62.7,339.2,242.7,220.1,1
2247,112350,874.66,2,0.3000,-96.59,-0.869294,0.000000,1,62.7,339.0,242.7,220.1,1
2248,112400,872.81,2,0.3000,-96.38,-0.867400,0.000000,1,62.6,338.8,242.6,220.1,1
2249,112450,871.05,2,0.3000,-96.17,-0.865488,0.000000,1,62.6,338.5,242.6,220.1,1
2250,112500,869.17,2,0.3000,-95.96,-0.863599,0.000000,1,62.5,338.2,242.5,220.1,1
2251,112550,868.33,2,0.3000,-95.72,-0.861509,0.000000,1,62.5,338.0,242.5,220.1,1
2252,112600,866.90,2,0.3000,-95.50,-0.859534,0.000000,1,62.5,337.8,242.5,220.1,1
2253,112650,865.59,2,0.3000,-95.28,-0.857537,0.000000,1,62.5,337.5,242.5,220.1,1
2254,112700,863.58,2,0.3000,-95.07,-0.855672,0.000000,1,62.4,337.2,242.4,220.1,1
2255,112750,862.35,2,0.3000,-94.85,-0.853657,0.000000,1,62.4,337.0,242.4,220.1,1
2256,112800,860.49,2,0.3000,-94.64,-0.851765,0.000000,1,62.4,336.8,242.4,220.1,1
2257,112850,858.99,2,0.3000,-94.42,-0.849803,0.000000,1,62.3,336.5,242.3,220.1,1
2258,112900,856.61,2,0.3000,-94.22,-0.848010,0.000000,1,62.3,336.2,242.3,220.1,1
2259,112950,855.35,2,0.3000,-94.00,-0.846002,0.000000,1,62.2,336.0,242.2,220.1,1
2260,113000,853.39,2,0.3000,-93.79,-0.844130,0.000000,1,62.2,335.8,242.2,220.1,1
2261,113050,852.36,2,0.3000,-93.56,-0.842076,0.000000,1,62.2,335.5,242.2,220.1,1
2262,113100,851.29,2,0.3000,-93.34,-0.840031,0.000000,1,62.2,335.2,242.2,220.1,1
2263,113150,850.55,2,0.3000,-93.10,-0.837925,0.000000,1,62.1,335.0,242.1,220.1,1
2264,113200,849.57,2,0.3000,-92.87,-0.835862,0.000000,1,62.1,334.8,242.1,220.1,1
2265,113250,848.96,2,0.3000,-92.64,-0.833729,0.000000,1,62.1,334.5,242.1,220.1,1
2266,113300,847.86,2,0.3000,-92.41,-0.831691,0.000000,1,62.1,334.2,242.1,220.1,1
2267,113350,847.26,2,0.3000,-92.17,-0.829556,0.000000,1,62.1,334.0,242.1,220.1,1
2268,113400,845.98,2,0.3000,-91.95,-0.827551,0.000000,1,62.0,333.8,242.0,220.1,1
2269,113450,845.23,2,0.3000,-91.72,-0.825445,0.000000,1,62.0,333.5,242.0,220.1,1
2270,113500,844.07,2,0.3000,-91.49,-0.823419,0.000000,1,62.0,333.2,242.0,220.1,1
2271,113550,842.91,2,0.3000,-91.27,-0.821392,0.000000,1,62.0,333.0,242.0,220.1,1
2272,113600,842.13,2,0.3000,-91.03,-0.819291,0.000000,1,62.0,332.8,242.0,220.1,1
2273,113650,841.45,2,0.3000,-90.80,-0.817172,0.000000,1,62.0,332.5,242.0,220.1,1
2274,113700,840.72,2,0.3000,-90.56,-0.815062,0.000000,1,61.9,332.2,241.9,220.1,1
2275,113750,839.56,2,0.3000,-90.34,-0.813034,0.000000,1,61.9,332.0,241.9,220.1,1
2276,113800,838.90,2,0.3000,-90.10,-0.810910,0.000000,1,61.9,331.8,241.9,220.1,1
2277,113850,836.80,2,0.3000,-89.90,-0.809065,0.000000,1,61.9,331.5,241.9,220.1,1
2278,113900,835.96,2,0.3000,-89.66,-0.806976,0.000000,1,61.8,331.2,241.8,220.1,1
2279,113950,835.65,2,0.3000,-89.42,-0.804785,0.000000,1,61.8,331.0,241.8,220.1,1
2280,114000,835.72,2,0.3000,-89.17,-0.802523,0.000000,1,61.8,330.8,241.8,220.1,1
2281,114050,835.55,2,0.3000,-88.92,-0.800303,0.000000,1,61.8,330.5,241.8,220.1,1
2282,114100,835.13,2,0.3000,-88.68,-0.798135,0.000000,1,61.8,330.2,241.8,220.1,1
2283,114150,834.36,2,0.3000,-88.45,-0.796033,0.000000,1,61.8,330.0,241.8,220.1,1
2284,114200,833.34,2,0.3000,-88.22,-0.793978,0.000000,1,61.8,329.8,241.8,220.1,1
2285,114250,831.34,2,0.3000,-88.01,-0.792113,0.000000,1,61.7,329.5,241.7,220.1,1
2286,114300,830.14,2,0.3000,-87.79,-0.790093,0.000000,1,61.7,329.2,241.7,220.1,1
2287,114350,828.60,2,0.3000,-87.57,-0.788140,0.000000,1,61.7,329.0,241.7,220.1,1
2288,114400,827.89,2,0.3000,-87.34,-0.786025,0.000000,1,61.7,328.8,241.7,220.1,1
2289,114450,825.91,2,0.3000,-87.13,-0.784155,0.000000,1,61.6,328.5,241.6,220.1,1
2290,114500,824.24,2,0.3000,-86.91,-0.782225,0.000000,1,61.6,328.2,241.6,220.1,1
2291,114550,822.11,2,0.3000,-86.71,-0.780386,0.000000,1,61.5,328.0,241.5,220.1,1
2292,114600,820.76,2,0.3000,-86.49,-0.778395,0.000000,1,61.5,327.8,241.5,220.1,1
2293,114650,818.18,2,0.3000,-86.29,-0.776639,0.000000,1,61.5,327.5,241.5,220.1,1
2294,114700,816.24,2,0.3000,-86.08,-0.774763,0.000000,1,61.4,327.2,241.4,220.1,1
2295,114750,814.11,2,0.3000,-85.88,-0.772921,0.000000,1,61.4,327.0,241.4,220.1,1
2296,114800,812.92,2,0.3000,-85.66,-0.770899,0.000000,1,61.3,326.8,241.3,220.1,1
2297,114850,811.49,2,0.3000,-85.44,-0.768924,0.000000,1,61.3,326.5,241.3,220.1,1
2298,114900,810.90,2,0.3000,-85.20,-0.766789,0.000000,1,61.3,326.2,241.3,220.1,1
2299,114950,809.43,2,0.3000,-84.98,-0.764821,0.000000,1,61.3,326.0,241.3,220.1,1
2300,115000,808.35,2,0.3000,-84.75,-0.762777,0.000000,1,61.2,325.8,241.2,220.1,1
2301,115050,807.23,2,0.3000,-84.53,-0.760743,0.000000,1,61.2,325.5,241.2,220.1,1
2302,115100,806.36,2,0.3000,-84.30,-0.758660,0.000000,1,61.2,325.2,241.2,220.1,1
2303,115150,804.39,2,0.3000,-84.09,-0.756787,0.000000,1,61.2,325.0,241.2,220.1,1
2304,115200,803.80,2,0.3000,-83.85,-0.754651,0.000000,1,61.1,324.8,241.1,220.1,1
2305,115250,803.69,2,0.3000,-83.60,-0.752423,0.000000,1,61.1,324.5,241.1,220.1,1
2306,115300,803.47,2,0.3000,-83.36,-0.750214,0.000000,1,61.1,324.2,241.1,220.1,1
2307,115350,802.50,2,0.3000,-83.13,-0.748151,0.000000,1,61.1,324.0,241.1,220.1,1
2308,115400,801.60,2,0.3000,-82.90,-0.746074,0.000000,1,61.1,323.8,241.1,220.1,1
2309,115450,800.59,2,0.3000,-82.67,-0.744017,0.000000,1,61.1,323.5,241.1,220.1,1
2310,115500,799.56,2,0.3000,-82.44,-0.741966,0.000000,1,61.1,323.2,241.1,220.1,1
2311,115550,798.47,2,0.3000,-82.21,-0.739925,0.000000,1,61.0,323.0,241.0,220.1,1
2312,115600,796.60,2,0.3000,-82.00,-0.738033,0.000000,1,61.0,322.8,241.0,220.1,1
2313,115650,795.17,2,0.3000,-81.78,-0.736059,0.000000,1,61.0,322.5,241.0,220.1,1
2314,115700,793.46,2,0.3000,-81.57,-0.734136,0.000000,1,60.9,322.2,240.9,220.1,1
2315,115750,791.47,2,0.3000,-81.36,-0.732268,0.000000,1,60.9,322.0,240.9,220.1,1
2316,115800,789.15,2,0.3000,-81.16,-0.730464,0.000000,1,60.8,321.8,240.8,220.1,1
2317,115850,787.38,2,0.3000,-80.95,-0.728554,0.000000,1,60.8,321.5,240.8,220.1,1
2318,115900,785.58,2,0.3000,-80.74,-0.726651,0.000000,1,60.8,321.2,240.8,220.1,1
2319,115950,784.55,2,0.3000,-80.51,-0.724597,0.000000,1,60.7,321.0,240.7,220.1,1
2320,116000,782.76,2,0.3000,-80.30,-0.722691,0.000000,1,60.7,320.8,240.7,220.1,1
2321,116050,781.63,2,0.3000,-80.07,-0.720658,0.000000,1,60.7,320.5,240.7,220.1,1
2322,116100,780.37,2,0.3000,-79.85,-0.718651,0.000000,1,60.6,320.2,240.6,220.1,1
2323,116150,779.58,2,0.3000,-79.62,-0.716553,0.000000,1,60.6,320.0,240.6,220.1,1
2324,116200,778.68,2,0.3000,-79.39,-0.714475,0.000000,1,60.6,319.8,240.6,220.1,1
2325,116250,778.12,2,0.3000,-79.15,-0.712332,0.000000,1,60.6,319.5,240.6,220.1,1
2326,116300,776.77,2,0.3000,-78.93,-0.710341,0.000000,1,60.6,319.2,240.6,220.1,1
2327,116350,775.98,2,0.3000,-78.69,-0.708243,0.000000,1,60.6,319.0,240.6,220.1,1
2328,116400,774.80,2,0.3000,-78.47,-0.706219,0.000000,1,60.5,318.8,240.5,220.1,1
2329,116450,773.94,2,0.3000,-78.24,-0.704135,0.000000,1,60.5,318.5,240.5,220.1,1
2330,116500,772.51,2,0.3000,-78.02,-0.702159,0.000000,1,60.5,318.2,240.5,220.1,1
2331,116550,771.52,2,0.3000,-77.79,-0.700100,0.000000,1,60.5,318.0,240.5,220.1,1
2332,116600,770.63,2,0.3000,-77.56,-0.698020,0.000000,1,60.4,317.8,240.4,220.1,1
2333,116650,769.56,2,0.3000,-77.33,-0.695975,0.000000,1,60.4,317.5,240.4,220.1,1
2334,116700,767.67,2,0.3000,-77.12,-0.694088,0.000000,1,60.4,317.2,240.4,220.1,1
2335,116750,766.61,2,0.3000,-76.89,-0.692043,0.000000,1,60.4,317.0,240.4,220.1,1
2336,116800,765.07,2,0.3000,-76.68,-0.690088,0.000000,1,60.3,316.8,240.3,220.1,1
2337,116850,764.41,2,0.3000,-76.44,-0.687965,0.000000,1,60.3,316.5,240.3,220.1,1
2338,116900,762.59,2,0.3000,-76.23,-0.686064,0.000000,1,60.3,316.2,240.3,220.1,1
2339,116950,761.57,2,0.3000,-76.00,-0.684010,0.000000,1,60.2,316.0,240.2,220.1,1
2340,117000,759.62,2,0.3000,-75.79,-0.682134,0.000000,1,60.2,315.8,240.2,220.1,1
2341,117050,758.06,2,0.3000,-75.58,-0.680183,0.000000,1,60.2,315.5,240.2,220.1,1
2342,117100,755.88,2,0.3000,-75.37,-0.678353,0.000000,1,60.1,315.2,240.1,220.1,1
2343,117150,754.37,2,0.3000,-75.15,-0.676392,0.000000,1,60.1,315.0,240.1,220.1,1
2344,117200,752.21,2,0.3000,-74.95,-0.674558,0.000000,1,60.0,314.8,240.0,220.1,1
2345,117250,750.77,2,0.3000,-74.73,-0.672583,0.000000,1,60.0,314.5,240.0,220.1,1
2346,117300,749.50,2,0.3000,-74.51,-0.670578,0.000000,1,60.0,314.2,240.0,220.1,1
2347,117350,748.62,2,0.3000,-74.28,-0.668496,0.000000,1,60.0,314.0,240.0,220.1,1
2348,117400,747.78,2,0.3000,-74.05,-0.666408,0.000000,1,60.0,313.8,240.0,220.1,1
2349,117450,746.05,2,0.3000,-73.83,-0.664490,0.000000,1,59.9,313.5,239.9,220.1,1
2350,117500,744.79,2,0.3000,-73.61,-0.662483,0.000000,1,59.9,313.2,239.9,220.1,1
2351,117550,743.16,2,0.3000,-73.39,-0.660546,0.000000,1,59.9,313.0,239.9,220.1,1
2352,117600,742.14,2,0.3000,-73.17,-0.658491,0.000000,1,59.8,312.8,239.8,220.1,1
2353,117650,740.10,2,0.3000,-72.96,-0.656632,0.000000,1,59.8,312.5,239.8,220.1,1
2354,117700,738.86,2,0.3000,-72.74,-0.654621,0.000000,1,59.8,312.2,239.8,220.1,1
2355,117750,737.61,2,0.3000,-72.51,-0.652611,0.000000,1,59.7,312.0,239.7,220.1,1
2356,117800,736.68,2,0.3000,-72.28,-0.650540,0.000000,1,59.7,311.8,239.7,220.1,1
2357,117850,734.93,2,0.3000,-72.07,-0.648626,0.000000,1,59.7,311.5,239.7,220.1,1
2358,117900,733.93,2,0.3000,-71.84,-0.646567,0.000000,1,59.7,311.2,239.7,220.1,1
2359,117950,732.14,2,0.3000,-71.63,-0.644661,0.000000,1,59.6,311.0,239.6,220.1,1
2360,118000,731.37,2,0.3000,-71.40,-0.642559,0.000000,1,59.6,310.8,239.6,220.1,1
2361,118050,730.11,2,0.3000,-71.17,-0.640552,0.000000,1,59.6,310.5,239.6,220.1,1
2362,118100,728.94,2,0.3000,-70.95,-0.638525,0.000000,1,59.6,310.2,239.6,220.1,1
2363,118150,727.15,2,0.3000,-70.74,-0.636619,0.000000,1,59.5,310.0,239.5,220.1,1
2364,118200,725.72,2,0.3000,-70.52,-0.634645,0.000000,1,59.5,309.8,239.5,220.1,1
2365,118250,723.96,2,0.3000,-70.30,-0.632731,0.000000,1,59.4,309.5,239.4,220.1,1
2366,118300,723.00,2,0.3000,-70.07,-0.630667,0.000000,1,59.4,309.2,239.4,220.1,1
2367,118350,721.71,2,0.3000,-69.85,-0.628664,0.000000,1,59.4,309.0,239.4,220.1,1
2368,118400,720.65,2,0.3000,-69.62,-0.626617,0.000000,1,59.4,308.8,239.4,220.1,1
2369,118450,719.30,2,0.3000,-69.40,-0.624628,0.000000,1,59.3,308.5,239.3,220.1,1
2370,118500,718.37,2,0.3000,-69.17,-0.622555,0.000000,1,59.3,308.2,239.3,220.1,1
2371,118550,717.19,2,0.3000,-68.95,-0.620532,0.000000,1,59.3,308.0,239.3,220.1,1
2372,118600,716.49,2,0.3000,-68.71,-0.618416,0.000000,1,59.3,307.8,239.3,220.1,1
2373,118650,715.21,2,0.3000,-68.49,-0.616412,0.000000,1,59.3,307.5,239.3,220.1,1
2374,118700,714.38,2,0.3000,-68.26,-0.614322,0.000000,1,59.2,307.2,239.2,220.1,1
2375,118750,713.54,2,0.3000,-68.03,-0.612234,0.000000,1,59.2,307.0,239.2,220.1,1
2376,118800,713.21,2,0.3000,-67.78,-0.610046,0.000000,1,59.2,306.8,239.2,220.1,1
2377,118850,712.49,2,0.3000,-67.55,-0.607935,0.000000,1,59.2,306.5,239.2,220.1,1
2378,118900,711.72,2,0.3000,-67.31,-0.605833,0.000000,1,59.2,306.2,239.2,220.1,1
2379,118950,711.23,2,0.3000,-67.08,-0.603676,0.000000,1,59.2,306.0,239.2,220.1,1
2380,119000,709.56,2,0.3000,-66.86,-0.601747,0.000000,1,59.1,305.8,239.1,220.1,1
2381,119050,708.75,2,0.3000,-66.63,-0.599653,0.000000,1,59.1,305.5,239.1,220.1,1
2382,119100,707.18,2,0.3000,-66.41,-0.597704,0.000000,1,59.1,305.2,239.1,220.1,1
2383,119150,706.32,2,0.3000,-66.18,-0.595620,0.000000,1,59.1,305.0,239.1,220.1,1
2384,119200,704.83,2,0.3000,-65.96,-0.593656,0.000000,1,59.0,304.8,239.0,220.1,1
2385,119250,704.00,2,0.3000,-65.73,-0.591566,0.000000,1,59.0,304.5,239.0,220.1,1
2386,119300,702.86,2,0.3000,-65.50,-0.589535,0.000000,1,59.0,304.2,239.0,220.1,1
2387,119350,701.86,2,0.3000,-65.28,-0.587475,0.000000,1,59.0,304.0,239.0,220.1,1
2388,119400,700.56,2,0.3000,-65.05,-0.585476,0.000000,1,58.9,303.8,238.9,220.1,1
2389,119450,699.97,2,0.3000,-64.82,-0.583338,0.000000,1,58.9,303.5,238.9,220.1,1
2390,119500,699.63,2,0.3000,-64.57,-0.581155,0.000000,1,58.9,303.2,238.9,220.1,1
2391,119550,699.15,2,0.3000,-64.33,-0.578996,0.000000,1,58.9,303.0,238.9,220.1,1
2392,119600,698.40,2,0.3000,-64.10,-0.576890,0.000000,1,58.9,302.8,238.9,220.1,1
2393,119650,698.32,2,0.3000,-63.85,-0.574655,0.000000,1,58.9,302.5,238.9,220.1,1
2394,119700,697.30,2,0.3000,-63.62,-0.572602,0.000000,1,58.9,302.2,238.9,220.1,1
2395,119750,696.01,2,0.3000,-63.40,-0.570599,0.000000,1,58.9,302.0,238.9,220.1,1
2396,119800,692.97,2,0.3000,-63.21,-0.568933,0.000000,1,58.8,301.8,238.8,220.1,1
2397,119850,690.67,2,0.3000,-63.01,-0.567125,0.000000,1,58.7,301.5,238.7,220.1,1
2398,119900,688.14,2,0.3000,-62.82,-0.565361,0.000000,1,58.7,301.2,238.7,220.1,1
2399,119950,686.67,2,0.3000,-62.60,-0.563392,0.000000,1,58.7,301.0,238.7,220.1,1
2400,120000,685.11,2,0.3000,-62.38,-0.561443,0.000000,1,58.6,300.8,238.6,220.1,1
2401,120050,684.39,2,0.3000,-62.15,-0.559331,0.000000,1,58.6,300.5,238.6,220.1,1
2402,120100,683.08,2,0.3000,-61.93,-0.557332,0.000000,1,58.6,300.2,238.6,220.1,1
2403,120150,682.03,2,0.3000,-61.70,-0.555283,0.000000,1,58.6,300.0,238.6,220.1,1
2404,120200,680.58,2,0.3000,-61.48,-0.553313,0.000000,1,58.5,299.8,238.5,220.1,1
2405,120250,679.77,2,0.3000,-61.25,-0.551218,0.000000,1,58.5,299.5,238.5,220.1,1
2406,120300,678.26,2,0.3000,-61.03,-0.549259,0.000000,1,58.5,299.2,238.5,220.1,1
2407,120350,677.25,2,0.3000,-60.80,-0.547201,0.000000,1,58.4,299.0,238.4,220.1,1
2408,120400,675.70,2,0.3000,-60.58,-0.545249,0.000000,1,58.4,298.8,238.4,220.1,1
2409,120450,674.32,2,0.3000,-60.36,-0.543264,0.000000,1,58.4,298.5,238.4,220.1,1
2410,120500,673.04,2,0.3000,-60.14,-0.541259,0.000000,1,58.4,298.2,238.4,220.1,1
2411,120550,672.66,2,0.3000,-59.90,-0.539083,0.000000,1,58.4,298.0,238.4,220.1,1
2412,120600,671.63,2,0.3000,-59.67,-0.537030,0.000000,1,58.3,297.8,238.3,220.1,1
2413,120650,670.43,2,0.3000,-59.45,-0.535012,0.000000,1,58.3,297.5,238.3,220.1,1
2414,120700,668.90,2,0.3000,-59.23,-0.533055,0.000000,1,58.3,297.2,238.3,220.1,1
2415,120750,667.36,2,0.3000,-59.01,-0.531101,0.000000,1,58.2,297.0,238.2,220.1,1
2416,120800,666.09,2,0.3000,-58.79,-0.529095,0.000000,1,58.2,296.8,238.2,220.1,1
2417,120850,664.62,2,0.3000,-58.57,-0.527128,0.000000,1,58.2,296.5,238.2,220.1,1
2418,120900,663.56,2,0.3000,-58.34,-0.525081,0.000000,1,58.2,296.2,238.2,220.1,1
2419,120950,661.98,2,0.3000,-58.13,-0.523134,0.000000,1,58.1,296.0,238.1,220.1,1
2420,121000,660.88,2,0.3000,-57.90,-0.521095,0.000000,1,58.1,295.8,238.1,220.1,1
2421,121050,659.97,2,0.3000,-57.67,-0.519020,0.000000,1,58.1,295.5,238.1,220.1,1
2422,121100,659.39,2,0.3000,-57.43,-0.516881,0.000000,1,58.1,295.2,238.1,220.1,1
2423,121150,657.95,2,0.3000,-57.21,-0.514909,0.000000,1,58.0,295.0,238.0,220.1,1
2424,121200,656.82,2,0.3000,-56.99,-0.512874,0.000000,1,58.0,294.8,238.0,220.1,1
2425,121250,655.05,2,0.3000,-56.77,-0.510933,0.000000,1,58.0,294.5,238.0,220.1,1
2426,121300,653.26,2,0.3000,-56.55,-0.508979,0.000000,1,57.9,294.2,237.9,220.1,1
2427,121350,651.34,2,0.3000,-56.34,-0.507045,0.000000,1,57.9,294.0,237.9,220.1,1
2428,121400,650.24,2,0.3000,-56.11,-0.504975,0.000000,1,57.9,293.8,237.9,220.1,1
2429,121450,649.18,2,0.3000,-55.88,-0.502901,0.000000,1,57.9,293.5,237.9,220.1,1
2430,121500,648.44,2,0.3000,-55.64,-0.500772,0.000000,1,57.9,293.2,237.9,220.1,1
2431,121550,647.47,2,0.3000,-55.41,-0.498681,0.000000,1,57.8,293.0,237.8,220.1,1
2432,121600,646.92,2,0.3000,-55.17,-0.496523,0.000000,1,57.8,292.8,237.8,220.1,1
2433,121650,645.95,2,0.3000,-54.94,-0.494431,0.000000,1,57.8,292.5,237.8,220.1,1
2434,121700,645.18,2,0.3000,-54.70,-0.492308,0.000000,1,57.8,292.2,237.8,220.1,1
2435,121750,644.17,2,0.3000,-54.47,-0.490225,0.000000,1,57.8,292.0,237.8,220.1,1
2436,121800,643.19,2,0.3000,-54.24,-0.488137,0.000000,1,57.8,291.8,237.8,220.1,1
2437,121850,641.77,2,0.3000,-54.01,-0.486120,0.000000,1,57.7,291.5,237.7,220.1,1
2438,121900,641.01,2,0.3000,-53.78,-0.483995,0.000000,1,57.7,291.2,237.7,220.1,1
2439,121950,639.95,2,0.3000,-53.55,-0.481919,0.000000,1,57.7,291.0,237.7,220.1,1
2440,122000,639.44,2,0.3000,-53.31,-0.479753,0.000000,1,57.7,290.8,237.7,220.1,1
2441,122050,638.05,2,0.3000,-53.08,-0.477732,0.000000,1,57.7,290.5,237.7,220.1,1
2442,122100,636.69,2,0.3000,-52.86,-0.475706,0.000000,1,57.6,290.2,237.6,220.1,1
2443,122150,634.90,2,0.3000,-52.64,-0.473751,0.000000,1,57.6,290.0,237.6,220.1,1
2444,122200,633.85,2,0.3000,-52.41,-0.471674,0.000000,1,57.6,289.8,237.6,220.1,1
2445,122250,631.71,2,0.3000,-52.20,-0.469775,0.000000,1,57.6,289.5,237.6,220.1,1
2446,122300,630.61,2,0.3000,-51.97,-0.467707,0.000000,1,57.5,289.2,237.5,220.1,1
2447,122350,629.33,2,0.3000,-51.74,-0.465668,0.000000,1,57.5,289.0,237.5,220.1,1
2448,122400,628.54,2,0.3000,-51.51,-0.463547,0.000000,1,57.5,288.8,237.5,220.1,1
2449,122450,627.06,2,0.3000,-51.28,-0.461541,0.000000,1,57.5,288.5,237.5,220.1,1
2450,122500,626.45,2,0.3000,-51.04,-0.459392,0.000000,1,57.5,288.2,237.5,220.1,1
2451,122550,625.12,2,0.3000,-50.82,-0.457361,0.000000,1,57.4,288.0,237.4,220.1,1
2452,122600,624.18,2,0.3000,-50.58,-0.455264,0.000000,1,57.4,287.8,237.4,220.1,1
2453,122650,623.55,2,0.3000,-50.35,-0.453118,0.000000,1,57.4,287.5,237.4,220.1,1
2454,122700,623.04,2,0.3000,-50.11,-0.450952,0.000000,1,57.4,287.2,237.4,220.1,1
2455,122750,622.33,2,0.3000,-49.87,-0.448819,0.000000,1,57.4,287.0,237.4,220.1,1
2456,122800,621.23,2,0.3000,-49.64,-0.446750,0.000000,1,57.4,286.8,237.4,220.1,1
2457,122850,620.51,2,0.3000,-49.40,-0.444618,0.000000,1,57.3,286.5,237.3,220.1,1
2458,122900,619.16,2,0.3000,-49.18,-0.442591,0.000000,1,57.3,286.2,237.3,220.1,1
2459,122950,617.51,2,0.3000,-48.96,-0.440612,0.000000,1,57.3,286.0,237.3,220.1,1
2460,123000,614.93,2,0.3000,-48.75,-0.438787,0.000000,1,57.2,285.8,237.2,220.1,1
2461,123050,613.71,2,0.3000,-48.53,-0.436738,0.000000,1,57.2,285.5,237.2,220.1,1
2462,123100,612.42,2,0.3000,-48.30,-0.434701,0.000000,1,57.2,285.2,237.2,220.1,1
2463,123150,611.58,2,0.3000,-48.07,-0.432589,0.000000,1,57.2,285.0,237.2,220.1,1
2464,123200,610.50,2,0.3000,-47.84,-0.430517,0.000000,1,57.2,284.8,237.2,220.1,1
2465,123250,609.72,2,0.3000,-47.60,-0.428395,0.000000,1,57.2,284.5,237.2,220.1,1
2466,123300,608.48,2,0.3000,-47.37,-0.426350,0.000000,1,57.1,284.2,237.1,220.1,1
2467,123350,608.29,2,0.3000,-47.13,-0.424131,0.000000,1,57.1,284.0,237.1,220.1,1
2468,123400,609.86,2,0.3000,-46.85,-0.421622,0.000000,1,57.2,283.8,237.2,220.1,1
2469,123450,611.03,2,0.3000,-46.58,-0.419179,0.000000,1,57.2,283.5,237.2,220.1,1
2470,123500,610.86,2,0.3000,-46.33,-0.416957,0.000000,1,57.2,283.2,237.2,220.1,1
2471,123550,609.97,2,0.3000,-46.09,-0.414853,0.000000,1,57.2,283.0,237.2,220.1,1
2472,123600,609.16,2,0.3000,-45.86,-0.412737,0.000000,1,57.1,282.8,237.1,220.1,1
2473,123650,609.02,2,0.3000,-45.61,-0.410511,0.000000,1,57.1,282.5,237.1,220.1,1
2474,123700,608.96,2,0.3000,-45.36,-0.408270,0.000000,1,57.1,282.2,237.1,220.1,1
2475,123750,609.65,2,0.3000,-45.10,-0.405907,0.000000,1,57.1,282.0,237.1,220.1,1
2476,123800,607.90,2,0.3000,-44.88,-0.403944,0.000000,1,57.1,281.8,237.1,220.1,1
2477,123850,607.09,2,0.3000,-44.65,-0.401827,0.000000,1,57.1,281.5,237.1,220.1,1
2478,123900,605.33,2,0.3000,-44.43,-0.399868,0.000000,1,57.1,281.2,237.1,220.1,1
2479,123950,604.04,2,0.3000,-44.20,-0.397830,0.000000,1,57.0,281.0,237.0,220.1,1
2480,124000,601.65,2,0.3000,-44.00,-0.395974,0.000000,1,57.0,280.8,237.0,220.1,1
2481,124050,599.08,3,0.3000,-133.79,-1.204145,0.000000,1,57.0,280.5,147.0,220.1,1
2482,124100,594.65,3,0.3000,-133.63,-1.202626,0.000000,1,56.9,280.2,146.9,220.1,1
2483,124150,591.69,3,0.3000,-133.43,-1.200862,0.000000,1,56.8,280.0,146.8,220.1,1
2484,124200,586.46,3,0.3000,-133.27,-1.199474,0.000000,1,56.7,279.8,146.7,220.1,1
2485,124250,583.50,3,0.3000,-133.08,-1.197710,0.000000,1,56.7,279.5,146.7,220.1,1
2486,124300,580.30,3,0.3000,-132.89,-1.195987,0.000000,1,56.6,279.2,146.6,220.1,1
2487,124350,578.81,3,0.3000,-132.66,-1.193982,0.000000,1,56.6,279.0,146.6,220.1,1
2488,124400,576.74,3,0.3000,-132.45,-1.192074,0.000000,1,56.5,278.8,146.5,220.1,1
2489,124450,575.51,3,0.3000,-132.23,-1.190026,0.000000,1,56.5,278.5,146.5,220.1,1
2490,124500,574.05,3,0.3000,-132.00,-1.188016,0.000000,1,56.5,278.2,146.5,220.1,1
2491,124550,573.28,3,0.3000,-131.77,-1.185893,0.000000,1,56.5,278.0,146.5,220.1,1
2492,124600,572.65,3,0.3000,-131.53,-1.183746,0.000000,1,56.5,277.8,146.5,220.1,1
2493,124650,572.29,3,0.3000,-131.28,-1.181556,0.000000,1,56.5,277.5,146.5,220.1,1
2494,124700,571.79,3,0.3000,-131.04,-1.179388,0.000000,1,56.5,277.2,146.5,220.1,1
2495,124750,571.50,3,0.3000,-130.80,-1.177186,0.000000,1,56.5,277.0,146.5,220.1,1
2496,124800,571.18,3,0.3000,-130.55,-1.174989,0.000000,1,56.4,276.8,146.4,220.1,1
2497,124850,570.82,3,0.3000,-130.31,-1.172797,0.000000,1,56.4,276.5,146.4,220.1,1
2498,124900,570.33,3,0.3000,-130.07,-1.170628,0.000000,1,56.4,276.2,146.4,220.1,1
2499,124950,569.95,3,0.3000,-129.83,-1.168441,0.000000,1,56.4,276.0,146.4,220.1,1
2500,125000,569.50,3,0.3000,-129.59,-1.166265,0.000000,1,56.4,275.8,146.4,220.1,1
2501,125050,569.10,3,0.3000,-129.34,-1.164080,0.000000,1,56.4,275.5,146.4,220.1,1
2502,125100,568.80,3,0.3000,-129.10,-1.161879,0.000000,1,56.4,275.2,146.4,220.1,1
2503,125150,567.85,3,0.3000,-128.87,-1.159786,0.000000,1,56.4,275.0,146.4,220.1,1
2504,125200,567.33,3,0.3000,-128.62,-1.157622,0.000000,1,56.4,274.8,146.4,220.1,1
2505,125250,566.10,3,0.3000,-128.40,-1.155574,0.000000,1,56.4,274.5,146.4,220.1,1
2506,125300,565.27,3,0.3000,-128.16,-1.153461,0.000000,1,56.3,274.2,146.3,220.1,1
2507,125350,563.84,3,0.3000,-127.94,-1.151447,0.000000,1,56.3,274.0,146.3,220.1,1
2508,125400,563.09,3,0.3000,-127.70,-1.149321,0.000000,1,56.3,273.8,146.3,220.1,1
2509,125450,562.33,3,0.3000,-127.47,-1.147196,0.000000,1,56.3,273.5,146.3,220.1,1
2510,125500,561.81,3,0.3000,-127.23,-1.145031,0.000000,1,56.3,273.2,146.3,220.1,1
2511,125550,561.35,3,0.3000,-126.98,-1.142856,0.000000,1,56.3,273.0,146.3,220.1,1
2512,125600,561.02,3,0.3000,-126.74,-1.140660,0.000000,1,56.3,272.8,146.3,220.1,1
2513,125650,560.69,3,0.3000,-126.50,-1.138464,0.000000,1,56.3,272.5,146.3,220.1,1
2514,125700,560.47,3,0.3000,-126.25,-1.136252,0.000000,1,56.2,272.2,146.2,220.1,1
2515,125750,559.90,3,0.3000,-126.01,-1.134095,0.000000,1,56.2,272.0,146.2,220.1,1
2516,125800,559.48,3,0.3000,-125.77,-1.131914,0.000000,1,56.2,271.8,146.2,220.1,1
2517,125850,558.69,3,0.3000,-125.53,-1.129795,0.000000,1,56.2,271.5,146.2,220.1,1
2518,125900,558.43,3,0.3000,-125.29,-1.127587,0.000000,1,56.2,271.2,146.2,220.1,1
2519,125950,557.84,3,0.3000,-125.05,-1.125433,0.000000,1,56.2,271.0,146.2,220.1,1
2520,126000,557.48,3,0.3000,-124.80,-1.123244,0.000000,1,56.2,270.8,146.2,220.1,1
2521,126050,556.84,3,0.3000,-124.57,-1.121098,0.000000,1,56.2,270.5,146.2,220.1,1
2522,126100,556.65,3,0.3000,-124.32,-1.118879,0.000000,1,56.2,270.2,146.2,220.1,1
2523,126150,556.26,3,0.3000,-124.08,-1.116695,0.000000,1,56.2,270.0,146.2,220.1,1
2524,126200,555.94,3,0.3000,-123.83,-1.114496,0.000000,1,56.2,269.8,146.2,220.1,1
2525,126250,555.50,3,0.3000,-123.59,-1.112319,0.000000,1,56.2,269.5,146.2,220.1,1
2526,126300,555.27,3,0.3000,-123.35,-1.110107,0.000000,1,56.2,269.2,146.2,220.1,1
2527,126350,554.87,3,0.3000,-123.10,-1.107924,0.000000,1,56.1,269.0,146.1,220.1,1
2528,126400,554.67,3,0.3000,-122.86,-1.105706,0.000000,1,56.1,268.8,146.1,220.1,1
2529,126450,554.41,3,0.3000,-122.61,-1.103499,0.000000,1,56.1,268.5,146.1,220.1,1
2530,126500,554.30,3,0.3000,-122.36,-1.101267,0.000000,1,56.1,268.2,146.1,220.1,1
2531,126550,554.14,3,0.3000,-122.12,-1.099042,0.000000,1,56.1,268.0,146.1,220.1,1
2532,126600,553.97,3,0.3000,-121.87,-1.096820,0.000000,1,56.1,267.8,146.1,220.1,1
2533,126650,553.73,3,0.3000,-121.62,-1.094610,0.000000,1,56.1,267.5,146.1,220.1,1
2534,126700,553.65,3,0.3000,-121.37,-1.092374,0.000000,1,56.1,267.2,146.1,220.1,1
2535,126750,553.38,3,0.3000,-121.13,-1.090168,0.000000,1,56.1,267.0,146.1,220.1,1
2536,126800,553.26,3,0.3000,-120.88,-1.087937,0.000000,1,56.1,266.8,146.1,220.1,1
2537,126850,552.95,3,0.3000,-120.64,-1.085739,0.000000,1,56.1,266.5,146.1,220.1,1
2538,126900,552.66,3,0.3000,-120.39,-1.083537,0.000000,1,56.1,266.2,146.1,220.1,1
2539,126950,552.34,3,0.3000,-120.15,-1.081339,0.000000,1,56.1,266.0,146.1,220.1,1
2540,127000,552.19,3,0.3000,-119.90,-1.079113,0.000000,1,56.1,265.8,146.1,220.1,1
2541,127050,551.99,3,0.3000,-119.66,-1.076897,0.000000,1,56.1,265.5,146.1,220.1,1
2542,127100,551.82,3,0.3000,-119.41,-1.074675,0.000000,1,56.1,265.2,146.1,220.1,1
2543,127150,551.68,3,0.3000,-119.16,-1.072447,0.000000,1,56.1,265.0,146.1,220.1,1
2544,127200,551.42,3,0.3000,-118.92,-1.070241,0.000000,1,56.1,264.8,146.1,220.1,1
2545,127250,551.05,3,0.3000,-118.67,-1.068051,0.000000,1,56.1,264.5,146.1,220.1,1
2546,127300,550.82,3,0.3000,-118.43,-1.065839,0.000000,1,56.1,264.2,146.1,220.1,1
2547,127350,550.52,3,0.3000,-118.18,-1.063640,0.000000,1,56.1,264.0,146.1,220.1,1
2548,127400,550.28,3,0.3000,-117.94,-1.061429,0.000000,1,56.1,263.8,146.1,220.1,1
2549,127450,550.00,3,0.3000,-117.69,-1.059224,0.000000,1,56.1,263.5,146.1,220.1,1
2550,127500,549.78,3,0.3000,-117.45,-1.057011,0.000000,1,56.1,263.2,146.1,220.1,1
2551,127550,549.53,3,0.3000,-117.20,-1.054802,0.000000,1,56.0,263.0,146.0,220.1,1
2552,127600,549.32,3,0.3000,-116.95,-1.052586,0.000000,1,56.0,262.8,146.0,220.1,1
2553,127650,549.13,3,0.3000,-116.71,-1.050367,0.000000,1,56.0,262.5,146.0,220.1,1
2554,127700,548.75,3,0.3000,-116.46,-1.048179,0.000000,1,56.0,262.2,146.0,220.1,1
2555,127750,548.47,3,0.3000,-116.22,-1.045975,0.000000,1,56.0,262.0,146.0,220.1,1
2556,127800,548.07,3,0.3000,-115.98,-1.043791,0.000000,1,56.0,261.8,146.0,220.1,1
2557,127850,547.73,3,0.3000,-115.73,-1.041598,0.000000,1,56.0,261.5,146.0,220.1,1
2558,127900,547.35,3,0.3000,-115.49,-1.039410,0.000000,1,56.0,261.2,146.0,220.1,1
2559,127950,547.09,3,0.3000,-115.24,-1.037203,0.000000,1,56.0,261.0,146.0,220.1,1
2560,128000,546.78,3,0.3000,-115.00,-1.035004,0.000000,1,56.0,260.8,146.0,220.1,1
2561,128050,546.60,3,0.3000,-114.75,-1.032784,0.000000,1,56.0,260.5,146.0,220.1,1
2562,128100,546.17,3,0.3000,-114.51,-1.030606,0.000000,1,56.0,260.2,146.0,220.1,1
2563,128150,545.97,3,0.3000,-114.27,-1.028388,0.000000,1,56.0,260.0,146.0,220.1,1
2564,128200,545.54,3,0.3000,-114.02,-1.026208,0.000000,1,56.0,259.8,146.0,220.1,1
2565,128250,545.26,3,0.3000,-113.78,-1.024005,0.000000,1,56.0,259.5,146.0,220.1,1
2566,128300,544.83,3,0.3000,-113.54,-1.021825,0.000000,1,56.0,259.2,146.0,220.1,1
2567,128350,544.58,3,0.3000,-113.29,-1.019617,0.000000,1,56.0,259.0,146.0,220.1,1
2568,128400,544.24,3,0.3000,-113.05,-1.017423,0.000000,1,56.0,258.8,146.0,220.1,1
2569,128450,543.69,3,0.3000,-112.81,-1.015263,0.000000,1,55.9,258.5,145.9,220.1,1
2570,128500,543.50,3,0.3000,-112.56,-1.013044,0.000000,1,55.9,258.2,145.9,220.1,1
2571,128550,543.20,3,0.3000,-112.32,-1.010844,0.000000,1,55.9,258.0,145.9,220.1,1
2572,128600,542.93,3,0.3000,-112.07,-1.008639,0.000000,1,55.9,257.8,145.9,220.1,1
2573,128650,542.78,3,0.3000,-111.82,-1.006412,0.000000,1,55.9,257.5,145.9,220.1,1
2574,128700,542.62,3,0.3000,-111.58,-1.004189,0.000000,1,55.9,257.2,145.9,220.1,1
2575,128750,542.27,3,0.3000,-111.33,-1.001997,0.000000,1,55.9,257.0,145.9,220.1,1
2576,128800,542.11,3,0.3000,-111.09,-0.999773,0.000000,1,55.9,256.8,145.9,220.1,1
2577,128850,541.80,3,0.3000,-110.84,-0.997574,0.000000,1,55.9,256.5,145.9,220.1,1
2578,128900,541.62,3,0.3000,-110.59,-0.995354,0.000000,1,55.9,256.2,145.9,220.1,1
2579,128950,541.27,3,0.3000,-110.35,-0.993161,0.000000,1,55.9,256.0,145.9,220.1,1
2580,129000,541.23,3,0.3000,-110.10,-0.990918,0.000000,1,55.9,255.8,145.9,220.1,1
2581,129050,540.66,3,0.3000,-109.86,-0.988761,0.000000,1,55.9,255.5,145.9,220.1,1
2582,129100,540.36,3,0.3000,-109.62,-0.986561,0.000000,1,55.9,255.2,145.9,220.1,1
2583,129150,539.99,3,0.3000,-109.37,-0.984371,0.000000,1,55.9,255.0,145.9,220.1,1
2584,129200,539.73,3,0.3000,-109.13,-0.982165,0.000000,1,55.9,254.8,145.9,220.1,1
2585,129250,539.04,3,0.3000,-108.89,-0.980028,0.000000,1,55.9,254.5,145.9,220.1,1
2586,129300,538.76,3,0.3000,-108.65,-0.977825,0.000000,1,55.9,254.2,145.9,220.1,1
2587,129350,538.31,3,0.3000,-108.41,-0.975649,0.000000,1,55.8,254.0,145.8,220.1,1
2588,129400,537.98,3,0.3000,-108.16,-0.973452,0.000000,1,55.8,253.8,145.8,220.1,1
2589,129450,537.41,3,0.3000,-107.92,-0.971297,0.000000,1,55.8,253.5,145.8,220.1,1
2590,129500,536.96,3,0.3000,-107.68,-0.969120,0.000000,1,55.8,253.2,145.8,220.1,1
2591,129550,536.43,3,0.3000,-107.44,-0.966958,0.000000,1,55.8,253.0,145.8,220.1,1
2592,129600,536.03,3,0.3000,-107.20,-0.964774,0.000000,1,55.8,252.8,145.8,220.1,1
2593,129650,535.70,3,0.3000,-106.95,-0.962578,0.000000,1,55.8,252.5,145.8,220.1,1
2594,129700,535.59,3,0.3000,-106.71,-0.960346,0.000000,1,55.8,252.2,145.8,220.1,1
2595,129750,535.18,3,0.3000,-106.46,-0.958163,0.000000,1,55.8,252.0,145.8,220.1,1
2596,129800,535.01,3,0.3000,-106.22,-0.955941,0.000000,1,55.8,251.8,145.8,220.1,1
2597,129850,534.66,3,0.3000,-105.97,-0.953750,0.000000,1,55.8,251.5,145.8,220.1,1
2598,129900,534.28,3,0.3000,-105.73,-0.951562,0.000000,1,55.8,251.2,145.8,220.1,1
2599,129950,533.93,3,0.3000,-105.49,-0.949369,0.000000,1,55.8,251.0,145.8,220.1,1
2600,130000,533.65,3,0.3000,-105.24,-0.947165,0.000000,1,55.8,250.8,145.8,220.1,1
2601,130050,533.23,3,0.3000,-105.00,-0.944984,0.000000,1,55.8,250.5,145.8,220.1,1
2602,130100,532.95,3,0.3000,-104.75,-0.942780,0.000000,1,55.7,250.2,145.7,220.1,1
2603,130150,532.55,3,0.3000,-104.51,-0.940597,0.000000,1,55.7,250.0,145.7,220.1,1
2604,130200,532.31,3,0.3000,-104.27,-0.938386,0.000000,1,55.7,249.8,145.7,220.1,1
2605,130250,532.05,3,0.3000,-104.02,-0.936179,0.000000,1,55.7,249.5,145.7,220.1,1
2606,130300,531.72,3,0.3000,-103.78,-0.933984,0.000000,1,55.7,249.2,145.7,220.1,1
2607,130350,531.31,3,0.3000,-103.53,-0.931800,0.000000,1,55.7,249.0,145.7,220.1,1
2608,130400,531.10,3,0.3000,-103.29,-0.929586,0.000000,1,55.7,248.8,145.7,220.1,1
2609,130450,530.87,3,0.3000,-103.04,-0.927373,0.000000,1,55.7,248.5,145.7,220.1,1
2610,130500,530.61,3,0.3000,-102.80,-0.925166,0.000000,1,55.7,248.2,145.7,220.1,1
2611,130550,530.52,3,0.3000,-102.55,-0.922930,0.000000,1,55.7,248.0,145.7,220.1,1
2612,130600,530.32,3,0.3000,-102.30,-0.920713,0.000000,1,55.7,247.8,145.7,220.1,1
2613,130650,529.97,3,0.3000,-102.06,-0.918521,0.000000,1,55.7,247.5,145.7,220.1,1
2614,130700,529.80,3,0.3000,-101.81,-0.916298,0.000000,1,55.7,247.2,145.7,220.1,1
2615,130750,529.63,3,0.3000,-101.56,-0.914077,0.000000,1,55.7,247.0,145.7,220.1,1
2616,130800,529.31,3,0.3000,-101.32,-0.911880,0.000000,1,55.7,246.8,145.7,220.1,1
2617,130850,529.17,3,0.3000,-101.07,-0.909652,0.000000,1,55.7,246.5,145.7,220.1,1
2618,130900,528.92,3,0.3000,-100.83,-0.907444,0.000000,1,55.7,246.2,145.7,220.1,1
2619,130950,528.70,3,0.3000,-100.58,-0.905231,0.000000,1,55.7,246.0,145.7,220.1,1
2620,131000,528.49,3,0.3000,-100.34,-0.903015,0.000000,1,55.7,245.8,145.7,220.1,1
2621,131050,528.42,3,0.3000,-100.09,-0.900776,0.000000,1,55.7,245.5,145.7,220.1,1
2622,131100,528.17,3,0.3000,-99.84,-0.898568,0.000000,1,55.7,245.2,145.7,220.1,1
2623,131150,527.99,3,0.3000,-99.59,-0.896347,0.000000,1,55.7,245.0,145.7,220.1,1
2624,131200,527.80,3,0.3000,-99.35,-0.894129,0.000000,1,55.7,244.8,145.7,220.1,1
2625,131250,527.30,3,0.3000,-99.11,-0.891960,0.000000,1,55.6,244.5,145.6,220.1,1
2626,131300,527.07,3,0.3000,-98.86,-0.889748,0.000000,1,55.6,244.2,145.6,220.1,1
2627,131350,526.69,3,0.3000,-98.62,-0.887560,0.000000,1,55.6,244.0,145.6,220.1,1
2628,131400,526.35,3,0.3000,-98.37,-0.885367,0.000000,1,55.6,243.8,145.6,220.1,1
2629,131450,526.14,3,0.3000,-98.13,-0.883151,0.000000,1,55.6,243.5,145.6,220.1,1
2630,131500,525.66,3,0.3000,-97.89,-0.880980,0.000000,1,55.6,243.2,145.6,220.1,1
2631,131550,525.55,3,0.3000,-97.64,-0.878749,0.000000,1,55.6,243.0,145.6,220.1,1
2632,131600,525.10,3,0.3000,-97.40,-0.876572,0.000000,1,55.6,242.8,145.6,220.1,1
2633,131650,524.95,3,0.3000,-97.15,-0.874347,0.000000,1,55.6,242.5,145.6,220.1,1
2634,131700,524.81,3,0.3000,-96.90,-0.872120,0.000000,1,55.6,242.2,145.6,220.1,1
2635,131750,524.70,3,0.3000,-96.65,-0.869888,0.000000,1,55.6,242.0,145.6,220.1,1
2636,131800,524.26,3,0.3000,-96.41,-0.867712,0.000000,1,55.6,241.8,145.6,220.1,1
2637,131850,524.05,3,0.3000,-96.17,-0.865495,0.000000,1,55.6,241.5,145.6,220.1,1
2638,131900,523.76,3,0.3000,-95.92,-0.863293,0.000000,1,55.6,241.2,145.6,220.1,1
2639,131950,523.53,3,0.3000,-95.68,-0.861080,0.000000,1,55.6,241.0,145.6,220.1,1
2640,132000,523.20,3,0.3000,-95.43,-0.858886,0.000000,1,55.6,240.8,145.6,220.1,1
2641,132050,523.10,3,0.3000,-95.18,-0.856652,0.000000,1,55.6,240.5,145.6,220.1,1
2642,132100,522.90,3,0.3000,-94.94,-0.854434,0.000000,1,55.6,240.2,145.6,220.1,1
2643,132150,522.68,3,0.3000,-94.69,-0.852221,0.000000,1,55.6,240.0,145.6,220.1,1
2644,132200,522.32,3,0.3000,-94.45,-0.850029,0.000000,1,55.6,239.8,145.6,220.1,1
2645,132250,522.21,3,0.3000,-94.20,-0.847799,0.000000,1,55.6,239.5,145.6,220.1,1
2646,132300,521.74,3,0.3000,-93.96,-0.845626,0.000000,1,55.5,239.2,145.5,220.1,1
2647,132350,521.39,3,0.3000,-93.71,-0.843434,0.000000,1,55.5,239.0,145.5,220.1,1
2648,132400,521.17,3,0.3000,-93.47,-0.841220,0.000000,1,55.5,238.8,145.5,220.1,1
2649,132450,520.93,3,0.3000,-93.22,-0.839009,0.000000,1,55.5,238.5,145.5,220.1,1
2650,132500,520.54,3,0.3000,-92.98,-0.836823,0.000000,1,55.5,238.2,145.5,220.1,1
2651,132550,520.33,3,0.3000,-92.73,-0.834607,0.000000,1,55.5,238.0,145.5,220.1,1
2652,132600,520.15,3,0.3000,-92.49,-0.832388,0.000000,1,55.5,237.8,145.5,220.1,1
2653,132650,519.80,3,0.3000,-92.24,-0.830194,0.000000,1,55.5,237.5,145.5,220.1,1
2654,132700,519.44,3,0.3000,-92.00,-0.828005,0.000000,1,55.5,237.2,145.5,220.1,1
2655,132750,519.15,3,0.3000,-91.76,-0.825802,0.000000,1,55.5,237.0,145.5,220.1,1
2656,132800,519.06,3,0.3000,-91.51,-0.823566,0.000000,1,55.5,236.8,145.5,220.1,1
2657,132850,518.84,3,0.3000,-91.26,-0.821352,0.000000,1,55.5,236.5,145.5,220.1,1
2658,132900,518.63,3,0.3000,-91.02,-0.819137,0.000000,1,55.5,236.2,145.5,220.1,1
2659,132950,518.22,3,0.3000,-90.77,-0.816955,0.000000,1,55.5,236.0,145.5,220.1,1
2660,133000,518.13,3,0.3000,-90.52,-0.814720,0.000000,1,55.5,235.8,145.5,220.1,1
2661,133050,517.78,3,0.3000,-90.28,-0.812527,0.000000,1,55.5,235.5,145.5,220.1,1
2662,133100,517.64,3,0.3000,-90.03,-0.810301,0.000000,1,55.5,235.2,145.5,220.1,1
2663,133150,517.22,3,0.3000,-89.79,-0.808120,0.000000,1,55.5,235.0,145.5,220.1,1
2664,133200,517.03,3,0.3000,-89.54,-0.805902,0.000000,1,55.5,234.8,145.5,220.1,1
2665,133250,516.56,3,0.3000,-89.30,-0.803728,0.000000,1,55.4,234.5,145.4,220.1,1
2666,133300,516.39,3,0.3000,-89.06,-0.801506,0.000000,1,55.4,234.2,145.4,220.1,1
2667,133350,516.10,3,0.3000,-88.81,-0.799304,0.000000,1,55.4,234.0,145.4,220.1,1
2668,133400,515.93,3,0.3000,-88.56,-0.797082,0.000000,1,55.4,233.8,145.4,220.1,1
2669,133450,515.57,3,0.3000,-88.32,-0.794892,0.000000,1,55.4,233.5,145.4,220.1,1
2670,133500,515.31,3,0.3000,-88.08,-0.792684,0.000000,1,55.4,233.2,145.4,220.1,1
2671,133550,515.02,3,0.3000,-87.83,-0.790482,0.000000,1,55.4,233.0,145.4,220.1,1
2672,133600,514.84,3,0.3000,-87.58,-0.788262,0.000000,1,55.4,232.8,145.4,220.1,1
2673,133650,514.63,3,0.3000,-87.34,-0.786046,0.000000,1,55.4,232.5,145.4,220.1,1
2674,133700,514.45,3,0.3000,-87.09,-0.783826,0.000000,1,55.4,232.2,145.4,220.1,1
2675,133750,514.10,3,0.3000,-86.85,-0.781633,0.000000,1,55.4,232.0,145.4,220.1,1
2676,133800,513.85,3,0.3000,-86.60,-0.779424,0.000000,1,55.4,231.8,145.4,220.1,1
2677,133850,513.58,3,0.3000,-86.36,-0.777219,0.000000,1,55.4,231.5,145.4,220.1,1
2678,133900,513.40,3,0.3000,-86.11,-0.774999,0.000000,1,55.4,231.2,145.4,220.1,1
2679,133950,513.01,3,0.3000,-85.87,-0.772812,0.000000,1,55.4,231.0,145.4,220.1,1
2680,134000,512.74,3,0.3000,-85.62,-0.770607,0.000000,1,55.4,230.8,145.4,220.1,1
2681,134050,512.44,3,0.3000,-85.38,-0.768406,0.000000,1,55.4,230.5,145.4,220.1,1
2682,134100,512.26,3,0.3000,-85.13,-0.766187,0.000000,1,55.4,230.2,145.4,220.1,1
2683,134150,511.87,3,0.3000,-84.89,-0.764000,0.000000,1,55.4,230.0,145.4,220.1,1
2684,134200,511.71,3,0.3000,-84.64,-0.761776,0.000000,1,55.4,229.8,145.4,220.1,1
2685,134250,511.39,3,0.3000,-84.40,-0.759579,0.000000,1,55.4,229.5,145.4,220.1,1
2686,134300,511.21,3,0.3000,-84.15,-0.757360,0.000000,1,55.3,229.2,145.3,220.1,1
2687,134350,510.91,3,0.3000,-83.91,-0.755158,0.000000,1,55.3,229.0,145.3,220.1,1
2688,134400,510.65,3,0.3000,-83.66,-0.752950,0.000000,1,55.3,228.8,145.3,220.1,1
2689,134450,510.17,3,0.3000,-83.42,-0.750780,0.000000,1,55.3,228.5,145.3,220.1,1
2690,134500,510.12,3,0.3000,-83.17,-0.748538,0.000000,1,55.3,228.2,145.3,220.1,1
2691,134550,509.84,3,0.3000,-82.93,-0.746334,0.000000,1,55.3,228.0,145.3,220.1,1
2692,134600,509.55,3,0.3000,-82.68,-0.744131,0.000000,1,55.3,227.8,145.3,220.1,1
2693,134650,509.24,3,0.3000,-82.44,-0.741933,0.000000,1,55.3,227.5,145.3,220.1,1
2694,134700,509.00,3,0.3000,-82.19,-0.739723,0.000000,1,55.3,227.2,145.3,220.1,1
2695,134750,508.83,3,0.3000,-81.94,-0.737501,0.000000,1,55.3,227.0,145.3,220.1,1
2696,134800,508.68,3,0.3000,-81.70,-0.735276,0.000000,1,55.3,226.8,145.3,220.1,1
2697,134850,508.50,3,0.3000,-81.45,-0.733055,0.000000,1,55.3,226.5,145.3,220.1,1
2698,134900,508.26,3,0.3000,-81.21,-0.730845,0.000000,1,55.3,226.2,145.3,220.1,1
2699,134950,508.06,3,0.3000,-80.96,-0.728627,0.000000,1,55.3,226.0,145.3,220.1,1
2700,135000,507.76,3,0.3000,-80.71,-0.726426,0.000000,1,55.3,225.8,145.3,220.1,1
2701,135050,507.68,3,0.3000,-80.47,-0.724189,0.000000,1,55.3,225.5,145.3,220.1,1
2702,135100,507.45,3,0.3000,-80.22,-0.721977,0.000000,1,55.3,225.2,145.3,220.1,1
2703,135150,507.20,3,0.3000,-79.97,-0.719770,0.000000,1,55.3,225.0,145.3,220.1,1
2704,135200,506.95,3,0.3000,-79.73,-0.717561,0.000000,1,55.3,224.8,145.3,220.1,1
2705,135250,506.70,3,0.3000,-79.48,-0.715351,0.000000,1,55.3,224.5,145.3,220.1,1
2706,135300,506.48,3,0.3000,-79.24,-0.713138,0.000000,1,55.3,224.2,145.3,220.1,1
2707,135350,506.34,3,0.3000,-78.99,-0.710910,0.000000,1,55.3,224.0,145.3,220.1,1
2708,135400,506.21,3,0.3000,-78.74,-0.708682,0.000000,1,55.3,223.8,145.3,220.1,1
2709,135450,506.11,3,0.3000,-78.49,-0.706448,0.000000,1,55.3,223.5,145.3,220.1,1
2710,135500,505.93,3,0.3000,-78.25,-0.704227,0.000000,1,55.3,223.2,145.3,220.1,1
2711,135550,505.76,3,0.3000,-78.00,-0.702006,0.000000,1,55.2,223.0,145.2,220.1,1
2712,135600,505.63,3,0.3000,-77.75,-0.699777,0.000000,1,55.2,222.8,145.2,220.1,1
2713,135650,505.46,3,0.3000,-77.51,-0.697556,0.000000,1,55.2,222.5,145.2,220.1,1
2714,135700,505.23,3,0.3000,-77.26,-0.695344,0.000000,1,55.2,222.2,145.2,220.1,1
2715,135750,505.14,3,0.3000,-77.01,-0.693109,0.000000,1,55.2,222.0,145.2,220.1,1
2716,135800,505.06,3,0.3000,-76.76,-0.690870,0.000000,1,55.2,221.8,145.2,220.1,1
2717,135850,504.91,3,0.3000,-76.52,-0.688646,0.000000,1,55.2,221.5,145.2,220.1,1
2718,135900,504.74,3,0.3000,-76.27,-0.686424,0.000000,1,55.2,221.2,145.2,220.1,1
2719,135950,504.55,3,0.3000,-76.02,-0.684205,0.000000,1,55.2,221.0,145.2,220.1,1
2720,136000,504.33,3,0.3000,-75.78,-0.681991,0.000000,1,55.2,220.8,145.2,220.1,1
2721,136050,504.08,3,0.3000,-75.53,-0.679783,0.000000,1,55.2,220.5,145.2,220.1,1
2722,136100,503.85,3,0.3000,-75.29,-0.677570,0.000000,1,55.2,220.2,145.2,220.1,1
2723,136150,503.68,3,0.3000,-75.04,-0.675349,0.000000,1,55.2,220.0,145.2,220.1,1
2724,136200,503.38,3,0.3000,-74.79,-0.673148,0.000000,1,55.2,219.8,145.2,220.1,1
2725,136250,503.15,3,0.3000,-74.55,-0.670936,0.000000,1,55.2,219.5,145.2,220.1,1
2726,136300,502.87,3,0.3000,-74.30,-0.668731,0.000000,1,55.2,219.2,145.2,220.1,1
2727,136350,502.58,3,0.3000,-74.06,-0.666530,0.000000,1,55.2,219.0,145.2,220.1,1
2728,136400,502.38,3,0.3000,-73.81,-0.664312,0.000000,1,55.2,218.8,145.2,220.1,1
2729,136450,502.12,3,0.3000,-73.57,-0.662105,0.000000,1,55.2,218.5,145.2,220.1,1
2730,136500,502.03,3,0.3000,-73.32,-0.659870,0.000000,1,55.2,218.2,145.2,220.1,1
2731,136550,501.95,3,0.3000,-73.07,-0.657634,0.000000,1,55.2,218.0,145.2,220.1,1
2732,136600,501.83,3,0.3000,-72.82,-0.655403,0.000000,1,55.2,217.8,145.2,220.1,1
2733,136650,501.64,3,0.3000,-72.58,-0.653185,0.000000,1,55.2,217.5,145.2,220.1,1
2734,136700,501.44,3,0.3000,-72.33,-0.650967,0.000000,1,55.2,217.2,145.2,220.1,1
2735,136750,501.26,3,0.3000,-72.08,-0.648746,0.000000,1,55.2,217.0,145.2,220.1,1
2736,136800,501.09,3,0.3000,-71.84,-0.646524,0.000000,1,55.2,216.8,145.2,220.1,1
2737,136850,500.78,3,0.3000,-71.59,-0.644326,0.000000,1,55.2,216.5,145.2,220.1,1
2738,136900,500.47,3,0.3000,-71.35,-0.642127,0.000000,1,55.2,216.2,145.2,220.1,1
2739,136950,499.90,3,0.3000,-71.11,-0.639970,0.000000,1,55.1,216.0,145.1,220.1,1
2740,137000,499.69,3,0.3000,-70.86,-0.637755,0.000000,1,55.1,215.8,145.1,220.1,1
2741,137050,499.47,3,0.3000,-70.62,-0.635542,0.000000,1,55.1,215.5,145.1,220.1,1
2742,137100,499.28,3,0.3000,-70.37,-0.633323,0.000000,1,55.1,215.2,145.1,220.1,1
2743,137150,498.83,3,0.3000,-70.13,-0.631147,0.000000,1,55.1,215.0,145.1,220.1,1
2744,137200,498.67,3,0.3000,-69.88,-0.628922,0.000000,1,55.1,214.8,145.1,220.1,1
2745,137250,498.41,3,0.3000,-69.64,-0.626715,0.000000,1,55.1,214.5,145.1,220.1,1
2746,137300,498.20,3,0.3000,-69.39,-0.624500,0.000000,1,55.1,214.2,145.1,220.1,1
2747,137350,498.15,3,0.3000,-69.14,-0.622259,0.000000,1,55.1,214.0,145.1,220.1,1
2748,137400,497.98,3,0.3000,-68.89,-0.620037,0.000000,1,55.1,213.8,145.1,220.1,1
2749,137450,497.97,3,0.3000,-68.64,-0.617789,0.000000,1,55.1,213.5,145.1,220.1,1
2750,137500,497.84,3,0.3000,-68.40,-0.615560,0.000000,1,55.1,213.2,145.1,220.1,1
2751,137550,497.53,3,0.3000,-68.15,-0.613361,0.000000,1,55.1,213.0,145.1,220.1,1
2752,137600,497.32,3,0.3000,-67.90,-0.611145,0.000000,1,55.1,212.8,145.1,220.1,1
2753,137650,497.25,3,0.3000,-67.66,-0.608907,0.000000,1,55.1,212.5,145.1,220.1,1
2754,137700,497.02,3,0.3000,-67.41,-0.606694,0.000000,1,55.1,212.2,145.1,220.1,1
2755,137750,496.71,3,0.3000,-67.17,-0.604495,0.000000,1,55.1,212.0,145.1,220.1,1
2756,137800,496.49,3,0.3000,-66.92,-0.602281,0.000000,1,55.1,211.8,145.1,220.1,1
2757,137850,496.03,3,0.3000,-66.68,-0.600108,0.000000,1,55.1,211.5,145.1,220.1,1
2758,137900,495.78,3,0.3000,-66.43,-0.597899,0.000000,1,55.1,211.2,145.1,220.1,1
2759,137950,495.56,3,0.3000,-66.19,-0.595686,0.000000,1,55.1,211.0,145.1,220.1,1
2760,138000,495.42,3,0.3000,-65.94,-0.593458,0.000000,1,55.1,210.8,145.1,220.1,1
2761,138050,495.25,3,0.3000,-65.69,-0.591236,0.000000,1,55.1,210.5,145.1,220.1,1
2762,138100,495.07,3,0.3000,-65.45,-0.589016,0.000000,1,55.1,210.2,145.1,220.1,1
2763,138150,494.82,3,0.3000,-65.20,-0.586806,0.000000,1,55.0,210.0,145.0,220.1,1
2764,138200,494.48,3,0.3000,-64.96,-0.584612,0.000000,1,55.0,209.8,145.0,220.1,1
2765,138250,494.26,3,0.3000,-64.71,-0.582399,0.000000,1,55.0,209.5,145.0,220.1,1
2766,138300,493.86,3,0.3000,-64.47,-0.580215,0.000000,1,55.0,209.2,145.0,220.1,1
2767,138350,493.73,3,0.3000,-64.22,-0.577985,0.000000,1,55.0,209.0,145.0,220.1,1
2768,138400,493.45,3,0.3000,-63.98,-0.575782,0.000000,1,55.0,208.8,145.0,220.1,1
2769,138450,493.32,3,0.3000,-63.73,-0.573553,0.000000,1,55.0,208.5,145.0,220.1,1
2770,138500,493.20,3,0.3000,-63.48,-0.571324,0.000000,1,55.0,208.2,145.0,220.1,1
2771,138550,492.95,3,0.3000,-63.23,-0.569114,0.000000,1,55.0,208.0,145.0,220.1,1
2772,138600,492.73,3,0.3000,-62.99,-0.566900,0.000000,1,55.0,207.8,145.0,220.1,1
2773,138650,492.63,3,0.3000,-62.74,-0.564666,0.000000,1,55.0,207.5,145.0,220.1,1
2774,138700,492.58,3,0.3000,-62.49,-0.562425,0.000000,1,55.0,207.2,145.0,220.1,1
2775,138750,492.37,3,0.3000,-62.25,-0.560211,0.000000,1,55.0,207.0,145.0,220.1,1
2776,138800,492.24,3,0.3000,-62.00,-0.557981,0.000000,1,55.0,206.8,145.0,220.1,1
2777,138850,492.00,3,0.3000,-61.75,-0.555770,0.000000,1,55.0,206.5,145.0,220.1,1
2778,138900,491.60,3,0.3000,-61.51,-0.553587,0.000000,1,55.0,206.2,145.0,220.1,1
2779,138950,491.45,3,0.3000,-61.26,-0.551362,0.000000,1,55.0,206.0,145.0,220.1,1
2780,139000,491.11,3,0.3000,-61.02,-0.549166,0.000000,1,55.0,205.8,145.0,220.1,1
2781,139050,491.02,3,0.3000,-60.77,-0.546932,0.000000,1,55.0,205.5,145.0,220.1,1
2782,139100,490.80,3,0.3000,-60.52,-0.544718,0.000000,1,55.0,205.2,145.0,220.1,1
2783,139150,490.73,3,0.3000,-60.28,-0.542480,0.000000,1,55.0,205.0,145.0,220.1,1
2784,139200,490.42,3,0.3000,-60.03,-0.540281,0.000000,1,55.0,204.8,145.0,220.1,1
2785,139250,490.12,3,0.3000,-59.79,-0.538081,0.000000,1,55.0,204.5,145.0,220.1,1
2786,139300,489.85,3,0.3000,-59.54,-0.535874,0.000000,1,55.0,204.2,145.0,220.1,1
2787,139350,489.68,3,0.3000,-59.29,-0.533652,0.000000,1,55.0,204.0,145.0,220.1,1
2788,139400,489.39,3,0.3000,-59.05,-0.531450,0.000000,1,55.0,203.8,145.0,220.1,1
2789,139450,489.29,3,0.3000,-58.80,-0.529216,0.000000,1,54.9,203.5,144.9,220.1,1
2790,139500,489.08,3,0.3000,-58.56,-0.527001,0.000000,1,54.9,203.2,144.9,220.1,1
2791,139550,488.81,3,0.3000,-58.31,-0.524795,0.000000,1,54.9,203.0,144.9,220.1,1
2792,139600,488.60,3,0.3000,-58.06,-0.522580,0.000000,1,54.9,202.8,144.9,220.1,1
2793,139650,488.57,3,0.3000,-57.82,-0.520336,0.000000,1,54.9,202.5,144.9,220.1,1
2794,139700,488.43,3,0.3000,-57.57,-0.518109,0.000000,1,54.9,202.2,144.9,220.1,1
2795,139750,488.07,3,0.3000,-57.32,-0.515917,0.000000,1,54.9,202.0,144.9,220.1,1
2796,139800,487.88,3,0.3000,-57.08,-0.513699,0.000000,1,54.9,201.8,144.9,220.1,1
2797,139850,487.49,3,0.3000,-56.83,-0.511513,0.000000,1,54.9,201.5,144.9,220.1,1
2798,139900,487.39,3,0.3000,-56.59,-0.509279,0.000000,1,54.9,201.2,144.9,220.1,1
2799,139950,487.14,3,0.3000,-56.34,-0.507071,0.000000,1,54.9,201.0,144.9,220.1,1
2800,140000,486.98,3,0.3000,-56.09,-0.504847,0.000000,1,54.9,200.8,144.9,220.1,1
2801,140050,486.83,3,0.3000,-55.85,-0.502622,0.000000,1,54.9,200.5,144.9,220.1,1
2802,140100,486.73,3,0.3000,-55.60,-0.500388,0.000000,1,54.9,200.2,144.9,220.1,1
2803,140150,486.57,3,0.3000,-55.35,-0.498165,0.000000,1,54.9,200.0,144.9,220.1,1
2804,140200,486.43,3,0.3000,-55.10,-0.495938,0.000000,1,54.9,199.8,144.9,220.1,1
2805,140250,486.19,3,0.3000,-54.86,-0.493727,0.000000,1,54.9,199.5,144.9,220.1,1
2806,140300,486.07,3,0.3000,-54.61,-0.491497,0.000000,1,54.9,199.2,144.9,220.1,1
2807,140350,485.83,3,0.3000,-54.37,-0.489286,0.000000,1,54.9,199.0,144.9,220.1,1
2808,140400,485.78,3,0.3000,-54.12,-0.487044,0.000000,1,54.9,198.8,144.9,220.1,1
2809,140450,485.67,3,0.3000,-53.87,-0.484813,0.000000,1,54.9,198.5,144.9,220.1,1
2810,140500,485.48,3,0.3000,-53.62,-0.482594,0.000000,1,54.9,198.2,144.9,220.1,1
2811,140550,485.35,3,0.3000,-53.37,-0.480366,0.000000,1,54.9,198.0,144.9,220.1,1
2812,140600,485.27,3,0.3000,-53.13,-0.478128,0.000000,1,54.9,197.8,144.9,220.1,1
2813,140650,485.01,3,0.3000,-52.88,-0.475922,0.000000,1,54.9,197.5,144.9,220.1,1
2814,140700,484.82,3,0.3000,-52.63,-0.473702,0.000000,1,54.9,197.2,144.9,220.1,1
2815,140750,484.65,3,0.3000,-52.39,-0.471480,0.000000,1,54.9,197.0,144.9,220.1,1
2816,140800,484.42,3,0.3000,-52.14,-0.469269,0.000000,1,54.9,196.8,144.9,220.1,1
2817,140850,484.22,3,0.3000,-51.89,-0.467050,0.000000,1,54.9,196.5,144.9,220.1,1
2818,140900,484.05,3,0.3000,-51.65,-0.464829,0.000000,1,54.9,196.2,144.9,220.1,1
2819,140950,483.93,3,0.3000,-51.40,-0.462598,0.000000,1,54.9,196.0,144.9,220.1,1
2820,141000,483.79,3,0.3000,-51.15,-0.460372,0.000000,1,54.8,195.8,144.8,220.1,1
2821,141050,483.57,3,0.3000,-50.91,-0.458158,0.000000,1,54.8,195.5,144.8,220.1,1
2822,141100,483.40,3,0.3000,-50.66,-0.455936,0.000000,1,54.8,195.2,144.8,220.1,1
2823,141150,483.37,3,0.3000,-50.41,-0.453691,0.000000,1,54.8,195.0,144.8,220.1,1
2824,141200,483.07,3,0.3000,-50.17,-0.451491,0.000000,1,54.8,194.8,144.8,220.1,1
2825,141250,482.90,3,0.3000,-49.92,-0.449268,0.000000,1,54.8,194.5,144.8,220.1,1
2826,141300,482.78,3,0.3000,-49.67,-0.447038,0.000000,1,54.8,194.2,144.8,220.1,1
2827,141350,482.77,3,0.3000,-49.42,-0.444791,0.000000,1,54.8,194.0,144.8,220.1,1
2828,141400,482.54,3,0.3000,-49.18,-0.442577,0.000000,1,54.8,193.8,144.8,220.1,1
2829,141450,482.36,3,0.3000,-48.93,-0.440357,0.000000,1,54.8,193.5,144.8,220.1,1
2830,141500,482.23,3,0.3000,-48.68,-0.438129,0.000000,1,54.8,193.2,144.8,220.1,1
2831,141550,482.11,3,0.3000,-48.43,-0.435898,0.000000,1,54.8,193.0,144.8,220.1,1
2832,141600,481.89,3,0.3000,-48.19,-0.433685,0.000000,1,54.8,192.8,144.8,220.1,1
2833,141650,481.79,3,0.3000,-47.94,-0.431451,0.000000,1,54.8,192.5,144.8,220.1,1
2834,141700,481.74,3,0.3000,-47.69,-0.429210,0.000000,1,54.8,192.2,144.8,220.1,1
2835,141750,481.73,3,0.3000,-47.44,-0.426962,0.000000,1,54.8,192.0,144.8,220.1,1
2836,141800,481.54,3,0.3000,-47.19,-0.424742,0.000000,1,54.8,191.8,144.8,220.1,1
2837,141850,481.45,3,0.3000,-46.95,-0.422507,0.000000,1,54.8,191.5,144.8,220.1,1
2838,141900,481.21,3,0.3000,-46.70,-0.420296,0.000000,1,54.8,191.2,144.8,220.1,1
2839,141950,481.05,3,0.3000,-46.45,-0.418074,0.000000,1,54.8,191.0,144.8,220.1,1
2840,142000,480.97,3,0.3000,-46.20,-0.415837,0.000000,1,54.8,190.8,144.8,220.1,1
2841,142050,480.72,3,0.3000,-45.96,-0.413627,0.000000,1,54.8,190.5,144.8,220.1,1
2842,142100,480.52,3,0.3000,-45.71,-0.411410,0.000000,1,54.8,190.2,144.8,220.1,1
2843,142150,480.30,3,0.3000,-45.47,-0.409197,0.000000,1,54.8,190.0,144.8,220.1,1
2844,142200,480.04,3,0.3000,-45.22,-0.406990,0.000000,1,54.8,189.8,144.8,220.1,1
2845,142250,479.78,3,0.3000,-44.98,-0.404781,0.000000,1,54.8,189.5,144.8,220.1,1
2846,142300,479.47,3,0.3000,-44.73,-0.402583,0.000000,1,54.8,189.2,144.8,220.1,1
2847,142350,479.19,3,0.3000,-44.49,-0.400380,0.000000,1,54.8,189.0,144.8,220.1,1
2848,142400,478.52,3,0.3000,-44.25,-0.398240,0.000000,1,54.8,188.8,144.8,220.1,1
2849,142450,478.13,3,0.3000,-44.01,-0.396053,0.000000,1,54.7,188.5,144.7,220.1,1
2850,142500,477.68,3,0.3000,-43.76,-0.393877,0.000000,1,54.7,188.2,144.7,220.1,1
2851,142550,477.38,3,0.3000,-43.52,-0.391677,0.000000,1,54.7,188.0,144.7,220.1,1
2852,142600,477.11,3,0.3000,-43.27,-0.389472,0.000000,1,54.7,187.8,144.7,220.1,1
2853,142650,476.73,3,0.3000,-43.03,-0.387284,0.000000,1,54.7,187.5,144.7,220.1,1
2854,142700,476.52,3,0.3000,-42.79,-0.385069,0.000000,1,54.7,187.2,144.7,220.1,1
2855,142750,476.35,3,0.3000,-42.54,-0.382846,0.000000,1,54.7,187.0,144.7,220.1,1
2856,142800,476.06,3,0.3000,-42.29,-0.380644,0.000000,1,54.7,186.8,144.7,220.1,1
2857,142850,475.81,3,0.3000,-42.05,-0.378436,0.000000,1,54.7,186.5,144.7,220.1,1
2858,142900,475.49,3,0.3000,-41.80,-0.376239,0.000000,1,54.7,186.2,144.7,220.1,1
2859,142950,475.33,3,0.3000,-41.56,-0.374015,0.000000,1,54.7,186.0,144.7,220.1,1
2860,143000,475.03,3,0.3000,-41.31,-0.371814,0.000000,1,54.7,185.8,144.7,220.1,1
2861,143050,474.88,3,0.3000,-41.07,-0.369588,0.000000,1,54.7,185.5,144.7,220.1,1
2862,143100,474.70,3,0.3000,-40.82,-0.367369,0.000000,1,54.7,185.2,144.7,220.1,1
2863,143150,474.31,3,0.3000,-40.58,-0.365182,0.000000,1,54.7,185.0,144.7,220.1,1
2864,143200,474.13,3,0.3000,-40.33,-0.362962,0.000000,1,54.7,184.8,144.7,220.1,1
2865,143250,473.58,3,0.3000,-40.09,-0.360803,0.000000,1,54.7,184.5,144.7,220.1,1
2866,143300,473.58,3,0.3000,-39.84,-0.358553,0.000000,1,54.7,184.2,144.7,220.1,1
2867,143350,473.29,3,0.3000,-39.59,-0.356349,0.000000,1,54.7,184.0,144.7,220.1,1
2868,143400,472.96,3,0.3000,-39.35,-0.354154,0.000000,1,54.6,183.8,144.6,220.1,1
2869,143450,472.80,3,0.3000,-39.10,-0.351930,0.000000,1,54.6,183.5,144.6,220.1,1
2870,143500,472.67,3,0.3000,-38.86,-0.349702,0.000000,1,54.6,183.2,144.6,220.1,1
2871,143550,472.37,3,0.3000,-38.61,-0.347502,0.000000,1,54.6,183.0,144.6,220.1,1
2872,143600,472.12,3,0.3000,-38.37,-0.345293,0.000000,1,54.6,182.8,144.6,220.1,1
2873,143650,471.96,3,0.3000,-38.12,-0.343068,0.000000,1,54.6,182.5,144.6,220.1,1
2874,143700,471.87,3,0.3000,-37.87,-0.340835,0.000000,1,54.6,182.2,144.6,220.1,1
2875,143750,471.63,3,0.3000,-37.62,-0.338624,0.000000,1,54.6,182.0,144.6,220.1,1
2876,143800,471.37,3,0.3000,-37.38,-0.336416,0.000000,1,54.6,181.8,144.6,220.1,1
2877,143850,471.09,3,0.3000,-37.13,-0.334212,0.000000,1,54.6,181.5,144.6,220.1,1
2878,143900,470.98,3,0.3000,-36.89,-0.331980,0.000000,1,54.6,181.2,144.6,220.1,1
2879,143950,470.67,3,0.3000,-36.64,-0.329781,0.000000,1,54.6,181.0,144.6,220.1,1
2880,144000,470.55,3,0.3000,-36.39,-0.327551,0.000000,1,54.6,180.8,144.6,220.1,1
2881,144050,470.28,3,0.3000,-36.15,-0.325346,0.000000,1,54.6,180.5,144.6,220.1,1
2882,144100,470.14,3,0.3000,-35.90,-0.323119,0.000000,1,54.6,180.2,144.6,220.1,1
2883,144150,469.85,3,0.3000,-35.66,-0.320916,0.000000,1,54.6,180.0,144.6,220.1,1
2884,144200,469.56,3,0.3000,-35.41,-0.318714,0.000000,1,54.6,179.8,144.6,220.1,1
2885,144250,469.51,3,0.3000,-35.16,-0.316472,0.000000,1,54.6,179.5,144.6,220.1,1
2886,144300,469.42,3,0.3000,-34.92,-0.314237,0.000000,1,54.6,179.2,144.6,220.1,1
2887,144350,469.28,3,0.3000,-34.67,-0.312011,0.000000,1,54.6,179.0,144.6,220.1,1
2888,144400,468.99,3,0.3000,-34.42,-0.309808,0.000000,1,54.6,178.8,144.6,220.1,1
2889,144450,468.76,3,0.3000,-34.18,-0.307597,0.000000,1,54.6,178.5,144.6,220.1,1
2890,144500,468.57,3,0.3000,-33.93,-0.305377,0.000000,1,54.6,178.2,144.6,220.1,1
2891,144550,468.32,3,0.3000,-33.69,-0.303168,0.000000,1,54.6,178.0,144.6,220.1,1
2892,144600,468.31,3,0.3000,-33.44,-0.300920,0.000000,1,54.6,177.8,144.6,220.1,1
2893,144650,468.06,3,0.3000,-33.19,-0.298711,0.000000,1,54.6,177.5,144.6,220.1,1
2894,144700,467.96,3,0.3000,-32.94,-0.296478,0.000000,1,54.6,177.2,144.6,220.1,1
2895,144750,467.82,3,0.3000,-32.69,-0.294250,0.000000,1,54.6,177.0,144.6,220.1,1
2896,144800,467.76,3,0.3000,-32.45,-0.292010,0.000000,1,54.6,176.8,144.6,220.1,1
2897,144850,467.51,3,0.3000,-32.20,-0.289801,0.000000,1,54.5,176.5,144.5,220.1,1
2898,144900,467.37,3,0.3000,-31.95,-0.287575,0.000000,1,54.5,176.2,144.5,220.1,1
2899,144950,467.21,3,0.3000,-31.71,-0.285350,0.000000,1,54.5,176.0,144.5,220.1,1
2900,145000,467.20,3,0.3000,-31.46,-0.283102,0.000000,1,54.5,175.8,144.5,220.1,1
2901,145050,467.15,3,0.3000,-31.21,-0.280860,0.000000,1,54.5,175.5,144.5,220.1,1
2902,145100,466.94,3,0.3000,-30.96,-0.278646,0.000000,1,54.5,175.2,144.5,220.1,1
2903,145150,466.68,3,0.3000,-30.72,-0.276438,0.000000,1,54.5,175.0,144.5,220.1,1
2904,145200,466.46,3,0.3000,-30.47,-0.274224,0.000000,1,54.5,174.8,144.5,220.1,1
2905,145250,466.30,3,0.3000,-30.22,-0.272000,0.000000,1,54.5,174.5,144.5,220.1,1
2906,145300,466.03,3,0.3000,-29.98,-0.269796,0.000000,1,54.5,174.2,144.5,220.1,1
2907,145350,465.86,3,0.3000,-29.73,-0.267573,0.000000,1,54.5,174.0,144.5,220.1,1
2908,145400,465.61,3,0.3000,-29.48,-0.265365,0.000000,1,54.5,173.8,144.5,220.1,1
2909,145450,465.55,3,0.3000,-29.24,-0.263124,0.000000,1,54.5,173.5,144.5,220.1,1
2910,145500,465.25,3,0.3000,-28.99,-0.260924,0.000000,1,54.5,173.2,144.5,220.1,1
2911,145550,465.22,3,0.3000,-28.74,-0.258678,0.000000,1,54.5,173.0,144.5,220.1,1
2912,145600,465.06,3,0.3000,-28.49,-0.256455,0.000000,1,54.5,172.8,144.5,220.1,1
2913,145650,464.96,3,0.3000,-28.25,-0.254222,0.000000,1,54.5,172.5,144.5,220.1,1
2914,145700,464.70,3,0.3000,-28.00,-0.252015,0.000000,1,54.5,172.2,144.5,220.1,1
2915,145750,464.65,3,0.3000,-27.75,-0.249772,0.000000,1,54.5,172.0,144.5,220.1,1
2916,145800,464.53,3,0.3000,-27.50,-0.247543,0.000000,1,54.5,171.8,144.5,220.1,1
2917,145850,464.38,3,0.3000,-27.26,-0.245316,0.000000,1,54.5,171.5,144.5,220.1,1
2918,145900,464.16,3,0.3000,-27.01,-0.243103,0.000000,1,54.5,171.2,144.5,220.1,1
2919,145950,463.93,3,0.3000,-26.77,-0.240890,0.000000,1,54.5,171.0,144.5,220.1,1
2920,146000,463.63,3,0.3000,-26.52,-0.238690,0.000000,1,54.5,170.8,144.5,220.1,1
2921,146050,463.61,3,0.3000,-26.27,-0.236443,0.000000,1,54.5,170.5,144.5,220.1,1
2922,146100,463.57,3,0.3000,-26.02,-0.234199,0.000000,1,54.5,170.2,144.5,220.1,1
2923,146150,463.55,3,0.3000,-25.77,-0.231953,0.000000,1,54.5,170.0,144.5,220.1,1
2924,146200,463.14,3,0.3000,-25.53,-0.229771,0.000000,1,54.5,169.8,144.5,220.1,1
2925,146250,462.78,3,0.3000,-25.29,-0.227581,0.000000,1,54.5,169.5,144.5,220.1,1
2926,146300,462.45,3,0.3000,-25.04,-0.225384,0.000000,1,54.5,169.2,144.5,220.1,1
2927,146350,462.24,3,0.3000,-24.80,-0.223170,0.000000,1,54.5,169.0,144.5,220.1,1
2928,146400,461.87,3,0.3000,-24.55,-0.220980,0.000000,1,54.4,168.8,144.4,220.1,1
2929,146450,461.52,3,0.3000,-24.31,-0.218787,0.000000,1,54.4,168.5,144.4,220.1,1
2930,146500,461.38,3,0.3000,-24.06,-0.216561,0.000000,1,54.4,168.2,144.4,220.1,1
2931,146550,461.26,3,0.3000,-23.81,-0.214331,0.000000,1,54.4,168.0,144.4,220.1,1
2932,146600,460.99,3,0.3000,-23.57,-0.212125,0.000000,1,54.4,167.8,144.4,220.1,1
2933,146650,460.80,3,0.3000,-23.32,-0.209907,0.000000,1,54.4,167.5,144.4,220.1,1
2934,146700,460.51,3,0.3000,-23.08,-0.207704,0.000000,1,54.4,167.2,144.4,220.1,1
2935,146750,460.26,3,0.3000,-22.83,-0.205495,0.000000,1,54.4,167.0,144.4,220.1,1
2936,146800,460.02,3,0.3000,-22.59,-0.203284,0.000000,1,54.4,166.8,144.4,220.1,1
2937,146850,459.72,3,0.3000,-22.34,-0.201084,0.000000,1,54.4,166.5,144.4,220.1,1
2938,146900,459.54,3,0.3011,-22.10,-0.198864,0.000000,1,54.4,166.2,144.4,220.1,1
2939,146950,459.27,3,0.3033,-21.85,-0.196658,0.000000,1,54.4,166.0,144.4,220.1,1
2940,147000,459.07,3,0.3056,-21.60,-0.194440,0.000000,1,54.4,165.8,144.4,220.1,1
2941,147050,459.06,3,0.3078,-21.35,-0.192193,0.000000,1,54.4,165.5,144.4,220.1,1
2942,147100,458.90,3,0.3100,-21.11,-0.189969,0.000000,1,54.4,165.2,144.4,220.1,1
2943,147150,458.74,3,0.3123,-20.86,-0.187745,0.000000,1,54.4,165.0,144.4,220.1,1
2944,147200,458.56,3,0.3145,-20.61,-0.185524,0.000000,1,54.4,164.8,144.4,220.1,1
2945,147250,458.23,3,0.3167,-20.37,-0.183329,0.000000,1,54.4,164.5,144.4,220.1,1
2946,147300,458.05,3,0.3189,-20.12,-0.181109,0.000000,1,54.4,164.2,144.4,220.1,1
2947,147350,457.83,3,0.3012,-19.88,-0.178895,-0.019877,1,54.4,164.0,144.4,220.1,1
2948,147400,457.77,3,0.3035,-19.63,-0.176654,-0.019877,1,54.4,163.8,144.4,220.1,1
2949,147450,457.40,3,0.3057,-19.39,-0.174466,-0.019877,1,54.4,163.5,144.4,220.1,1
2950,147500,457.24,3,0.3079,-19.14,-0.172242,-0.019877,1,54.4,163.2,144.4,220.1,1
2951,147550,456.97,3,0.3101,-18.89,-0.170036,-0.019877,1,54.4,163.0,144.4,220.1,1
2952,147600,456.80,3,0.3123,-18.65,-0.167814,-0.019877,1,54.4,162.8,144.4,220.1,1
2953,147650,456.48,3,0.3145,-18.40,-0.165617,-0.019877,1,54.3,162.5,144.3,220.1,1
2954,147700,456.18,3,0.3167,-18.16,-0.163416,-0.019877,1,54.3,162.2,144.3,220.1,1
2955,147750,455.94,3,0.3010,-17.91,-0.161205,-0.037789,1,54.3,162.0,144.3,220.1,1
2956,147800,455.83,3,0.3032,-17.66,-0.158974,-0.037789,1,54.3,161.8,144.3,220.1,1
2957,147850,455.50,3,0.3054,-17.42,-0.156778,-0.037789,1,54.3,161.5,144.3,220.1,1
2958,147900,455.35,3,0.3077,-17.17,-0.154553,-0.037789,1,54.3,161.2,144.3,220.1,1
2959,147950,455.19,3,0.3099,-16.93,-0.152329,-0.037789,1,54.3,161.0,144.3,220.1,1
2960,148000,455.10,3,0.3121,-16.68,-0.150095,-0.037789,1,54.3,160.8,144.3,220.1,1
2961,148050,454.88,3,0.3143,-16.43,-0.147880,-0.037789,1,54.3,160.5,144.3,220.1,1
2962,148100,454.73,3,0.3004,-16.18,-0.145655,-0.053973,1,54.3,160.2,144.3,220.1,1
2963,148150,454.52,3,0.3026,-15.94,-0.143439,-0.053973,1,54.3,160.0,144.3,220.1,1
2964,148200,454.37,3,0.3048,-15.69,-0.141215,-0.053973,1,54.3,159.8,144.3,220.1,1
2965,148250,454.21,3,0.3070,-15.44,-0.138990,-0.053973,1,54.3,159.5,144.3,220.1,1
2966,148300,454.01,3,0.3093,-15.20,-0.136774,-0.053973,1,54.3,159.2,144.3,220.1,1
2967,148350,453.76,3,0.3115,-14.95,-0.134565,-0.053973,1,54.3,159.0,144.3,220.1,1
2968,148400,453.61,3,0.3137,-14.70,-0.132339,-0.053973,1,54.3,158.8,144.3,220.1,1
2969,148450,453.42,3,0.3014,-14.46,-0.130121,-0.068431,1,54.3,158.5,144.3,220.1,1
2970,148500,453.43,3,0.3037,-14.21,-0.127869,-0.068431,1,54.3,158.2,144.3,220.1,1
2971,148550,453.38,3,0.3059,-13.96,-0.125627,-0.068431,1,54.3,158.0,144.3,220.1,1
2972,148600,453.12,3,0.3081,-13.71,-0.123420,-0.068431,1,54.3,157.8,144.3,220.1,1
2973,148650,452.94,3,0.3104,-13.47,-0.121200,-0.068431,1,54.3,157.5,144.3,220.1,1
2974,148700,452.71,3,0.3126,-13.22,-0.118988,-0.068431,1,54.3,157.2,144.3,220.1,1
2975,148750,452.51,3,0.3018,-12.97,-0.116770,-0.081405,1,54.3,157.0,144.3,220.1,1
2976,148800,452.50,3,0.3041,-12.72,-0.114521,-0.081405,1,54.3,156.8,144.3,220.1,1
2977,148850,452.36,3,0.3063,-12.48,-0.112296,-0.081405,1,54.3,156.5,144.3,220.1,1
2978,148900,452.03,3,0.3085,-12.23,-0.110099,-0.081405,1,54.3,156.2,144.3,220.1,1
2979,148950,451.91,3,0.3107,-11.99,-0.107869,-0.081405,1,54.3,156.0,144.3,220.1,1
2980,149000,451.56,3,0.3012,-11.74,-0.105677,-0.093147,1,54.3,155.8,144.3,220.1,1
2981,149050,451.26,3,0.3034,-11.50,-0.103476,-0.093147,1,54.3,155.5,144.3,220.1,1
2982,149100,451.07,3,0.3056,-11.25,-0.101257,-0.093147,1,54.2,155.2,144.2,220.1,1
2983,149150,450.93,3,0.3078,-11.00,-0.099030,-0.093147,1,54.2,155.0,144.2,220.1,1
2984,149200,450.76,3,0.3100,-10.76,-0.096808,-0.093147,1,54.2,154.8,144.2,220.1,1
2985,149250,450.68,3,0.3018,-10.51,-0.094572,-0.103655,1,54.2,154.5,144.2,220.1,1
2986,149300,450.39,3,0.3040,-10.26,-0.092369,-0.103655,1,54.2,154.2,144.2,220.1,1
2987,149350,450.23,3,0.3062,-10.02,-0.090146,-0.103655,1,54.2,154.0,144.2,220.1,1
2988,149400,449.86,3,0.3084,-9.77,-0.087957,-0.103655,1,54.2,153.8,144.2,220.1,1
2989,149450,449.80,3,0.3011,-9.52,-0.085716,-0.113179,1,54.2,153.5,144.2,220.1,1
2990,149500,449.56,3,0.3033,-9.28,-0.083506,-0.113179,1,54.2,153.2,144.2,220.1,1
2991,149550,449.35,3,0.3055,-9.03,-0.081291,-0.113179,1,54.2,153.0,144.2,220.1,1
2992,149600,448.92,3,0.3077,-8.79,-0.079111,-0.113179,1,54.2,152.8,144.2,220.1,1
2993,149650,448.76,3,0.3014,-8.54,-0.076888,-0.121722,1,54.2,152.5,144.2,220.1,1
2994,149700,448.42,3,0.3036,-8.30,-0.074694,-0.121722,1,54.2,152.2,144.2,220.1,1
2995,149750,448.15,3,0.3058,-8.05,-0.072487,-0.121722,1,54.2,152.0,144.2,220.1,1
2996,149800,447.96,3,0.3002,-7.81,-0.070269,-0.129530,1,54.2,151.8,144.2,220.1,1
2997,149850,447.76,3,0.3024,-7.56,-0.068053,-0.129530,1,54.2,151.5,144.2,220.1,1
2998,149900,447.57,3,0.3046,-7.31,-0.065834,-0.129530,1,54.2,151.2,144.2,220.1,1
2999,149950,447.41,3,0.3069,-7.07,-0.063609,-0.129530,1,54.2,151.0,144.2,220.1,1
3000,150000,447.09,3,0.3022,-6.82,-0.061412,-0.136353,1,54.2,150.8,144.2,220.1,1
3001,150050,446.89,3,0.3045,-6.58,-0.059195,-0.136353,1,54.2,150.5,144.2,220.1,1
3002,150100,446.70,3,0.3003,-6.33,-0.056977,-0.142684,1,54.2,150.2,144.2,220.1,1
3003,150150,446.54,3,0.3026,-6.08,-0.054754,-0.142684,1,54.2,150.0,144.2,220.1,1
3004,150200,446.20,3,0.3048,-5.84,-0.052558,-0.142684,1,54.2,149.8,144.2,220.1,1
3005,150250,445.94,3,0.3014,-5.59,-0.050352,-0.148279,1,54.2,149.5,144.2,220.1,1
3006,150300,445.60,3,0.3036,-5.35,-0.048158,-0.148279,1,54.1,149.2,144.1,220.1,1
3007,150350,445.36,3,0.3007,-5.11,-0.045948,-0.153384,1,54.1,149.0,144.1,220.1,1
3008,150400,445.05,3,0.3029,-4.86,-0.043749,-0.153384,1,54.1,148.8,144.1,220.1,1
3009,150450,445.05,3,0.3005,-4.61,-0.041498,-0.157995,1,54.1,148.5,144.1,220.1,1
3010,150500,444.99,3,0.3027,-4.36,-0.039259,-0.157995,1,54.1,148.2,144.1,220.1,1
3011,150550,444.78,3,0.3008,-4.12,-0.037042,-0.162111,1,54.1,148.0,144.1,220.1,1
3012,150600,444.59,3,0.3031,-3.87,-0.034824,-0.162111,1,54.1,147.8,144.1,220.1,1
3013,150650,444.25,3,0.3016,-3.63,-0.032630,-0.165736,1,54.1,147.5,144.1,220.1,1
3014,150700,443.98,3,0.3005,-3.38,-0.030425,-0.169117,1,54.1,147.2,144.1,220.1,1
3015,150750,443.75,3,0.3027,-3.13,-0.028213,-0.169117,1,54.1,147.0,144.1,220.1,1
3016,150800,443.66,3,0.3020,-2.89,-0.025977,-0.172003,1,54.1,146.8,144.1,220.1,1
3017,150850,443.44,3,0.3016,-2.64,-0.023764,-0.174644,1,54.1,146.5,144.1,220.1,1
3018,150900,443.40,3,0.3014,-2.39,-0.021520,-0.177035,1,54.1,146.2,144.1,220.1,1
3019,150950,443.04,3,0.3015,-2.15,-0.019329,-0.179183,1,54.1,146.0,144.1,220.1,1
3020,151000,443.00,3,0.3018,-1.90,-0.017086,-0.181081,1,54.1,145.8,144.1,220.1,1
3021,151050,442.80,3,0.3024,-1.65,-0.014869,-0.182733,1,54.1,145.5,144.1,220.1,1
3022,151100,442.69,3,0.3032,-1.40,-0.012636,-0.184137,1,54.1,145.2,144.1,220.1,1
3023,151150,442.40,3,0.3043,-1.16,-0.010434,-0.185296,1,54.1,145.0,144.1,220.1,1
3024,151200,442.25,3,0.3056,-0.91,-0.008210,-0.186209,1,54.1,144.8,144.1,220.1,1
3025,151250,441.89,3,0.3071,-0.67,-0.006018,-0.186877,1,54.1,144.5,144.1,220.1,1
3026,151300,441.72,3,0.3089,-0.42,-0.003797,-0.187299,1,54.1,144.2,144.1,220.1,1
3027,151350,441.44,3,0.3109,-0.18,-0.001593,-0.187476,1,54.1,144.1,144.1,220.1,1
3028,151400,441.21,3,0.3125,-0.00,-0.000038,-0.187480,1,54.1,144.1,144.1,220.1,1
3029,151450,441.11,3,0.3125,-0.00,-0.000017,-0.187482,1,54.1,144.1,144.1,220.1,1
3030,151500,441.01,3,0.3125,-0.00,-0.000016,-0.187484,1,54.1,144.1,144.1,220.1,1
3031,151550,440.78,3,0.3125,-0.00,-0.000037,-0.187488,1,54.1,144.1,144.1,220.1,1
3032,151600,440.67,3,0.3125,-0.00,-0.000019,-0.187490,1,54.1,144.1,144.1,220.1,1
3033,151650,440.26,3,0.3124,-0.01,-0.000067,-0.187498,1,54.1,144.1,144.1,220.1,1
3034,151700,440.20,3,0.3125,-0.00,-0.000011,-0.187499,1,54.1,144.1,144.1,220.1,1
3035,151750,439.74,3,0.3124,-0.01,-0.000075,-0.187507,1,54.0,144.0,144.0,220.1,1
3036,151800,439.54,3,0.3125,-0.00,-0.000033,-0.187511,1,54.0,144.0,144.0,220.1,1
3037,151850,439.38,3,0.3125,-0.00,-0.000027,-0.187514,1,54.0,144.0,144.0,220.1,1
3038,151900,439.03,3,0.3124,-0.01,-0.000057,-0.187520,1,54.0,144.0,144.0,220.1,1
3039,151950,438.63,3,0.3124,-0.01,-0.000066,-0.187528,1,54.0,144.0,144.0,220.1,1
3040,152000,438.40,3,0.3124,-0.00,-0.000037,-0.187532,1,54.0,144.0,144.0,220.1,1
3041,152050,438.33,3,0.3125,-0.00,-0.000013,-0.187533,1,54.0,144.0,144.0,220.1,1
3042,152100,438.13,3,0.3124,-0.00,-0.000033,-0.187537,1,54.0,144.0,144.0,220.1,1
3043,152150,437.77,3,0.3124,-0.01,-0.000058,-0.187543,1,54.0,144.0,144.0,220.1,1
3044,152200,437.53,3,0.3124,-0.00,-0.000040,-0.187548,1,54.0,144.0,144.0,220.1,1
3045,152250,437.32,3,0.3124,-0.00,-0.000035,-0.187552,1,54.0,144.0,144.0,220.1,1
3046,152300,436.96,3,0.3124,-0.01,-0.000059,-0.187558,1,54.0,144.0,144.0,220.1,1
3047,152350,436.50,3,0.3124,-0.01,-0.000076,-0.187567,1,54.0,144.0,144.0,220.1,1
3048,152400,436.15,3,0.3124,-0.01,-0.000058,-0.187573,1,54.0,144.0,144.0,220.1,1
3049,152450,435.83,3,0.3124,-0.01,-0.000053,-0.187579,1,54.0,144.0,144.0,220.1,1
3050,152500,435.48,3,0.3124,-0.01,-0.000058,-0.187585,1,54.0,144.0,144.0,220.1,1
3051,152550,435.24,3,0.3124,-0.00,-0.000038,-0.187589,1,54.0,144.0,144.0,220.1,1
3052,152600,434.87,3,0.3123,-0.01,-0.000061,-0.187596,1,54.0,144.0,144.0,220.1,1
3053,152650,434.50,3,0.3123,-0.01,-0.000062,-0.187603,1,53.9,143.9,143.9,220.1,1
3054,152700,434.17,3,0.3123,-0.01,-0.000053,-0.187609,1,53.9,143.9,143.9,220.1,1
3055,152750,434.02,3,0.3124,-0.00,-0.000025,-0.187612,1,53.9,143.9,143.9,220.1,1
3056,152800,433.47,3,0.3123,-0.01,-0.000091,-0.187622,1,53.9,143.9,143.9,220.1,1
3057,152850,433.11,3,0.3123,-0.01,-0.000059,-0.187629,1,53.9,143.9,143.9,220.1,1
3058,152900,432.74,3,0.3123,-0.01,-0.000061,-0.187635,1,53.9,143.9,143.9,220.1,1
3059,152950,432.54,3,0.3123,-0.00,-0.000033,-0.187639,1,53.9,143.9,143.9,220.1,1
3060,153000,432.13,3,0.3123,-0.01,-0.000068,-0.187646,1,53.9,143.9,143.9,220.1,1
3061,153050,431.78,3,0.3123,-0.01,-0.000057,-0.187653,1,53.9,143.9,143.9,220.1,1
3062,153100,431.45,3,0.3123,-0.01,-0.000054,-0.187659,1,53.9,143.9,143.9,220.1,1
3063,153150,431.05,3,0.3123,-0.01,-0.000066,-0.187666,1,53.9,143.9,143.9,220.1,1
3064,153200,430.56,3,0.3122,-0.01,-0.000080,-0.187675,1,53.9,143.9,143.9,220.1,1
3065,153250,430.23,3,0.3123,-0.01,-0.000056,-0.187681,1,53.9,143.9,143.9,220.1,1
3066,153300,429.83,3,0.3122,-0.01,-0.000064,-0.187688,1,53.9,143.9,143.9,220.1,1
3067,153350,429.62,3,0.3123,-0.00,-0.000035,-0.187692,1,53.9,143.9,143.9,220.1,1
3068,153400,429.25,3,0.3122,-0.01,-0.000060,-0.187699,1,53.9,143.9,143.9,220.1,1
3069,153450,429.17,3,0.3123,-0.00,-0.000013,-0.187700,1,53.8,143.8,143.8,220.1,1
3070,153500,428.78,3,0.3122,-0.01,-0.000065,-0.187708,1,53.8,143.8,143.8,220.1,1
3071,153550,428.49,3,0.3122,-0.01,-0.000048,-0.187713,1,53.8,143.8,143.8,220.1,1
3072,153600,428.12,3,0.3122,-0.01,-0.000061,-0.187720,1,53.8,143.8,143.8,220.1,1
3073,153650,428.00,3,0.3123,-0.00,-0.000018,-0.187722,1,53.8,143.8,143.8,220.1,1
3074,153700,427.53,3,0.3122,-0.01,-0.000079,-0.187731,1,53.8,143.8,143.8,220.1,1
3075,153750,427.30,3,0.3122,-0.00,-0.000038,-0.187735,1,53.8,143.8,143.8,220.1,1
3076,153800,426.84,3,0.3122,-0.01,-0.000075,-0.187743,1,53.8,143.8,143.8,220.1,1
3077,153850,426.64,3,0.3122,-0.00,-0.000033,-0.187747,1,53.8,143.8,143.8,220.1,1
3078,153900,426.25,3,0.3122,-0.01,-0.000064,-0.187754,1,53.8,143.8,143.8,220.1,1
3079,153950,426.06,3,0.3122,-0.00,-0.000031,-0.187757,1,53.8,143.8,143.8,220.1,1
3080,154000,425.68,3,0.3122,-0.01,-0.000063,-0.187764,1,53.8,143.8,143.8,220.1,1
3081,154050,425.42,3,0.3122,-0.00,-0.000042,-0.187769,1,53.8,143.8,143.8,220.1,1
3082,154100,425.03,3,0.3122,-0.01,-0.000064,-0.187776,1,53.8,143.8,143.8,220.1,1
3083,154150,424.75,3,0.3122,-0.01,-0.000046,-0.187781,1,53.8,143.8,143.8,220.1,1
3084,154200,424.43,3,0.3122,-0.01,-0.000052,-0.187787,1,53.8,143.8,143.8,220.1,1
3085,154250,424.23,3,0.3122,-0.00,-0.000034,-0.187791,1,53.8,143.8,143.8,220.1,1
3086,154300,423.94,3,0.3122,-0.01,-0.000048,-0.187796,1,53.8,143.8,143.8,220.1,1
3087,154350,423.71,3,0.3122,-0.00,-0.000038,-0.187800,1,53.7,143.7,143.7,220.1,1
3088,154400,423.32,3,0.3121,-0.01,-0.000064,-0.187807,1,53.7,143.7,143.7,220.1,1
3089,154450,422.96,3,0.3121,-0.01,-0.000060,-0.187814,1,53.7,143.7,143.7,220.1,1
3090,154500,422.66,3,0.3121,-0.01,-0.000049,-0.187819,1,53.7,143.7,143.7,220.1,1
3091,154550,422.29,3,0.3121,-0.01,-0.000061,-0.187826,1,53.7,143.7,143.7,220.1,1
3092,154600,421.99,3,0.3121,-0.01,-0.000049,-0.187832,1,53.7,143.7,143.7,220.1,1
3093,154650,421.55,3,0.3121,-0.01,-0.000073,-0.187840,1,53.7,143.7,143.7,220.1,1
3094,154700,421.30,3,0.3121,-0.00,-0.000040,-0.187844,1,53.7,143.7,143.7,220.1,1
3095,154750,421.03,3,0.3121,-0.00,-0.000044,-0.187849,1,53.7,143.7,143.7,220.1,1
3096,154800,420.69,3,0.3121,-0.01,-0.000056,-0.187856,1,53.7,143.7,143.7,220.1,1
3097,154850,420.44,3,0.3121,-0.00,-0.000041,-0.187860,1,53.7,143.7,143.7,220.1,1
3098,154900,420.21,3,0.3121,-0.00,-0.000038,-0.187864,1,53.7,143.7,143.7,220.1,1
3099,154950,420.05,3,0.3121,-0.00,-0.000028,-0.187867,1,53.7,143.7,143.7,220.1,1
3100,155000,419.85,3,0.3121,-0.00,-0.000033,-0.187871,1,53.7,143.7,143.7,220.1,1
3101,155050,419.40,3,0.3120,-0.01,-0.000074,-0.187879,1,53.7,143.7,143.7,220.1,1
3102,155100,419.02,3,0.3121,-0.01,-0.000062,-0.187886,1,53.7,143.7,143.7,220.1,1
3103,155150,418.27,3,0.3120,-0.01,-0.000124,-0.187900,1,53.6,143.6,143.6,220.1,1
3104,155200,417.76,3,0.3120,-0.01,-0.000083,-0.187909,1,53.6,143.6,143.6,220.1,1
3105,155250,417.39,3,0.3120,-0.01,-0.000062,-0.187916,1,53.6,143.6,143.6,220.1,1
3106,155300,417.15,3,0.3120,-0.00,-0.000040,-0.187920,1,53.6,143.6,143.6,220.1,1
3107,155350,416.70,3,0.3120,-0.01,-0.000073,-0.187929,1,53.6,143.6,143.6,220.1,1
3108,155400,416.47,3,0.3120,-0.00,-0.000038,-0.187933,1,53.6,143.6,143.6,220.1,1
3109,155450,416.19,3,0.3120,-0.01,-0.000047,-0.187938,1,53.6,143.6,143.6,220.1,1
3110,155500,416.07,3,0.3120,-0.00,-0.000020,-0.187940,1,53.6,143.6,143.6,220.1,1
3111,155550,415.70,3,0.3120,-0.01,-0.000060,-0.187947,1,53.6,143.6,143.6,220.1,1
3112,155600,415.41,3,0.3120,-0.01,-0.000048,-0.187952,1,53.6,143.6,143.6,220.1,1
3113,155650,415.08,3,0.3120,-0.01,-0.000055,-0.187958,1,53.6,143.6,143.6,220.1,1
3114,155700,414.84,3,0.3120,-0.00,-0.000039,-0.187963,1,53.6,143.6,143.6,220.1,1
3115,155750,414.49,3,0.3120,-0.01,-0.000059,-0.187969,1,53.6,143.6,143.6,220.1,1
3116,155800,414.21,3,0.3120,-0.01,-0.000045,-0.187974,1,53.6,143.6,143.6,220.1,1
3117,155850,413.67,3,0.3119,-0.01,-0.000089,-0.187984,1,53.6,143.6,143.6,220.1,1
3118,155900,413.38,3,0.3120,-0.01,-0.000048,-0.187989,1,53.6,143.6,143.6,220.1,1
3119,155950,413.00,3,0.3119,-0.01,-0.000064,-0.187996,1,53.6,143.6,143.6,220.1,1
3120,156000,412.34,3,0.3119,-0.01,-0.000107,-0.188008,1,53.5,143.5,143.5,220.1,1
3121,156050,411.97,3,0.3119,-0.01,-0.000061,-0.188015,1,53.5,143.5,143.5,220.1,1
3122,156100,411.87,3,0.3120,-0.00,-0.000016,-0.188017,1,53.5,143.5,143.5,220.1,1
3123,156150,411.83,3,0.3120,-0.00,-0.000008,-0.188018,1,53.5,143.5,143.5,220.1,1
3124,156200,411.44,3,0.3119,-0.01,-0.000064,-0.188025,1,53.5,143.5,143.5,220.1,1
3125,156250,411.25,3,0.3119,-0.00,-0.000032,-0.188028,1,53.5,143.5,143.5,220.1,1
3126,156300,411.06,3,0.3119,-0.00,-0.000030,-0.188032,1,53.5,143.5,143.5,220.1,1
3127,156350,410.89,3,0.3119,-0.00,-0.000029,-0.188035,1,53.5,143.5,143.5,220.1,1
3128,156400,410.70,3,0.3119,-0.00,-0.000032,-0.188038,1,53.5,143.5,143.5,220.1,1
3129,156450,410.34,3,0.3119,-0.01,-0.000059,-0.188045,1,53.5,143.5,143.5,220.1,1
3130,156500,410.20,3,0.3119,-0.00,-0.000023,-0.188048,1,53.5,143.5,143.5,220.1,1
3131,156550,410.07,3,0.3119,-0.00,-0.000021,-0.188050,1,53.5,143.5,143.5,220.1,1
3132,156600,409.70,3,0.3119,-0.01,-0.000061,-0.188057,1,53.5,143.5,143.5,220.1,1
3133,156650,409.68,3,0.3119,-0.00,-0.000004,-0.188057,1,53.5,143.5,143.5,220.1,1
3134,156700,409.36,3,0.3119,-0.01,-0.000052,-0.188063,1,53.5,143.5,143.5,220.1,1
3135,156750,409.04,3,0.3119,-0.01,-0.000052,-0.188069,1,53.5,143.5,143.5,220.1,1
3136,156800,408.91,3,0.3119,-0.00,-0.000022,-0.188071,1,53.5,143.5,143.5,220.1,1
3137,156850,408.70,3,0.3119,-0.00,-0.000035,-0.188075,1,53.5,143.5,143.5,220.1,1
3138,156900,408.49,3,0.3119,-0.00,-0.000034,-0.188079,1,53.5,143.5,143.5,220.1,1
3139,156950,408.33,3,0.3119,-0.00,-0.000026,-0.188082,1,53.5,143.5,143.5,220.1,1
3140,157000,408.23,3,0.3119,-0.00,-0.000016,-0.188083,1,53.5,143.5,143.5,220.1,1
3141,157050,408.14,3,0.3119,-0.00,-0.000015,-0.188085,1,53.5,143.5,143.5,220.1,1
3142,157100,407.95,3,0.3119,-0.00,-0.000033,-0.188089,1,53.5,143.5,143.5,220.1,1
3143,157150,407.74,3,0.3119,-0.00,-0.000034,-0.188093,1,53.5,143.5,143.5,220.1,1
3144,157200,407.55,3,0.3119,-0.00,-0.000030,-0.188096,1,53.5,143.5,143.5,220.1,1
3145,157250,407.41,3,0.3119,-0.00,-0.000024,-0.188099,1,53.5,143.5,143.5,220.1,1
3146,157300,407.18,3,0.3119,-0.00,-0.000037,-0.188103,1,53.4,143.4,143.4,220.1,1
3147,157350,407.05,3,0.3119,-0.00,-0.000022,-0.188105,1,53.4,143.4,143.4,220.1,1
3148,157400,406.82,3,0.3119,-0.00,-0.000038,-0.188109,1,53.4,143.4,143.4,220.1,1
3149,157450,406.74,3,0.3119,-0.00,-0.000012,-0.188111,1,53.4,143.4,143.4,220.1,1
3150,157500,406.55,3,0.3119,-0.00,-0.000032,-0.188114,1,53.4,143.4,143.4,220.1,1
3151,157550,406.29,3,0.3118,-0.00,-0.000044,-0.188119,1,53.4,143.4,143.4,220.1,1
3152,157600,406.09,3,0.3118,-0.00,-0.000032,-0.188123,1,53.4,143.4,143.4,220.1,1
3153,157650,405.87,3,0.3118,-0.00,-0.000037,-0.188127,1,53.4,143.4,143.4,220.1,1
3154,157700,405.74,3,0.3118,-0.00,-0.000022,-0.188129,1,53.4,143.4,143.4,220.1,1
3155,157750,405.55,3,0.3118,-0.00,-0.000030,-0.188133,1,53.4,143.4,143.4,220.1,1
3156,157800,405.38,3,0.3118,-0.00,-0.000029,-0.188136,1,53.4,143.4,143.4,220.1,1
3157,157850,405.25,3,0.3118,-0.00,-0.000021,-0.188138,1,53.4,143.4,143.4,220.1,1
3158,157900,405.19,3,0.3119,-0.00,-0.000010,-0.188139,1,53.4,143.4,143.4,220.1,1
3159,157950,404.99,3,0.3118,-0.00,-0.000032,-0.188143,1,53.4,143.4,143.4,220.1,1
3160,158000,404.68,3,0.3118,-0.01,-0.000052,-0.188149,1,53.4,143.4,143.4,220.1,1
3161,158050,404.41,3,0.3118,-0.00,-0.000044,-0.188153,1,53.4,143.4,143.4,220.1,1
3162,158100,404.29,3,0.3118,-0.00,-0.000020,-0.188156,1,53.4,143.4,143.4,220.1,1
3163,158150,403.93,3,0.3118,-0.01,-0.000059,-0.188162,1,53.4,143.4,143.4,220.1,1
3164,158200,403.77,3,0.3118,-0.00,-0.000027,-0.188165,1,53.4,143.4,143.4,220.1,1
3165,158250,403.44,3,0.3118,-0.01,-0.000054,-0.188171,1,53.4,143.4,143.4,220.1,1
3166,158300,403.17,3,0.3118,-0.00,-0.000044,-0.188176,1,53.4,143.4,143.4,220.1,1
3167,158350,402.93,3,0.3118,-0.00,-0.000039,-0.188180,1,53.4,143.4,143.4,220.1,1
3168,158400,402.70,3,0.3118,-0.00,-0.000039,-0.188185,1,53.4,143.4,143.4,220.1,1
3169,158450,402.56,3,0.3118,-0.00,-0.000023,-0.188187,1,53.4,143.4,143.4,220.1,1
3170,158500,402.34,3,0.3118,-0.00,-0.000036,-0.188191,1,53.4,143.4,143.4,220.1,1
3171,158550,401.96,3,0.3117,-0.01,-0.000062,-0.188198,1,53.4,143.4,143.4,220.1,1
3172,158600,401.57,3,0.3117,-0.01,-0.000064,-0.188205,1,53.3,143.3,143.3,220.1,1
3173,158650,401.32,3,0.3117,-0.00,-0.000041,-0.188210,1,53.3,143.3,143.3,220.1,1
3174,158700,401.03,3,0.3117,-0.01,-0.000047,-0.188215,1,53.3,143.3,143.3,220.1,1
3175,158750,400.72,3,0.3117,-0.01,-0.000051,-0.188221,1,53.3,143.3,143.3,220.1,1
3176,158800,400.56,3,0.3117,-0.00,-0.000027,-0.188224,1,53.3,143.3,143.3,220.1,1
3177,158850,400.33,3,0.3117,-0.00,-0.000037,-0.188228,1,53.3,143.3,143.3,220.1,1
3178,158900,400.12,3,0.3117,-0.00,-0.000036,-0.188232,1,53.3,143.3,143.3,220.1,1
3179,158950,399.84,3,0.3117,-0.01,-0.000046,-0.188237,1,53.3,143.3,143.3,220.1,1
3180,159000,399.70,3,0.3117,-0.00,-0.000023,-0.188240,1,53.3,143.3,143.3,220.1,1
3181,159050,399.45,3,0.3117,-0.00,-0.000042,-0.188244,1,53.3,143.3,143.3,220.1,1
3182,159100,399.21,3,0.3117,-0.00,-0.000039,-0.188249,1,53.3,143.3,143.3,220.1,1
3183,159150,398.89,3,0.3117,-0.01,-0.000052,-0.188254,1,53.3,143.3,143.3,220.1,1
3184,159200,398.72,3,0.3117,-0.00,-0.000029,-0.188258,1,53.3,143.3,143.3,220.1,1
3185,159250,398.34,3,0.3117,-0.01,-0.000063,-0.188265,1,53.3,143.3,143.3,220.1,1
3186,159300,398.19,3,0.3117,-0.00,-0.000024,-0.188267,1,53.3,143.3,143.3,220.1,1
3187,159350,397.96,3,0.3117,-0.00,-0.000037,-0.188271,1,53.3,143.3,143.3,220.1,1
3188,159400,397.75,3,0.3117,-0.00,-0.000035,-0.188275,1,53.3,143.3,143.3,220.1,1
3189,159450,397.39,3,0.3117,-0.01,-0.000060,-0.188282,1,53.3,143.3,143.3,220.1,1
3190,159500,397.23,3,0.3117,-0.00,-0.000026,-0.188285,1,53.3,143.3,143.3,220.1,1
3191,159550,396.89,3,0.3117,-0.01,-0.000056,-0.188291,1,53.3,143.3,143.3,220.1,1
3192,159600,396.77,3,0.3117,-0.00,-0.000020,-0.188293,1,53.3,143.3,143.3,220.1,1
3193,159650,396.40,3,0.3116,-0.01,-0.000062,-0.188300,1,53.2,143.2,143.2,220.1,1
3194,159700,396.31,3,0.3117,-0.00,-0.000015,-0.188302,1,53.2,143.2,143.2,220.1,1
3195,159750,395.92,3,0.3116,-0.01,-0.000064,-0.188309,1,53.2,143.2,143.2,220.1,1
3196,159800,395.57,3,0.3116,-0.01,-0.000057,-0.188315,1,53.2,143.2,143.2,220.1,1
3197,159850,395.47,3,0.3117,-0.00,-0.000017,-0.188317,1,53.2,143.2,143.2,220.1,1
3198,159900,395.15,3,0.3116,-0.01,-0.000054,-0.188323,1,53.2,143.2,143.2,220.1,1
3199,159950,394.89,3,0.3116,-0.00,-0.000043,-0.188328,1,53.2,143.2,143.2,220.1,1
3200,160000,394.77,3,0.3117,-0.00,-0.000019,-0.188330,1,53.2,143.2,143.2,220.1,1
3201,160050,394.65,3,0.3116,-0.00,-0.000019,-0.188332,1,53.2,143.2,143.2,220.1,1
3202,160100,394.49,3,0.3116,-0.00,-0.000028,-0.188335,1,53.2,143.2,143.2,220.1,1
3203,160150,394.21,3,0.3116,-0.01,-0.000045,-0.188340,1,53.2,143.2,143.2,220.1,1
3204,160200,393.94,3,0.3116,-0.00,-0.000045,-0.188345,1,53.2,143.2,143.2,220.1,1
3205,160250,393.69,3,0.3116,-0.00,-0.000041,-0.188349,1,53.2,143.2,143.2,220.1,1
3206,160300,393.53,3,0.3116,-0.00,-0.000027,-0.188352,1,53.2,143.2,143.2,220.1,1
3207,160350,393.39,3,0.3116,-0.00,-0.000023,-0.188355,1,53.2,143.2,143.2,220.1,1
3208,160400,393.09,3,0.3116,-0.01,-0.000048,-0.188360,1,53.2,143.2,143.2,220.1,1
3209,160450,392.88,3,0.3116,-0.00,-0.000035,-0.188364,1,53.2,143.2,143.2,220.1,1
3210,160500,392.70,3,0.3116,-0.00,-0.000030,-0.188368,1,53.2,143.2,143.2,220.1,1
3211,160550,392.36,3,0.3116,-0.01,-0.000055,-0.188374,1,53.2,143.2,143.2,220.1,1
3212,160600,392.16,3,0.3116,-0.00,-0.000033,-0.188377,1,53.2,143.2,143.2,220.1,1
3213,160650,391.92,3,0.3116,-0.00,-0.000040,-0.188382,1,53.2,143.2,143.2,220.1,1
3214,160700,391.44,3,0.3115,-0.01,-0.000080,-0.188391,1,53.2,143.2,143.2,220.1,1
3215,160750,391.23,3,0.3116,-0.00,-0.000034,-0.188394,1,53.2,143.2,143.2,220.1,1
3216,160800,390.71,3,0.3115,-0.01,-0.000086,-0.188404,1,53.1,143.1,143.1,220.1,1
3217,160850,390.40,3,0.3115,-0.01,-0.000050,-0.188410,1,53.1,143.1,143.1,220.1,1
3218,160900,390.02,3,0.3115,-0.01,-0.000062,-0.188417,1,53.1,143.1,143.1,220.1,1
3219,160950,389.80,3,0.3115,-0.00,-0.000037,-0.188421,1,53.1,143.1,143.1,220.1,1
3220,161000,389.61,3,0.3115,-0.00,-0.000030,-0.188424,1,53.1,143.1,143.1,220.1,1
3221,161050,389.41,3,0.3115,-0.00,-0.000033,-0.188428,1,53.1,143.1,143.1,220.1,1
3222,161100,389.03,3,0.3115,-0.01,-0.000063,-0.188435,1,53.1,143.1,143.1,220.1,1
3223,161150,388.77,3,0.3115,-0.00,-0.000044,-0.188440,1,53.1,143.1,143.1,220.1,1
3224,161200,388.35,3,0.3115,-0.01,-0.000069,-0.188447,1,53.1,143.1,143.1,220.1,1
3225,161250,388.25,3,0.3115,-0.00,-0.000016,-0.188449,1,53.1,143.1,143.1,220.1,1
3226,161300,387.91,3,0.3115,-0.01,-0.000056,-0.188455,1,53.1,143.1,143.1,220.1,1
3227,161350,387.82,3,0.3115,-0.00,-0.000015,-0.188457,1,53.1,143.1,143.1,220.1,1
3228,161400,387.59,3,0.3115,-0.00,-0.000037,-0.188461,1,53.1,143.1,143.1,220.1,1
3229,161450,387.40,3,0.3115,-0.00,-0.000030,-0.188464,1,53.1,143.1,143.1,220.1,1
3230,161500,387.13,3,0.3115,-0.01,-0.000046,-0.188470,1,53.1,143.1,143.1,220.1,1
3231,161550,386.85,3,0.3115,-0.01,-0.000046,-0.188475,1,53.1,143.1,143.1,220.1,1
3232,161600,386.69,3,0.3115,-0.00,-0.000026,-0.188478,1,53.1,143.1,143.1,220.1,1
3233,161650,386.34,3,0.3115,-0.01,-0.000058,-0.188484,1,53.1,143.1,143.1,220.1,1
3234,161700,386.08,3,0.3115,-0.00,-0.000043,-0.188489,1,53.1,143.1,143.1,220.1,1
3235,161750,386.02,3,0.3115,-0.00,-0.000009,-0.188490,1,53.1,143.1,143.1,220.1,1
3236,161800,385.79,3,0.3115,-0.00,-0.000039,-0.188494,1,53.1,143.1,143.1,220.1,1
3237,161850,385.49,3,0.3115,-0.01,-0.000048,-0.188499,1,53.0,143.0,143.0,220.1,1
3238,161900,385.31,3,0.3115,-0.00,-0.000030,-0.188503,1,53.0,143.0,143.0,220.1,1
3239,161950,385.01,3,0.3114,-0.01,-0.000049,-0.188508,1,53.0,143.0,143.0,220.1,1
3240,162000,384.78,3,0.3114,-0.00,-0.000039,-0.188513,1,53.0,143.0,143.0,220.1,1
3241,162050,384.61,3,0.3115,-0.00,-0.000027,-0.188515,1,53.0,143.0,143.0,220.1,1
3242,162100,384.45,3,0.3115,-0.00,-0.000027,-0.188518,1,53.0,143.0,143.0,220.1,1
3243,162150,384.10,3,0.3114,-0.01,-0.000058,-0.188525,1,53.0,143.0,143.0,220.1,1
3244,162200,383.82,3,0.3114,-0.01,-0.000046,-0.188530,1,53.0,143.0,143.0,220.1,1
3245,162250,383.60,3,0.3114,-0.00,-0.000036,-0.188534,1,53.0,143.0,143.0,220.1,1
3246,162300,383.45,3,0.3114,-0.00,-0.000025,-0.188537,1,53.0,143.0,143.0,220.1,1
3247,162350,383.21,3,0.3114,-0.00,-0.000041,-0.188541,1,53.0,143.0,143.0,220.1,1
3248,162400,382.94,3,0.3114,-0.00,-0.000043,-0.188546,1,53.0,143.0,143.0,220.1,1
3249,162450,382.56,3,0.3114,-0.01,-0.000063,-0.188553,1,53.0,143.0,143.0,220.1,1
3250,162500,382.36,3,0.3114,-0.00,-0.000034,-0.188557,1,53.0,143.0,143.0,220.1,1
3251,162550,381.85,3,0.3114,-0.01,-0.000084,-0.188566,1,53.0,143.0,143.0,220.1,1
3252,162600,381.59,3,0.3114,-0.00,-0.000042,-0.188571,1,53.0,143.0,143.0,220.1,1
3253,162650,381.21,3,0.3114,-0.01,-0.000063,-0.188578,1,53.0,143.0,143.0,220.1,1
3254,162700,381.04,3,0.3114,-0.00,-0.000028,-0.188581,1,53.0,143.0,143.0,220.1,1
3255,162750,380.75,3,0.3114,-0.01,-0.000047,-0.188586,1,53.0,143.0,143.0,220.1,1
3256,162800,380.42,3,0.3114,-0.01,-0.000055,-0.188592,1,53.0,143.0,143.0,220.1,1
3257,162850,380.20,3,0.3114,-0.00,-0.000037,-0.188596,1,53.0,143.0,143.0,220.1,1
3258,162900,380.05,3,0.3114,-0.00,-0.000024,-0.188599,1,53.0,143.0,143.0,220.1,1
3259,162950,379.66,3,0.3113,-0.01,-0.000065,-0.188606,1,52.9,142.9,142.9,220.1,1
3260,163000,379.34,3,0.3113,-0.01,-0.000052,-0.188612,1,52.9,142.9,142.9,220.1,1
3261,163050,379.09,3,0.3113,-0.00,-0.000042,-0.188617,1,52.9,142.9,142.9,220.1,1
3262,163100,379.01,3,0.3114,-0.00,-0.000012,-0.188618,1,52.9,142.9,142.9,220.1,1
3263,163150,378.80,3,0.3113,-0.00,-0.000036,-0.188622,1,52.9,142.9,142.9,220.1,1
3264,163200,378.46,3,0.3113,-0.01,-0.000056,-0.188628,1,52.9,142.9,142.9,220.1,1
3265,163250,378.34,3,0.3114,-0.00,-0.000019,-0.188630,1,52.9,142.9,142.9,220.1,1
3266,163300,378.04,3,0.3113,-0.01,-0.000049,-0.188636,1,52.9,142.9,142.9,220.1,1
3267,163350,377.84,3,0.3113,-0.00,-0.000033,-0.188639,1,52.9,142.9,142.9,220.1,1
3268,163400,377.53,3,0.3113,-0.01,-0.000051,-0.188645,1,52.9,142.9,142.9,220.1,1
3269,163450,377.40,3,0.3113,-0.00,-0.000021,-0.188647,1,52.9,142.9,142.9,220.1,1
3270,163500,377.15,3,0.3113,-0.00,-0.000042,-0.188652,1,52.9,142.9,142.9,220.1,1
3271,163550,376.95,3,0.3113,-0.00,-0.000032,-0.188656,1,52.9,142.9,142.9,220.1,1
3272,163600,376.55,3,0.3113,-0.01,-0.000067,-0.188663,1,52.9,142.9,142.9,220.1,1
3273,163650,376.20,3,0.3113,-0.01,-0.000057,-0.188669,1,52.9,142.9,142.9,220.1,1
3274,163700,375.98,3,0.3113,-0.00,-0.000036,-0.188673,1,52.9,142.9,142.9,220.1,1
3275,163750,375.86,3,0.3113,-0.00,-0.000021,-0.188676,1,52.9,142.9,142.9,220.1,1
3276,163800,375.67,3,0.3113,-0.00,-0.000030,-0.188679,1,52.9,142.9,142.9,220.1,1
3277,163850,375.39,3,0.3113,-0.01,-0.000046,-0.188684,1,52.9,142.9,142.9,220.1,1
3278,163900,374.96,3,0.3112,-0.01,-0.000072,-0.188692,1,52.9,142.9,142.9,220.1,1
3279,163950,374.72,3,0.3113,-0.00,-0.000039,-0.188696,1,52.9,142.9,142.9,220.1,1
3280,164000,374.43,3,0.3113,-0.01,-0.000048,-0.188702,1,52.8,142.8,142.8,220.1,1
3281,164050,374.33,3,0.3113,-0.00,-0.000017,-0.188704,1,52.8,142.8,142.8,220.1,1
3282,164100,373.92,3,0.3112,-0.01,-0.000067,-0.188711,1,52.8,142.8,142.8,220.1,1
3283,164150,373.69,3,0.3112,-0.00,-0.000037,-0.188715,1,52.8,142.8,142.8,220.1,1
3284,164200,373.40,3,0.3112,-0.01,-0.000048,-0.188721,1,52.8,142.8,142.8,220.1,1
3285,164250,373.15,3,0.3112,-0.00,-0.000042,-0.188725,1,52.8,142.8,142.8,220.1,1
3286,164300,372.90,3,0.3112,-0.00,-0.000040,-0.188730,1,52.8,142.8,142.8,220.1,1
3287,164350,372.73,3,0.3112,-0.00,-0.000029,-0.188733,1,52.8,142.8,142.8,220.1,1
3288,164400,372.49,3,0.3112,-0.00,-0.000039,-0.188737,1,52.8,142.8,142.8,220.1,1
3289,164450,372.34,3,0.3112,-0.00,-0.000025,-0.188740,1,52.8,142.8,142.8,220.1,1
3290,164500,372.03,3,0.3112,-0.01,-0.000051,-0.188746,1,52.8,142.8,142.8,220.1,1
3291,164550,371.90,3,0.3112,-0.00,-0.000021,-0.188748,1,52.8,142.8,142.8,220.1,1
3292,164600,371.60,3,0.3112,-0.01,-0.000049,-0.188754,1,52.8,142.8,142.8,220.1,1
3293,164650,371.32,3,0.3112,-0.01,-0.000047,-0.188759,1,52.8,142.8,142.8,220.1,1
3294,164700,371.06,3,0.3112,-0.00,-0.000042,-0.188763,1,52.8,142.8,142.8,220.1,1
3295,164750,370.78,3,0.3112,-0.01,-0.000046,-0.188768,1,52.8,142.8,142.8,220.1,1
3296,164800,370.57,3,0.3112,-0.00,-0.000036,-0.188772,1,52.8,142.8,142.8,220.1,1
3297,164850,370.38,3,0.3112,-0.00,-0.000031,-0.188776,1,52.8,142.8,142.8,220.1,1
3298,164900,370.12,3,0.3112,-0.00,-0.000042,-0.188781,1,52.8,142.8,142.8,220.1,1
3299,164950,369.99,3,0.3112,-0.00,-0.000022,-0.188783,1,52.8,142.8,142.8,220.1,1
3300,165000,369.79,3,0.3112,-0.00,-0.000034,-0.188787,1,52.8,142.8,142.8,220.1,1
3301,165050,369.61,3,0.3112,-0.00,-0.000030,-0.188790,1,52.8,142.8,142.8,220.1,1
3302,165100,369.40,3,0.3112,-0.00,-0.000035,-0.188794,1,52.8,142.8,142.8,220.1,1
3303,165150,369.15,3,0.3112,-0.00,-0.000040,-0.188798,1,52.8,142.8,142.8,220.1,1
3304,165200,368.88,3,0.3112,-0.01,-0.000045,-0.188803,1,52.7,142.7,142.7,220.1,1
3305,165250,368.62,3,0.3111,-0.00,-0.000043,-0.188808,1,52.7,142.7,142.7,220.1,1
3306,165300,368.47,3,0.3112,-0.00,-0.000025,-0.188811,1,52.7,142.7,142.7,220.1,1
3307,165350,368.52,3,0.3112,0.00,0.000009,-0.188810,1,52.7,142.7,142.7,220.1,1
3308,165400,368.44,3,0.3112,-0.00,-0.000014,-0.188811,1,52.7,142.7,142.7,220.1,1
3309,165450,368.13,3,0.3111,-0.01,-0.000051,-0.188817,1,52.7,142.7,142.7,220.1,1
3310,165500,367.96,3,0.3112,-0.00,-0.000028,-0.188820,1,52.7,142.7,142.7,220.1,1
3311,165550,367.60,3,0.3111,-0.01,-0.000059,-0.188827,1,52.7,142.7,142.7,220.1,1
3312,165600,367.32,3,0.3111,-0.01,-0.000046,-0.188832,1,52.7,142.7,142.7,220.1,1
3313,165650,367.12,3,0.3111,-0.00,-0.000033,-0.188835,1,52.7,142.7,142.7,220.1,1
3314,165700,366.99,3,0.3111,-0.00,-0.000021,-0.188838,1,52.7,142.7,142.7,220.1,1
3315,165750,366.77,3,0.3111,-0.00,-0.000037,-0.188842,1,52.7,142.7,142.7,220.1,1
3316,165800,366.57,3,0.3111,-0.00,-0.000034,-0.188846,1,52.7,142.7,142.7,220.1,1
3317,165850,366.31,3,0.3111,-0.00,-0.000043,-0.188850,1,52.7,142.7,142.7,220.1,1
3318,165900,365.99,3,0.3111,-0.01,-0.000053,-0.188856,1,52.7,142.7,142.7,220.1,1
3319,165950,365.71,3,0.3111,-0.01,-0.000046,-0.188861,1,52.7,142.7,142.7,220.1,1
3320,166000,365.30,3,0.3111,-0.01,-0.000067,-0.188869,1,52.7,142.7,142.7,220.1,1
3321,166050,365.06,3,0.3111,-0.00,-0.000040,-0.188873,1,52.7,142.7,142.7,220.1,1
3322,166100,364.89,3,0.3111,-0.00,-0.000028,-0.188876,1,52.7,142.7,142.7,220.1,1
3323,166150,364.48,3,0.3110,-0.01,-0.000067,-0.188884,1,52.7,142.7,142.7,220.1,1
3324,166200,364.09,3,0.3110,-0.01,-0.000064,-0.188891,1,52.7,142.7,142.7,220.1,1
3325,166250,363.56,3,0.3110,-0.01,-0.000088,-0.188901,1,52.6,142.6,142.6,220.1,1
3326,166300,363.20,3,0.3110,-0.01,-0.000058,-0.188907,1,52.6,142.6,142.6,220.1,1
3327,166350,362.96,3,0.3110,-0.00,-0.000040,-0.188912,1,52.6,142.6,142.6,220.1,1
3328,166400,362.99,3,0.3111,0.00,0.000006,-0.188911,1,52.6,142.6,142.6,220.1,1
3329,166450,362.77,3,0.3110,-0.00,-0.000037,-0.188915,1,52.6,142.6,142.6,220.1,1
3330,166500,362.40,3,0.3110,-0.01,-0.000061,-0.188922,1,52.6,142.6,142.6,220.1,1
3331,166550,362.04,3,0.3110,-0.01,-0.000060,-0.188928,1,52.6,142.6,142.6,220.1,1
3332,166600,361.85,3,0.3110,-0.00,-0.000031,-0.188932,1,52.6,142.6,142.6,220.1,1
3333,166650,361.57,3,0.3110,-0.01,-0.000047,-0.188937,1,52.6,142.6,142.6,220.1,1
3334,166700,361.22,3,0.3110,-0.01,-0.000057,-0.188943,1,52.6,142.6,142.6,220.1,1
3335,166750,360.96,3,0.3110,-0.00,-0.000043,-0.188948,1,52.6,142.6,142.6,220.1,1
3336,166800,360.79,3,0.3110,-0.00,-0.000028,-0.188951,1,52.6,142.6,142.6,220.1,1
3337,166850,360.56,3,0.3110,-0.00,-0.000038,-0.188955,1,52.6,142.6,142.6,220.1,1
3338,166900,360.17,3,0.3110,-0.01,-0.000064,-0.188962,1,52.6,142.6,142.6,220.1,1
3339,166950,359.93,3,0.3110,-0.00,-0.000039,-0.188967,1,52.6,142.6,142.6,220.1,1
3340,167000,359.53,3,0.3110,-0.01,-0.000067,-0.188974,1,52.6,142.6,142.6,220.1,1
3341,167050,359.34,3,0.3110,-0.00,-0.000031,-0.188978,1,52.6,142.6,142.6,220.1,1
3342,167100,359.02,3,0.3110,-0.01,-0.000054,-0.188984,1,52.6,142.6,142.6,220.1,1
3343,167150,358.88,3,0.3110,-0.00,-0.000023,-0.188986,1,52.6,142.6,142.6,220.1,1
3344,167200,358.45,3,0.3109,-0.01,-0.000070,-0.188994,1,52.6,142.6,142.6,220.1,1
3345,167250,358.17,3,0.3110,-0.01,-0.000046,-0.188999,1,52.6,142.6,142.6,220.1,1
3346,167300,357.74,3,0.3109,-0.01,-0.000071,-0.189007,1,52.5,142.5,142.5,220.1,1
3347,167350,357.64,3,0.3110,-0.00,-0.000017,-0.189009,1,52.5,142.5,142.5,220.1,1
3348,167400,357.33,3,0.3109,-0.01,-0.000050,-0.189014,1,52.5,142.5,142.5,220.1,1
3349,167450,357.23,3,0.3110,-0.00,-0.000017,-0.189016,1,52.5,142.5,142.5,220.1,1
3350,167500,357.00,3,0.3109,-0.00,-0.000037,-0.189020,1,52.5,142.5,142.5,220.1,1
3351,167550,356.77,3,0.3109,-0.00,-0.000039,-0.189025,1,52.5,142.5,142.5,220.1,1
3352,167600,356.60,3,0.3109,-0.00,-0.000028,-0.189028,1,52.5,142.5,142.5,220.1,1
3353,167650,356.45,3,0.3109,-0.00,-0.000025,-0.189031,1,52.5,142.5,142.5,220.1,1
3354,167700,356.19,3,0.3109,-0.00,-0.000042,-0.189035,1,52.5,142.5,142.5,220.1,1
3355,167750,355.93,3,0.3109,-0.00,-0.000043,-0.189040,1,52.5,142.5,142.5,220.1,1
3356,167800,355.61,3,0.3109,-0.01,-0.000054,-0.189046,1,52.5,142.5,142.5,220.1,1
3357,167850,355.49,3,0.3109,-0.00,-0.000020,-0.189048,1,52.5,142.5,142.5,220.1,1
3358,167900,355.41,3,0.3109,-0.00,-0.000013,-0.189050,1,52.5,142.5,142.5,220.1,1
3359,167950,355.48,3,0.3110,0.00,0.000012,-0.189048,1,52.5,142.5,142.5,220.1,1
3360,168000,355.45,3,0.3109,-0.00,-0.000005,-0.189049,1,52.5,142.5,142.5,220.1,1
3361,168050,355.40,3,0.3109,-0.00,-0.000008,-0.189050,1,52.5,142.5,142.5,220.1,1
3362,168100,355.11,3,0.3109,-0.01,-0.000048,-0.189055,1,52.5,142.5,142.5,220.1,1
3363,168150,354.75,3,0.3109,-0.01,-0.000059,-0.189062,1,52.5,142.5,142.5,220.1,1
3364,168200,354.59,3,0.3109,-0.00,-0.000027,-0.189065,1,52.5,142.5,142.5,220.1,1
3365,168250,354.40,3,0.3109,-0.00,-0.000031,-0.189068,1,52.5,142.5,142.5,220.1,1
3366,168300,353.97,3,0.3109,-0.01,-0.000071,-0.189076,1,52.5,142.5,142.5,220.1,1
3367,168350,353.50,3,0.3108,-0.01,-0.000078,-0.189084,1,52.5,142.5,142.5,220.1,1
3368,168400,352.74,3,0.3108,-0.01,-0.000124,-0.189098,1,52.5,142.5,142.5,220.1,1
3369,168450,352.25,3,0.3108,-0.01,-0.000082,-0.189107,1,52.4,142.4,142.4,220.1,1
3370,168500,351.73,3,0.3108,-0.01,-0.000084,-0.189117,1,52.4,142.4,142.4,220.1,1
3371,168550,351.30,3,0.3108,-0.01,-0.000071,-0.189125,1,52.4,142.4,142.4,220.1,1
3372,168600,351.12,3,0.3108,-0.00,-0.000030,-0.189128,1,52.4,142.4,142.4,220.1,1
3373,168650,350.88,3,0.3108,-0.00,-0.000040,-0.189132,1,52.4,142.4,142.4,220.1,1
3374,168700,350.60,3,0.3108,-0.01,-0.000046,-0.189137,1,52.4,142.4,142.4,220.1,1
3375,168750,350.45,3,0.3108,-0.00,-0.000026,-0.189140,1,52.4,142.4,142.4,220.1,1
3376,168800,350.23,3,0.3108,-0.00,-0.000036,-0.189144,1,52.4,142.4,142.4,220.1,1
3377,168850,349.92,3,0.3108,-0.01,-0.000051,-0.189150,1,52.4,142.4,142.4,220.1,1
3378,168900,349.51,3,0.3108,-0.01,-0.000067,-0.189157,1,52.4,142.4,142.4,220.1,1
3379,168950,349.16,3,0.3108,-0.01,-0.000057,-0.189164,1,52.4,142.4,142.4,220.1,1
3380,169000,348.97,3,0.3108,-0.00,-0.000032,-0.189167,1,52.4,142.4,142.4,220.1,1
3381,169050,348.66,3,0.3108,-0.01,-0.000051,-0.189173,1,52.4,142.4,142.4,220.1,1
3382,169100,348.40,3,0.3108,-0.00,-0.000043,-0.189178,1,52.4,142.4,142.4,220.1,1
3383,169150,348.04,3,0.3108,-0.01,-0.000059,-0.189184,1,52.4,142.4,142.4,220.1,1
3384,169200,347.81,3,0.3108,-0.00,-0.000039,-0.189189,1,52.4,142.4,142.4,220.1,1
3385,169250,347.19,3,0.3107,-0.01,-0.000101,-0.189200,1,52.3,142.3,142.3,220.1,1
3386,169300,346.97,3,0.3108,-0.00,-0.000036,-0.189204,1,52.3,142.3,142.3,220.1,1
3387,169350,346.59,3,0.3107,-0.01,-0.000063,-0.189211,1,52.3,142.3,142.3,220.1,1
3388,169400,346.37,3,0.3107,-0.00,-0.000037,-0.189215,1,52.3,142.3,142.3,220.1,1
3389,169450,346.11,3,0.3107,-0.00,-0.000043,-0.189220,1,52.3,142.3,142.3,220.1,1
3390,169500,345.90,3,0.3107,-0.00,-0.000033,-0.189223,1,52.3,142.3,142.3,220.1,1
3391,169550,345.60,3,0.3107,-0.01,-0.000050,-0.189229,1,52.3,142.3,142.3,220.1,1
3392,169600,345.34,3,0.3107,-0.00,-0.000043,-0.189234,1,52.3,142.3,142.3,220.1,1
3393,169650,345.02,3,0.3107,-0.01,-0.000051,-0.189239,1,52.3,142.3,142.3,220.1,1
3394,169700,344.80,3,0.3107,-0.00,-0.000037,-0.189243,1,52.3,142.3,142.3,220.1,1
3395,169750,344.51,3,0.3107,-0.01,-0.000048,-0.189249,1,52.3,142.3,142.3,220.1,1
3396,169800,344.20,3,0.3107,-0.01,-0.000050,-0.189254,1,52.3,142.3,142.3,220.1,1
3397,169850,343.83,3,0.3107,-0.01,-0.000062,-0.189261,1,52.3,142.3,142.3,220.1,1
3398,169900,343.67,3,0.3107,-0.00,-0.000026,-0.189264,1,52.3,142.3,142.3,220.1,1
3399,169950,343.45,3,0.3107,-0.00,-0.000037,-0.189268,1,52.3,142.3,142.3,220.1,1
3400,170000,343.21,3,0.3107,-0.00,-0.000039,-0.189273,1,52.3,142.3,142.3,220.1,1
3401,170050,342.95,3,0.3107,-0.00,-0.000042,-0.189277,1,52.3,142.3,142.3,220.1,1
3402,170100,342.82,3,0.3107,-0.00,-0.000023,-0.189280,1,52.3,142.3,142.3,220.1,1
3403,170150,342.58,3,0.3107,-0.00,-0.000038,-0.189284,1,52.3,142.3,142.3,220.1,1
3404,170200,342.41,3,0.3107,-0.00,-0.000029,-0.189287,1,52.3,142.3,142.3,220.1,1
3405,170250,341.99,3,0.3106,-0.01,-0.000069,-0.189295,1,52.3,142.3,142.3,220.1,1
3406,170300,341.77,3,0.3107,-0.00,-0.000036,-0.189299,1,52.3,142.3,142.3,220.1,1
3407,170350,341.43,3,0.3106,-0.01,-0.000055,-0.189305,1,52.2,142.2,142.2,220.1,1
3408,170400,341.30,3,0.3107,-0.00,-0.000021,-0.189307,1,52.2,142.2,142.2,220.1,1
3409,170450,341.03,3,0.3106,-0.00,-0.000045,-0.189312,1,52.2,142.2,142.2,220.1,1
3410,170500,340.90,3,0.3107,-0.00,-0.000022,-0.189315,1,52.2,142.2,142.2,220.1,1
3411,170550,340.61,3,0.3106,-0.01,-0.000047,-0.189320,1,52.2,142.2,142.2,220.1,1
3412,170600,340.47,3,0.3107,-0.00,-0.000023,-0.189323,1,52.2,142.2,142.2,220.1,1
3413,170650,340.12,3,0.3106,-0.01,-0.000058,-0.189329,1,52.2,142.2,142.2,220.1,1
3414,170700,339.99,3,0.3106,-0.00,-0.000021,-0.189331,1,52.2,142.2,142.2,220.1,1
3415,170750,339.73,3,0.3106,-0.00,-0.000043,-0.189336,1,52.2,142.2,142.2,220.1,1
3416,170800,339.63,3,0.3106,-0.00,-0.000017,-0.189338,1,52.2,142.2,142.2,220.1,1
3417,170850,339.27,3,0.3106,-0.01,-0.000058,-0.189345,1,52.2,142.2,142.2,220.1,1
3418,170900,338.89,3,0.3106,-0.01,-0.000063,-0.189352,1,52.2,142.2,142.2,220.1,1
3419,170950,338.62,3,0.3106,-0.00,-0.000044,-0.189357,1,52.2,142.2,142.2,220.1,1
3420,171000,338.38,3,0.3106,-0.00,-0.000040,-0.189361,1,52.2,142.2,142.2,220.1,1
3421,171050,338.20,3,0.3106,-0.00,-0.000030,-0.189364,1,52.2,142.2,142.2,220.1,1
3422,171100,338.05,3,0.3106,-0.00,-0.000024,-0.189367,1,52.2,142.2,142.2,220.1,1
3423,171150,337.80,3,0.3106,-0.00,-0.000041,-0.189372,1,52.2,142.2,142.2,220.1,1
3424,171200,337.47,3,0.3106,-0.01,-0.000054,-0.189378,1,52.2,142.2,142.2,220.1,1
3425,171250,337.24,3,0.3106,-0.00,-0.000038,-0.189382,1,52.2,142.2,142.2,220.1,1
3426,171300,337.09,3,0.3106,-0.00,-0.000025,-0.189385,1,52.2,142.2,142.2,220.1,1
3427,171350,336.87,3,0.3106,-0.00,-0.000037,-0.189389,1,52.2,142.2,142.2,220.1,1
3428,171400,336.60,3,0.3106,-0.00,-0.000043,-0.189393,1,52.2,142.2,142.2,220.1,1
3429,171450,336.36,3,0.3106,-0.00,-0.000041,-0.189398,1,52.2,142.2,142.2,220.1,1
3430,171500,336.03,3,0.3105,-0.01,-0.000054,-0.189404,1,52.1,142.1,142.1,220.1,1
3431,171550,335.87,3,0.3106,-0.00,-0.000026,-0.189407,1,52.1,142.1,142.1,220.1,1
3432,171600,335.53,3,0.3105,-0.01,-0.000056,-0.189413,1,52.1,142.1,142.1,220.1,1
3433,171650,335.27,3,0.3105,-0.00,-0.000043,-0.189418,1,52.1,142.1,142.1,220.1,1
3434,171700,334.82,3,0.3105,-0.01,-0.000074,-0.189426,1,52.1,142.1,142.1,220.1,1
3435,171750,334.38,3,0.3105,-0.01,-0.000073,-0.189434,1,52.1,142.1,142.1,220.1,1
3436,171800,334.20,3,0.3105,-0.00,-0.000030,-0.189437,1,52.1,142.1,142.1,220.1,1
3437,171850,333.87,3,0.3105,-0.01,-0.000053,-0.189443,1,52.1,142.1,142.1,220.1,1
3438,171900,333.54,3,0.3105,-0.01,-0.000054,-0.189449,1,52.1,142.1,142.1,220.1,1
3439,171950,333.30,3,0.3105,-0.00,-0.000040,-0.189454,1,52.1,142.1,142.1,220.1,1
3440,172000,333.07,3,0.3105,-0.00,-0.000038,-0.189458,1,52.1,142.1,142.1,220.1,1
3441,172050,332.73,3,0.3105,-0.01,-0.000057,-0.189464,1,52.1,142.1,142.1,220.1,1
3442,172100,332.45,3,0.3105,-0.01,-0.000046,-0.189469,1,52.1,142.1,142.1,220.1,1
3443,172150,332.14,3,0.3105,-0.01,-0.000050,-0.189475,1,52.1,142.1,142.1,220.1,1
3444,172200,331.74,3,0.3105,-0.01,-0.000066,-0.189482,1,52.1,142.1,142.1,220.1,1
3445,172250,331.56,3,0.3105,-0.00,-0.000030,-0.189486,1,52.1,142.1,142.1,220.1,1
3446,172300,331.27,3,0.3105,-0.01,-0.000047,-0.189491,1,52.1,142.1,142.1,220.1,1
3447,172350,331.02,3,0.3105,-0.00,-0.000041,-0.189495,1,52.1,142.1,142.1,220.1,1
3448,172400,330.68,3,0.3104,-0.01,-0.000057,-0.189502,1,52.0,142.0,142.0,220.1,1
3449,172450,330.43,3,0.3105,-0.00,-0.000041,-0.189506,1,52.0,142.0,142.0,220.1,1
3450,172500,330.19,3,0.3104,-0.00,-0.000040,-0.189511,1,52.0,142.0,142.0,220.1,1
3451,172550,329.95,3,0.3104,-0.00,-0.000039,-0.189515,1,52.0,142.0,142.0,220.1,1
3452,172600,329.74,3,0.3104,-0.00,-0.000034,-0.189519,1,52.0,142.0,142.0,220.1,1
3453,172650,329.54,3,0.3104,-0.00,-0.000033,-0.189523,1,52.0,142.0,142.0,220.1,1
3454,172700,329.33,3,0.3104,-0.00,-0.000035,-0.189526,1,52.0,142.0,142.0,220.1,1
3455,172750,329.01,3,0.3104,-0.01,-0.000051,-0.189532,1,52.0,142.0,142.0,220.1,1
3456,172800,328.86,3,0.3104,-0.00,-0.000026,-0.189535,1,52.0,142.0,142.0,220.1,1
3457,172850,328.48,3,0.3104,-0.01,-0.000062,-0.189542,1,52.0,142.0,142.0,220.1,1
3458,172900,328.30,3,0.3104,-0.00,-0.000031,-0.189545,1,52.0,142.0,142.0,220.1,1
3459,172950,328.08,3,0.3104,-0.00,-0.000035,-0.189549,1,52.0,142.0,142.0,220.1,1
3460,173000,327.72,3,0.3104,-0.01,-0.000069,-0.189557,1,52.0,142.0,142.0,220.1,1
3461,173050,327.46,3,0.3104,-0.01,-0.000051,-0.189563,1,52.0,142.0,142.0,220.1,1
3462,173100,327.13,3,0.3104,-0.01,-0.000063,-0.189570,1,52.0,142.0,142.0,220.1,1
3463,173150,326.78,3,0.3104,-0.01,-0.000066,-0.189577,1,52.0,142.0,142.0,220.1,1
3464,173200,326.58,3,0.3104,-0.00,-0.000038,-0.189581,1,52.0,142.0,142.0,220.1,1
3465,173250,326.25,3,0.3103,-0.01,-0.000064,-0.189588,1,52.0,142.0,142.0,220.1,1
3466,173300,326.18,3,0.3104,-0.00,-0.000012,-0.189590,1,52.0,142.0,142.0,220.1,1
3467,173350,325.67,3,0.3103,-0.01,-0.000099,-0.189601,1,51.9,141.9,141.9,220.1,1
3468,173400,325.53,3,0.3104,-0.00,-0.000027,-0.189604,1,51.9,141.9,141.9,220.1,1
3469,173450,325.25,3,0.3103,-0.01,-0.000054,-0.189610,1,51.9,141.9,141.9,220.1,1
3470,173500,324.95,3,0.3103,-0.01,-0.000057,-0.189616,1,51.9,141.9,141.9,220.1,1
3471,173550,324.80,3,0.3104,-0.00,-0.000029,-0.189619,1,51.9,141.9,141.9,220.1,1
3472,173600,324.58,3,0.3103,-0.00,-0.000042,-0.189624,1,51.9,141.9,141.9,220.1,1
3473,173650,324.22,3,0.3103,-0.01,-0.000070,-0.189632,1,51.9,141.9,141.9,220.1,1
3474,173700,323.98,3,0.3103,-0.01,-0.000045,-0.189637,1,51.9,141.9,141.9,220.1,1
3475,173750,323.62,3,0.3103,-0.01,-0.000069,-0.189644,1,51.9,141.9,141.9,220.1,1
3476,173800,323.43,3,0.3103,-0.00,-0.000037,-0.189649,1,51.9,141.9,141.9,220.1,1
3477,173850,323.10,3,0.3103,-0.01,-0.000062,-0.189655,1,51.9,141.9,141.9,220.1,1
3478,173900,322.88,3,0.3103,-0.00,-0.000043,-0.189660,1,51.9,141.9,141.9,220.1,1
3479,173950,322.81,3,0.3103,-0.00,-0.000013,-0.189662,1,51.9,141.9,141.9,220.1,1
3480,174000,322.77,3,0.3103,-0.00,-0.000008,-0.189662,1,51.9,141.9,141.9,220.1,1
3481,174050,322.49,3,0.3103,-0.01,-0.000054,-0.189668,1,51.9,141.9,141.9,220.1,1
3482,174100,322.32,3,0.3103,-0.00,-0.000034,-0.189672,1,51.9,141.9,141.9,220.1,1
3483,174150,322.20,3,0.3103,-0.00,-0.000022,-0.189675,1,51.9,141.9,141.9,220.1,1
3484,174200,321.94,3,0.3103,-0.01,-0.000050,-0.189680,1,51.9,141.9,141.9,220.1,1
3485,174250,321.70,3,0.3103,-0.01,-0.000046,-0.189685,1,51.9,141.9,141.9,220.1,1
3486,174300,321.40,3,0.3103,-0.01,-0.000058,-0.189692,1,51.9,141.9,141.9,220.1,1
3487,174350,321.29,3,0.3103,-0.00,-0.000021,-0.189694,1,51.9,141.9,141.9,220.1,1
3488,174400,320.98,3,0.3102,-0.01,-0.000059,-0.189701,1,51.8,141.8,141.8,220.1,1
3489,174450,320.88,3,0.3103,-0.00,-0.000020,-0.189703,1,51.8,141.8,141.8,220.1,1
3490,174500,320.52,3,0.3102,-0.01,-0.000070,-0.189711,1,51.8,141.8,141.8,220.1,1
3491,174550,320.44,3,0.3103,-0.00,-0.000014,-0.189712,1,51.8,141.8,141.8,220.1,1
3492,174600,320.27,3,0.3103,-0.00,-0.000033,-0.189716,1,51.8,141.8,141.8,220.1,1
3493,174650,319.98,3,0.3102,-0.01,-0.000056,-0.189722,1,51.8,141.8,141.8,220.1,1
3494,174700,319.75,3,0.3102,-0.00,-0.000045,-0.189727,1,51.8,141.8,141.8,220.1,1
3495,174750,319.64,3,0.3103,-0.00,-0.000020,-0.189729,1,51.8,141.8,141.8,220.1,1
3496,174800,319.25,3,0.3102,-0.01,-0.000076,-0.189738,1,51.8,141.8,141.8,220.1,1
3497,174850,318.97,3,0.3102,-0.01,-0.000053,-0.189744,1,51.8,141.8,141.8,220.1,1
3498,174900,318.74,3,0.3102,-0.00,-0.000044,-0.189749,1,51.8,141.8,141.8,220.1,1
3499,174950,318.50,3,0.3102,-0.01,-0.000046,-0.189754,1,51.8,141.8,141.8,220.1,1
3500,175000,318.25,3,0.3102,-0.01,-0.000048,-0.189759,1,51.8,141.8,141.8,220.1,1
3501,175050,318.10,3,0.3102,-0.00,-0.000029,-0.189762,1,51.8,141.8,141.8,220.1,1
3502,175100,317.70,3,0.3102,-0.01,-0.000077,-0.189771,1,51.8,141.8,141.8,220.1,1
3503,175150,317.42,3,0.3102,-0.01,-0.000054,-0.189777,1,51.8,141.8,141.8,220.1,1
3504,175200,317.19,3,0.3102,-0.00,-0.000043,-0.189782,1,51.8,141.8,141.8,220.1,1
3505,175250,317.00,3,0.3102,-0.00,-0.000037,-0.189786,1,51.8,141.8,141.8,220.1,1
3506,175300,316.76,3,0.3102,-0.01,-0.000046,-0.189791,1,51.8,141.8,141.8,220.1,1
3507,175350,316.53,3,0.3102,-0.00,-0.000043,-0.189796,1,51.8,141.8,141.8,220.1,1
3508,175400,316.24,3,0.3101,-0.01,-0.000056,-0.189802,1,51.7,141.7,141.7,220.1,1
3509,175450,315.98,3,0.3101,-0.01,-0.000051,-0.189807,1,51.7,141.7,141.7,220.1,1
3510,175500,315.60,3,0.3101,-0.01,-0.000072,-0.189815,1,51.7,141.7,141.7,220.1,1
3511,175550,315.49,3,0.3102,-0.00,-0.000022,-0.189818,1,51.7,141.7,141.7,220.1,1
3512,175600,315.20,3,0.3101,-0.01,-0.000056,-0.189824,1,51.7,141.7,141.7,220.1,1
3513,175650,315.03,3,0.3101,-0.00,-0.000033,-0.189828,1,51.7,141.7,141.7,220.1,1
3514,175700,314.64,3,0.3101,-0.01,-0.000074,-0.189836,1,51.7,141.7,141.7,220.1,1
3515,175750,314.49,3,0.3101,-0.00,-0.000030,-0.189839,1,51.7,141.7,141.7,220.1,1
3516,175800,314.38,3,0.3101,-0.00,-0.000020,-0.189841,1,51.7,141.7,141.7,220.1,1
3517,175850,314.05,3,0.3101,-0.01,-0.000063,-0.189849,1,51.7,141.7,141.7,220.1,1
3518,175900,313.90,3,0.3101,-0.00,-0.000029,-0.189852,1,51.7,141.7,141.7,220.1,1
3519,175950,313.49,3,0.3101,-0.01,-0.000080,-0.189861,1,51.7,141.7,141.7,220.1,1
3520,176000,313.28,3,0.3101,-0.00,-0.000040,-0.189865,1,51.7,141.7,141.7,220.1,1
3521,176050,312.96,3,0.3101,-0.01,-0.000062,-0.189872,1,51.7,141.7,141.7,220.1,1
3522,176100,312.73,3,0.3101,-0.00,-0.000044,-0.189877,1,51.7,141.7,141.7,220.1,1
3523,176150,312.54,3,0.3101,-0.00,-0.000035,-0.189881,1,51.7,141.7,141.7,220.1,1
3524,176200,312.32,3,0.3101,-0.00,-0.000043,-0.189886,1,51.7,141.7,141.7,220.1,1
3525,176250,312.14,3,0.3101,-0.00,-0.000033,-0.189889,1,51.7,141.7,141.7,220.1,1
3526,176300,311.89,3,0.3101,-0.01,-0.000048,-0.189895,1,51.7,141.7,141.7,220.1,1
3527,176350,311.60,3,0.3100,-0.01,-0.000056,-0.189901,1,51.6,141.6,141.6,220.1,1
3528,176400,311.41,3,0.3101,-0.00,-0.000037,-0.189905,1,51.6,141.6,141.6,220.1,1
3529,176450,311.03,3,0.3100,-0.01,-0.000073,-0.189913,1,51.6,141.6,141.6,220.1,1
3530,176500,310.81,3,0.3100,-0.00,-0.000042,-0.189918,1,51.6,141.6,141.6,220.1,1
3531,176550,310.51,3,0.3100,-0.01,-0.000057,-0.189924,1,51.6,141.6,141.6,220.1,1
3532,176600,310.37,3,0.3100,-0.00,-0.000027,-0.189927,1,51.6,141.6,141.6,220.1,1
3533,176650,310.04,3,0.3100,-0.01,-0.000063,-0.189934,1,51.6,141.6,141.6,220.1,1
3534,176700,309.85,3,0.3100,-0.00,-0.000037,-0.189938,1,51.6,141.6,141.6,220.1,1
3535,176750,309.54,3,0.3100,-0.01,-0.000059,-0.189945,1,51.6,141.6,141.6,220.1,1
3536,176800,309.35,3,0.3100,-0.00,-0.000038,-0.189949,1,51.6,141.6,141.6,220.1,1
3537,176850,309.20,3,0.3100,-0.00,-0.000029,-0.189952,1,51.6,141.6,141.6,220.1,1
3538,176900,309.06,3,0.3100,-0.00,-0.000025,-0.189955,1,51.6,141.6,141.6,220.1,1
3539,176950,308.85,3,0.3100,-0.00,-0.000040,-0.189959,1,51.6,141.6,141.6,220.1,1
3540,177000,308.65,3,0.3100,-0.00,-0.000038,-0.189964,1,51.6,141.6,141.6,220.1,1
3541,177050,308.32,3,0.3100,-0.01,-0.000063,-0.189971,1,51.6,141.6,141.6,220.1,1
3542,177100,308.12,3,0.3100,-0.00,-0.000039,-0.189975,1,51.6,141.6,141.6,220.1,1
3543,177150,307.86,3,0.3100,-0.01,-0.000050,-0.189981,1,51.6,141.6,141.6,220.1,1
3544,177200,307.65,3,0.3100,-0.00,-0.000041,-0.189985,1,51.6,141.6,141.6,220.1,1
3545,177250,307.42,3,0.3100,-0.00,-0.000043,-0.189990,1,51.6,141.6,141.6,220.1,1
3546,177300,307.33,3,0.3100,-0.00,-0.000017,-0.189992,1,51.6,141.6,141.6,220.1,1
3547,177350,307.07,3,0.3100,-0.01,-0.000049,-0.189997,1,51.6,141.6,141.6,220.1,1
3548,177400,306.87,3,0.3100,-0.00,-0.000040,-0.190002,1,51.5,141.5,141.5,220.1,1
3549,177450,306.57,3,0.3099,-0.01,-0.000057,-0.190008,1,51.5,141.5,141.5,220.1,1
3550,177500,306.27,3,0.3099,-0.01,-0.000058,-0.190015,1,51.5,141.5,141.5,220.1,1
3551,177550,306.12,3,0.3100,-0.00,-0.000029,-0.190018,1,51.5,141.5,141.5,220.1,1
3552,177600,305.84,3,0.3099,-0.01,-0.000054,-0.190024,1,51.5,141.5,141.5,220.1,1
3553,177650,305.63,3,0.3099,-0.00,-0.000041,-0.190028,1,51.5,141.5,141.5,220.1,1
3554,177700,305.18,3,0.3099,-0.01,-0.000085,-0.190038,1,51.5,141.5,141.5,220.1,1
3555,177750,304.81,3,0.3099,-0.01,-0.000071,-0.190046,1,51.5,141.5,141.5,220.1,1
3556,177800,304.52,3,0.3099,-0.01,-0.000056,-0.190052,1,51.5,141.5,141.5,220.1,1
3557,177850,304.33,3,0.3099,-0.00,-0.000037,-0.190056,1,51.5,141.5,141.5,220.1,1
3558,177900,304.04,3,0.3099,-0.01,-0.000055,-0.190062,1,51.5,141.5,141.5,220.1,1
3559,177950,303.81,3,0.3099,-0.01,-0.000045,-0.190067,1,51.5,141.5,141.5,220.1,1
3560,178000,303.53,3,0.3099,-0.01,-0.000053,-0.190073,1,51.5,141.5,141.5,220.1,1
3561,178050,303.41,3,0.3099,-0.00,-0.000024,-0.190076,1,51.5,141.5,141.5,220.1,1
3562,178100,303.07,3,0.3099,-0.01,-0.000064,-0.190083,1,51.5,141.5,141.5,220.1,1
3563,178150,302.92,3,0.3099,-0.00,-0.000029,-0.190086,1,51.5,141.5,141.5,220.1,1
3564,178200,302.54,3,0.3098,-0.01,-0.000073,-0.190094,1,51.5,141.5,141.5,220.1,1
3565,178250,302.25,3,0.3098,-0.01,-0.000057,-0.190100,1,51.4,141.4,141.4,220.1,1
3566,178300,301.84,3,0.3098,-0.01,-0.000078,-0.190109,1,51.4,141.4,141.4,220.1,1
3567,178350,301.70,3,0.3099,-0.00,-0.000027,-0.190112,1,51.4,141.4,141.4,220.1,1
3568,178400,301.43,3,0.3098,-0.01,-0.000052,-0.190118,1,51.4,141.4,141.4,220.1,1
3569,178450,301.21,3,0.3098,-0.00,-0.000042,-0.190123,1,51.4,141.4,141.4,220.1,1
3570,178500,301.03,3,0.3098,-0.00,-0.000034,-0.190126,1,51.4,141.4,141.4,220.1,1
3571,178550,300.90,3,0.3098,-0.00,-0.000025,-0.190129,1,51.4,141.4,141.4,220.1,1
3572,178600,300.49,3,0.3098,-0.01,-0.000079,-0.190138,1,51.4,141.4,141.4,220.1,1
3573,178650,300.32,3,0.3098,-0.00,-0.000033,-0.190142,1,51.4,141.4,141.4,220.1,1
3574,178700,299.92,4,0.3000,-90.01,-0.810076,0.000000,1,51.4,141.2,51.4,220.1,1
3575,178750,299.77,4,0.3000,-89.76,-0.807856,0.000000,1,51.4,140.9,51.4,220.1,1
3576,178800,299.41,4,0.3000,-89.52,-0.805674,0.000000,1,51.4,140.7,51.4,220.1,1
3577,178850,299.26,4,0.3000,-89.27,-0.803453,0.000000,1,51.4,140.4,51.4,220.1,1
3578,178900,299.07,4,0.3000,-89.03,-0.801240,0.000000,1,51.4,140.2,51.4,220.1,1
3579,178950,298.84,4,0.3000,-88.78,-0.799033,0.000000,1,51.4,139.9,51.4,220.1,1
3580,179000,298.54,4,0.3000,-88.54,-0.796842,0.000000,1,51.4,139.7,51.4,220.1,1
3581,179050,298.29,4,0.3000,-88.29,-0.794640,0.000000,1,51.4,139.4,51.4,220.1,1
3582,179100,298.09,4,0.3000,-88.05,-0.792429,0.000000,1,51.4,139.2,51.4,220.1,1
3583,179150,297.71,4,0.3000,-87.81,-0.790250,0.000000,1,51.4,138.9,51.4,220.1,1
3584,179200,297.43,4,0.3000,-87.56,-0.788055,0.000000,1,51.3,138.7,51.3,220.1,1
3585,179250,297.11,4,0.3000,-87.32,-0.785866,0.000000,1,51.3,138.4,51.3,220.1,1
3586,179300,296.85,4,0.3000,-87.07,-0.783666,0.000000,1,51.3,138.2,51.3,220.1,1
3587,179350,296.67,4,0.3000,-86.83,-0.781452,0.000000,1,51.3,137.9,51.3,220.1,1
3588,179400,296.44,4,0.3000,-86.58,-0.779246,0.000000,1,51.3,137.7,51.3,220.1,1
3589,179450,296.02,4,0.3000,-86.34,-0.777075,0.000000,1,51.3,137.4,51.3,220.1,1
3590,179500,295.80,4,0.3000,-86.10,-0.774868,0.000000,1,51.3,137.2,51.3,220.1,1
3591,179550,295.61,4,0.3000,-85.85,-0.772655,0.000000,1,51.3,136.9,51.3,220.1,1
3592,179600,295.32,4,0.3000,-85.61,-0.770460,0.000000,1,51.3,136.7,51.3,220.1,1
3593,179650,295.12,4,0.3000,-85.36,-0.768248,0.000000,1,51.3,136.4,51.3,220.1,1
3594,179700,294.88,4,0.3000,-85.12,-0.766045,0.000000,1,51.3,136.2,51.3,220.1,1
3595,179750,294.53,4,0.3000,-84.87,-0.763862,0.000000,1,51.3,135.9,51.3,220.1,1
3596,179800,294.47,4,0.3000,-84.62,-0.761623,0.000000,1,51.3,135.7,51.3,220.1,1
3597,179850,294.20,4,0.3000,-84.38,-0.759426,0.000000,1,51.3,135.4,51.3,220.1,1
3598,179900,293.86,4,0.3000,-84.14,-0.757241,0.000000,1,51.3,135.2,51.3,220.1,1
3599,179950,293.54,4,0.3000,-83.89,-0.755053,0.000000,1,51.3,134.9,51.3,220.1,1
3600,180000,293.29,4,0.3000,-83.65,-0.752850,0.000000,1,51.3,134.7,51.3,220.1,1
3601,180050,293.19,4,0.3000,-83.40,-0.750618,0.000000,1,51.3,134.4,51.3,220.1,1
3602,180100,292.12,4,0.3000,-83.17,-0.748574,0.000000,1,51.2,134.2,51.2,220.1,1
3603,180150,291.16,4,0.3000,-82.95,-0.746508,0.000000,1,51.2,133.9,51.2,220.1,1
3604,180200,290.15,4,0.3000,-82.72,-0.744453,0.000000,1,51.2,133.7,51.2,220.1,1
3605,180250,289.97,4,0.3000,-82.47,-0.742238,0.000000,1,51.2,133.4,51.2,220.1,1
3606,180300,289.72,4,0.3000,-82.23,-0.740036,0.000000,1,51.2,133.2,51.2,220.1,1
3607,180350,289.30,4,0.3000,-81.99,-0.737865,0.000000,1,51.2,132.9,51.2,220.1,1
3608,180400,288.96,4,0.3000,-81.74,-0.735682,0.000000,1,51.2,132.7,51.2,220.1,1
3609,180450,288.84,4,0.3000,-81.49,-0.733454,0.000000,1,51.2,132.4,51.2,220.1,1
3610,180500,288.59,4,0.3000,-81.25,-0.731253,0.000000,1,51.2,132.2,51.2,220.1,1
3611,180550,288.39,4,0.3000,-81.00,-0.729041,0.000000,1,51.2,131.9,51.2,220.1,1
3612,180600,288.10,4,0.3000,-80.76,-0.726846,0.000000,1,51.1,131.7,51.1,220.1,1
3613,180650,287.84,4,0.3000,-80.52,-0.724647,0.000000,1,51.1,131.4,51.1,220.1,1
3614,180700,287.81,4,0.3000,-80.27,-0.722402,0.000000,1,51.1,131.2,51.1,220.1,1
3615,180750,287.65,4,0.3000,-80.02,-0.720182,0.000000,1,51.1,130.9,51.1,220.1,1
3616,180800,287.27,4,0.3000,-79.78,-0.718007,0.000000,1,51.1,130.7,51.1,220.1,1
3617,180850,287.11,4,0.3000,-79.53,-0.715786,0.000000,1,51.1,130.4,51.1,220.1,1
3618,180900,286.73,4,0.3000,-79.29,-0.713609,0.000000,1,51.1,130.2,51.1,220.1,1
3619,180950,286.59,4,0.3000,-79.04,-0.711387,0.000000,1,51.1,129.9,51.1,220.1,1
3620,181000,286.22,4,0.3000,-78.80,-0.709208,0.000000,1,51.1,129.7,51.1,220.1,1
3621,181050,286.10,4,0.3000,-78.55,-0.706981,0.000000,1,51.1,129.4,51.1,220.1,1
3622,181100,285.79,4,0.3000,-78.31,-0.704791,0.000000,1,51.1,129.2,51.1,220.1,1
3623,181150,285.54,4,0.3000,-78.07,-0.702588,0.000000,1,51.1,128.9,51.1,220.1,1
3624,181200,285.30,4,0.3000,-77.82,-0.700385,0.000000,1,51.1,128.7,51.1,220.1,1
3625,181250,285.22,4,0.3000,-77.57,-0.698149,0.000000,1,51.1,128.4,51.1,220.1,1
3626,181300,284.92,4,0.3000,-77.33,-0.695957,0.000000,1,51.1,128.2,51.1,220.1,1
3627,181350,284.67,4,0.3000,-77.08,-0.693756,0.000000,1,51.1,127.9,51.1,220.1,1
3628,181400,284.58,4,0.3000,-76.84,-0.691523,0.000000,1,51.1,127.7,51.1,220.1,1
3629,181450,284.21,4,0.3000,-76.59,-0.689343,0.000000,1,51.1,127.4,51.1,220.1,1
3630,181500,283.84,4,0.3000,-76.35,-0.687165,0.000000,1,51.1,127.2,51.1,220.1,1
3631,181550,283.63,4,0.3000,-76.11,-0.684954,0.000000,1,51.1,126.9,51.1,220.1,1
3632,181600,283.22,4,0.3000,-75.86,-0.682784,0.000000,1,51.0,126.7,51.0,220.1,1
3633,181650,282.87,4,0.3000,-75.62,-0.680602,0.000000,1,51.0,126.4,51.0,220.1,1
3634,181700,282.47,4,0.3000,-75.38,-0.678427,0.000000,1,51.0,126.2,51.0,220.1,1
3635,181750,282.36,4,0.3000,-75.13,-0.676199,0.000000,1,51.0,125.9,51.0,220.1,1
3636,181800,281.86,4,0.3000,-74.89,-0.674045,0.000000,1,51.0,125.7,51.0,220.1,1
3637,181850,281.84,4,0.3000,-74.64,-0.671798,0.000000,1,51.0,125.4,51.0,220.1,1
3638,181900,281.33,4,0.3000,-74.41,-0.669646,0.000000,1,51.0,125.2,51.0,220.1,1
3639,181950,281.13,4,0.3000,-74.16,-0.667435,0.000000,1,51.0,124.9,51.0,220.1,1
3640,182000,280.68,4,0.3000,-73.92,-0.665272,0.000000,1,51.0,124.7,51.0,220.1,1
3641,182050,280.34,4,0.3000,-73.68,-0.663086,0.000000,1,51.0,124.4,51.0,220.1,1
3642,182100,280.10,4,0.3000,-73.43,-0.660883,0.000000,1,51.0,124.2,51.0,220.1,1
3643,182150,279.90,4,0.3000,-73.19,-0.658671,0.000000,1,51.0,123.9,51.0,220.1,1
3644,182200,279.59,4,0.3000,-72.94,-0.656481,0.000000,1,51.0,123.7,51.0,220.1,1
3645,182250,279.39,4,0.3000,-72.70,-0.654269,0.000000,1,51.0,123.4,51.0,220.1,1
3646,182300,279.07,4,0.3000,-72.45,-0.652080,0.000000,1,51.0,123.2,51.0,220.1,1
3647,182350,278.83,4,0.3000,-72.21,-0.649876,0.000000,1,50.9,122.9,50.9,220.1,1
3648,182400,278.62,4,0.3000,-71.96,-0.647666,0.000000,1,50.9,122.7,50.9,220.1,1
3649,182450,278.26,4,0.3000,-71.72,-0.645486,0.000000,1,50.9,122.4,50.9,220.1,1
3650,182500,278.08,4,0.3000,-71.47,-0.643270,0.000000,1,50.9,122.2,50.9,220.1,1
3651,182550,277.80,4,0.3000,-71.23,-0.641075,0.000000,1,50.9,121.9,50.9,220.1,1
3652,182600,277.56,4,0.3000,-70.99,-0.638870,0.000000,1,50.9,121.7,50.9,220.1,1
3653,182650,277.20,4,0.3000,-70.74,-0.636689,0.000000,1,50.9,121.4,50.9,220.1,1
3654,182700,276.90,4,0.3000,-70.50,-0.634497,0.000000,1,50.9,121.2,50.9,220.1,1
3655,182750,276.69,4,0.3000,-70.25,-0.632288,0.000000,1,50.9,120.9,50.9,220.1,1
3656,182800,276.56,4,0.3000,-70.01,-0.630063,0.000000,1,50.9,120.7,50.9,220.1,1
3657,182850,276.40,4,0.3000,-69.76,-0.627843,0.000000,1,50.9,120.4,50.9,220.1,1
3658,182900,276.36,4,0.3000,-69.51,-0.625601,0.000000,1,50.9,120.2,50.9,220.1,1
3659,182950,276.18,4,0.3000,-69.26,-0.623385,0.000000,1,50.9,119.9,50.9,220.1,1
3660,183000,275.99,4,0.3000,-69.02,-0.621171,0.000000,1,50.9,119.7,50.9,220.1,1
3661,183050,275.62,4,0.3000,-68.78,-0.618992,0.000000,1,50.9,119.4,50.9,220.1,1
3662,183100,275.43,4,0.3000,-68.53,-0.616780,0.000000,1,50.9,119.2,50.9,220.1,1
3663,183150,275.08,4,0.3000,-68.29,-0.614596,0.000000,1,50.9,118.9,50.9,220.1,1
3664,183200,274.85,4,0.3000,-68.04,-0.612392,0.000000,1,50.9,118.7,50.9,220.1,1
3665,183250,274.75,4,0.3000,-67.80,-0.610160,0.000000,1,50.9,118.4,50.9,220.1,1
3666,183300,274.53,4,0.3000,-67.55,-0.607952,0.000000,1,50.9,118.2,50.9,220.1,1
3667,183350,274.24,4,0.3000,-67.31,-0.605758,0.000000,1,50.9,117.9,50.9,220.1,1
3668,183400,273.94,4,0.3000,-67.06,-0.603565,0.000000,1,50.8,117.7,50.8,220.1,1
3669,183450,273.71,4,0.3000,-66.82,-0.601360,0.000000,1,50.8,117.4,50.8,220.1,1
3670,183500,273.37,4,0.3000,-66.57,-0.599175,0.000000,1,50.8,117.2,50.8,220.1,1
3671,183550,273.04,4,0.3000,-66.33,-0.596989,0.000000,1,50.8,116.9,50.8,220.1,1
3672,183600,272.70,4,0.3000,-66.09,-0.594803,0.000000,1,50.8,116.7,50.8,220.1,1
3673,183650,272.27,4,0.3000,-65.85,-0.592637,0.000000,1,50.8,116.4,50.8,220.1,1
3674,183700,272.02,4,0.3000,-65.60,-0.590434,0.000000,1,50.8,116.2,50.8,220.1,1
3675,183750,271.67,4,0.3000,-65.36,-0.588251,0.000000,1,50.8,115.9,50.8,220.1,1
3676,183800,271.51,4,0.3000,-65.11,-0.586033,0.000000,1,50.8,115.7,50.8,220.1,1
3677,183850,271.15,4,0.3000,-64.87,-0.583851,0.000000,1,50.8,115.4,50.8,220.1,1
3678,183900,270.80,4,0.3000,-64.63,-0.581668,0.000000,1,50.8,115.2,50.8,220.1,1
3679,183950,270.42,4,0.3000,-64.39,-0.579492,0.000000,1,50.8,114.9,50.8,220.1,1
3680,184000,270.06,4,0.3000,-64.15,-0.577311,0.000000,1,50.8,114.7,50.8,220.1,1
3681,184050,269.97,4,0.3000,-63.90,-0.575078,0.000000,1,50.8,114.4,50.8,220.1,1
3682,184100,269.65,4,0.3000,-63.65,-0.572889,0.000000,1,50.8,114.2,50.8,220.1,1
3683,184150,269.28,4,0.3000,-63.41,-0.570711,0.000000,1,50.7,113.9,50.7,220.1,1
3684,184200,269.01,4,0.3000,-63.17,-0.568513,0.000000,1,50.7,113.7,50.7,220.1,1
3685,184250,268.78,4,0.3000,-62.92,-0.566307,0.000000,1,50.7,113.4,50.7,220.1,1
3686,184300,268.38,4,0.3000,-62.68,-0.564133,0.000000,1,50.7,113.2,50.7,220.1,1
3687,184350,268.02,4,0.3000,-62.44,-0.561952,0.000000,1,50.7,112.9,50.7,220.1,1
3688,184400,267.16,4,0.3000,-62.21,-0.559867,0.000000,1,50.7,112.7,50.7,220.1,1
3689,184450,266.82,4,0.3000,-61.96,-0.557683,0.000000,1,50.7,112.4,50.7,220.1,1
3690,184500,266.15,4,0.3000,-61.73,-0.555561,0.000000,1,50.7,112.2,50.7,220.1,1
3691,184550,265.88,4,0.3000,-61.48,-0.553363,0.000000,1,50.7,111.9,50.7,220.1,1
3692,184600,265.83,4,0.3000,-61.24,-0.551123,0.000000,1,50.7,111.7,50.7,220.1,1
3693,184650,265.70,4,0.3000,-60.99,-0.548898,0.000000,1,50.7,111.4,50.7,220.1,1
3694,184700,265.14,4,0.3000,-60.75,-0.546755,0.000000,1,50.7,111.2,50.7,220.1,1
3695,184750,264.74,4,0.3000,-60.51,-0.544582,0.000000,1,50.6,110.9,50.6,220.1,1
3696,184800,264.10,4,0.3000,-60.27,-0.542455,0.000000,1,50.6,110.7,50.6,220.1,1
3697,184850,263.80,4,0.3000,-60.03,-0.540263,0.000000,1,50.6,110.4,50.6,220.1,1
3698,184900,263.38,4,0.3000,-59.79,-0.538092,0.000000,1,50.6,110.2,50.6,220.1,1
3699,184950,263.05,4,0.3000,-59.55,-0.535906,0.000000,1,50.6,109.9,50.6,220.1,1
3700,185000,262.57,4,0.3000,-59.31,-0.533749,0.000000,1,50.6,109.7,50.6,220.1,1
3701,185050,262.26,4,0.3000,-59.06,-0.531559,0.000000,1,50.6,109.4,50.6,220.1,1
3702,185100,261.74,4,0.3000,-58.82,-0.529408,0.000000,1,50.6,109.2,50.6,220.1,1
3703,185150,261.34,4,0.3000,-58.58,-0.527234,0.000000,1,50.6,108.9,50.6,220.1,1
3704,185200,261.00,4,0.3000,-58.34,-0.525050,0.000000,1,50.6,108.7,50.6,220.1,1
3705,185250,260.59,4,0.3000,-58.10,-0.522878,0.000000,1,50.6,108.4,50.6,220.1,1
3706,185300,260.19,4,0.3000,-57.86,-0.520707,0.000000,1,50.6,108.2,50.6,220.1,1
3707,185350,259.93,4,0.3000,-57.61,-0.518507,0.000000,1,50.5,107.9,50.5,220.1,1
3708,185400,259.52,4,0.3000,-57.37,-0.516335,0.000000,1,50.5,107.7,50.5,220.1,1
3709,185450,259.13,4,0.3000,-57.13,-0.514159,0.000000,1,50.5,107.4,50.5,220.1,1
3710,185500,258.74,4,0.3000,-56.89,-0.511985,0.000000,1,50.5,107.2,50.5,220.1,1
3711,185550,258.53,4,0.3000,-56.64,-0.509774,0.000000,1,50.5,106.9,50.5,220.1,1
3712,185600,258.06,4,0.3000,-56.40,-0.507614,0.000000,1,50.5,106.7,50.5,220.1,1
3713,185650,257.80,4,0.3000,-56.16,-0.505414,0.000000,1,50.5,106.4,50.5,220.1,1
3714,185700,257.18,4,0.3000,-55.92,-0.503283,0.000000,1,50.5,106.2,50.5,220.1,1
3715,185750,256.86,4,0.3000,-55.68,-0.501096,0.000000,1,50.5,105.9,50.5,220.1,1
3716,185800,256.43,4,0.3000,-55.44,-0.498928,0.000000,1,50.5,105.7,50.5,220.1,1
3717,185850,255.97,4,0.3000,-55.20,-0.496765,0.000000,1,50.5,105.4,50.5,220.1,1
3718,185900,255.57,4,0.3000,-54.95,-0.494592,0.000000,1,50.5,105.2,50.5,220.1,1
3719,185950,254.89,4,0.3000,-54.72,-0.492473,0.000000,1,50.4,104.9,50.4,220.1,1
3720,186000,254.69,4,0.3000,-54.47,-0.490262,0.000000,1,50.4,104.7,50.4,220.1,1
3721,186050,254.42,4,0.3000,-54.23,-0.488064,0.000000,1,50.4,104.4,50.4,220.1,1
3722,186100,254.13,4,0.3000,-53.99,-0.485870,0.000000,1,50.4,104.2,50.4,220.1,1
3723,186150,253.82,4,0.3000,-53.74,-0.483680,0.000000,1,50.4,103.9,50.4,220.1,1
3724,186200,253.57,4,0.3000,-53.50,-0.481477,0.000000,1,50.4,103.7,50.4,220.1,1
3725,186250,253.40,4,0.3000,-53.25,-0.479259,0.000000,1,50.4,103.4,50.4,220.1,1
3726,186300,253.20,4,0.3000,-53.01,-0.477047,0.000000,1,50.4,103.2,50.4,220.1,1
3727,186350,252.64,4,0.3000,-52.77,-0.474905,0.000000,1,50.4,102.9,50.4,220.1,1
3728,186400,252.34,4,0.3000,-52.52,-0.472713,0.000000,1,50.4,102.7,50.4,220.1,1
3729,186450,251.74,4,0.3000,-52.29,-0.470579,0.000000,1,50.4,102.4,50.4,220.1,1
3730,186500,251.42,4,0.3000,-52.04,-0.468389,0.000000,1,50.4,102.2,50.4,220.1,1
3731,186550,250.77,4,0.3000,-51.81,-0.466265,0.000000,1,50.4,101.9,50.4,220.1,1
3732,186600,250.53,4,0.3000,-51.56,-0.464061,0.000000,1,50.3,101.7,50.3,220.1,1
3733,186650,249.85,4,0.3000,-51.33,-0.461940,0.000000,1,50.3,101.4,50.3,220.1,1
3734,186700,249.76,4,0.3000,-51.08,-0.459709,0.000000,1,50.3,101.2,50.3,220.1,1
3735,186750,249.58,4,0.3000,-50.83,-0.457493,0.000000,1,50.3,100.9,50.3,220.1,1
3736,186800,249.12,4,0.3000,-50.59,-0.455331,0.000000,1,50.3,100.7,50.3,220.1,1
3737,186850,248.52,4,0.3000,-50.36,-0.453196,0.000000,1,50.3,100.4,50.3,220.1,1
3738,186900,248.07,4,0.3000,-50.11,-0.451034,0.000000,1,50.3,100.2,50.3,220.1,1
3739,186950,247.71,4,0.3000,-49.87,-0.448852,0.000000,1,50.3,99.9,50.3,220.1,1
3740,187000,247.40,4,0.3000,-49.63,-0.446661,0.000000,1,50.3,99.7,50.3,220.1,1
3741,187050,246.66,4,0.3000,-49.39,-0.444553,0.000000,1,50.3,99.4,50.3,220.1,1
3742,187100,246.26,4,0.3000,-49.15,-0.442380,0.000000,1,50.3,99.2,50.3,220.1,1
3743,187150,245.57,4,0.3000,-48.92,-0.440262,0.000000,1,50.2,98.9,50.2,220.1,1
3744,187200,245.17,4,0.3000,-48.68,-0.438091,0.000000,1,50.2,98.7,50.2,220.1,1
3745,187250,244.50,4,0.3000,-48.44,-0.435968,0.000000,1,50.2,98.4,50.2,220.1,1
3746,187300,244.27,4,0.3000,-48.20,-0.433762,0.000000,1,50.2,98.2,50.2,220.1,1
3747,187350,243.77,4,0.3000,-47.96,-0.431609,0.000000,1,50.2,97.9,50.2,220.1,1
3748,187400,243.51,4,0.3000,-47.71,-0.429408,0.000000,1,50.2,97.7,50.2,220.1,1
3749,187450,242.90,4,0.3000,-47.48,-0.427277,0.000000,1,50.2,97.4,50.2,220.1,1
3750,187500,242.36,4,0.3000,-47.24,-0.425130,0.000000,1,50.2,97.2,50.2,220.1,1
3751,187550,241.83,4,0.3000,-47.00,-0.422981,0.000000,1,50.2,96.9,50.2,220.1,1
3752,187600,241.47,4,0.3000,-46.76,-0.420801,0.000000,1,50.2,96.7,50.2,220.1,1
3753,187650,240.89,4,0.3000,-46.52,-0.418662,0.000000,1,50.1,96.4,50.1,220.1,1
3754,187700,240.38,4,0.3000,-46.28,-0.416511,0.000000,1,50.1,96.2,50.1,220.1,1
3755,187750,240.08,4,0.3000,-46.04,-0.414318,0.000000,1,50.1,95.9,50.1,220.1,1
3756,187800,239.56,4,0.3000,-45.80,-0.412167,0.000000,1,50.1,95.7,50.1,220.1,1
3757,187850,239.28,4,0.3000,-45.55,-0.409970,0.000000,1,50.1,95.4,50.1,220.1,1
3758,187900,238.87,4,0.3000,-45.31,-0.407800,0.000000,1,50.1,95.2,50.1,220.1,1
3759,187950,238.43,4,0.3000,-45.07,-0.405634,0.000000,1,50.1,94.9,50.1,220.1,1
3760,188000,237.83,4,0.3000,-44.83,-0.403500,0.000000,1,50.1,94.7,50.1,220.1,1
3761,188050,237.58,4,0.3000,-44.59,-0.401297,0.000000,1,50.1,94.4,50.1,220.1,1
3762,188100,237.08,4,0.3000,-44.35,-0.399144,0.000000,1,50.1,94.2,50.1,220.1,1
3763,188150,236.90,4,0.3000,-44.10,-0.396929,0.000000,1,50.1,93.9,50.1,220.1,1
3764,188200,236.46,4,0.3000,-43.86,-0.394762,0.000000,1,50.0,93.7,50.0,220.1,1
3765,188250,236.11,4,0.3000,-43.62,-0.392580,0.000000,1,50.0,93.4,50.0,220.1,1
3766,188300,235.79,4,0.3000,-43.38,-0.390391,0.000000,1,50.0,93.2,50.0,220.1,1
3767,188350,235.45,4,0.3000,-43.13,-0.388206,0.000000,1,50.0,92.9,50.0,220.1,1
3768,188400,235.10,4,0.3000,-42.89,-0.386023,0.000000,1,50.0,92.7,50.0,220.1,1
3769,188450,234.93,4,0.3000,-42.65,-0.383807,0.000000,1,50.0,92.4,50.0,220.1,1
3770,188500,234.56,4,0.3000,-42.40,-0.381628,0.000000,1,50.0,92.2,50.0,220.1,1
3771,188550,234.26,4,0.3000,-42.16,-0.379435,0.000000,1,50.0,91.9,50.0,220.1,1
3772,188600,233.91,4,0.3000,-41.92,-0.377253,0.000000,1,50.0,91.7,50.0,220.1,1
3773,188650,233.78,4,0.3000,-41.67,-0.375027,0.000000,1,50.0,91.4,50.0,220.1,1
3774,188700,233.41,4,0.3000,-41.43,-0.372849,0.000000,1,50.0,91.2,50.0,220.1,1
3775,188750,233.14,4,0.3000,-41.18,-0.370650,0.000000,1,50.0,90.9,50.0,220.1,1
3776,188800,232.72,4,0.3000,-40.94,-0.368481,0.000000,1,50.0,90.7,50.0,220.1,1
3777,188850,232.43,4,0.3000,-40.70,-0.366287,0.000000,1,50.0,90.4,50.0,220.1,1
3778,188900,232.07,4,0.3000,-40.46,-0.364105,0.000000,1,50.0,90.2,50.0,220.1,1
3779,188950,231.78,4,0.3000,-40.21,-0.361911,0.000000,1,49.9,89.9,49.9,220.1,1
3780,189000,231.44,4,0.3000,-39.97,-0.359727,0.000000,1,49.9,89.7,49.9,220.1,1
3781,189050,231.32,4,0.3000,-39.72,-0.357500,0.000000,1,49.9,89.4,49.9,220.1,1
3782,189100,230.90,4,0.3000,-39.48,-0.355331,0.000000,1,49.9,89.2,49.9,220.1,1
3783,189150,230.66,4,0.3000,-39.24,-0.353126,0.000000,1,49.9,88.9,49.9,220.1,1
3784,189200,230.12,4,0.3000,-39.00,-0.350980,0.000000,1,49.9,88.7,49.9,220.1,1
3785,189250,229.78,4,0.3000,-38.76,-0.348796,0.000000,1,49.9,88.4,49.9,220.1,1
3786,189300,229.15,4,0.3000,-38.52,-0.346666,0.000000,1,49.9,88.2,49.9,220.1,1
3787,189350,228.80,4,0.3000,-38.28,-0.344484,0.000000,1,49.9,87.9,49.9,220.1,1
3788,189400,228.38,4,0.3000,-38.03,-0.342314,0.000000,1,49.9,87.7,49.9,220.1,1
3789,189450,228.03,4,0.3000,-37.79,-0.340130,0.000000,1,49.9,87.4,49.9,220.1,1
3790,189500,227.65,4,0.3000,-37.55,-0.337955,0.000000,1,49.9,87.2,49.9,220.1,1
3791,189550,227.49,4,0.3000,-37.30,-0.335736,0.000000,1,49.9,86.9,49.9,220.1,1
3792,189600,227.23,4,0.3000,-37.06,-0.333535,0.000000,1,49.8,86.7,49.8,220.1,1
3793,189650,226.72,4,0.3000,-36.82,-0.331383,0.000000,1,49.8,86.4,49.8,220.1,1
3794,189700,226.65,4,0.3000,-36.57,-0.329147,0.000000,1,49.8,86.2,49.8,220.1,1
3795,189750,226.21,4,0.3000,-36.33,-0.326980,0.000000,1,49.8,85.9,49.8,220.1,1
3796,189800,225.91,4,0.3000,-36.09,-0.324788,0.000000,1,49.8,85.7,49.8,220.1,1
3797,189850,225.65,4,0.3000,-35.84,-0.322589,0.000000,1,49.8,85.4,49.8,220.1,1
3798,189900,225.32,4,0.3000,-35.60,-0.320402,0.000000,1,49.8,85.2,49.8,220.1,1
3799,189950,224.93,4,0.3000,-35.36,-0.318227,0.000000,1,49.8,84.9,49.8,220.1,1
3800,190000,224.74,4,0.3000,-35.11,-0.316014,0.000000,1,49.8,84.7,49.8,220.1,1
3801,190050,224.34,4,0.3000,-34.87,-0.313840,0.000000,1,49.8,84.4,49.8,220.1,1
3802,190100,224.13,4,0.3000,-34.63,-0.311631,0.000000,1,49.8,84.2,49.8,220.1,1
3803,190150,223.87,4,0.3000,-34.38,-0.309429,0.000000,1,49.8,83.9,49.8,220.1,1
3804,190200,223.71,4,0.3000,-34.13,-0.307211,0.000000,1,49.8,83.7,49.8,220.1,1
3805,190250,223.35,4,0.3000,-33.89,-0.305030,0.000000,1,49.8,83.4,49.8,220.1,1
3806,190300,223.16,4,0.3000,-33.65,-0.302816,0.000000,1,49.8,83.2,49.8,220.1,1
3807,190350,222.96,4,0.3000,-33.40,-0.300606,0.000000,1,49.8,82.9,49.8,220.1,1
3808,190400,222.78,4,0.3000,-33.15,-0.298389,0.000000,1,49.8,82.7,49.8,220.1,1
3809,190450,222.55,4,0.3000,-32.91,-0.296184,0.000000,1,49.7,82.4,49.7,220.1,1
3810,190500,222.33,4,0.3000,-32.66,-0.293976,0.000000,1,49.7,82.2,49.7,220.1,1
3811,190550,221.98,4,0.3000,-32.42,-0.291793,0.000000,1,49.7,81.9,49.7,220.1,1
3812,190600,221.79,4,0.3000,-32.18,-0.289579,0.000000,1,49.7,81.7,49.7,220.1,1
3813,190650,221.38,4,0.3000,-31.93,-0.287408,0.000000,1,49.7,81.4,49.7,220.1,1
3814,190700,221.23,4,0.3000,-31.69,-0.285187,0.000000,1,49.7,81.2,49.7,220.1,1
3815,190750,220.89,4,0.3000,-31.44,-0.283003,0.000000,1,49.7,80.9,49.7,220.1,1
3816,190800,220.73,4,0.3000,-31.20,-0.280784,0.000000,1,49.7,80.7,49.7,220.1,1
3817,190850,220.43,4,0.3000,-30.95,-0.278591,0.000000,1,49.7,80.4,49.7,220.1,1
3818,190900,220.18,4,0.3000,-30.71,-0.276388,0.000000,1,49.7,80.2,49.7,220.1,1
3819,190950,219.72,4,0.3000,-30.47,-0.274228,0.000000,1,49.7,79.9,49.7,220.1,1
3820,191000,219.58,4,0.3000,-30.22,-0.272004,0.000000,1,49.7,79.7,49.7,220.1,1
3821,191050,219.29,4,0.3000,-29.98,-0.269809,0.000000,1,49.7,79.4,49.7,220.1,1
3822,191100,218.82,4,0.3000,-29.74,-0.267649,0.000000,1,49.7,79.2,49.7,220.1,1
3823,191150,218.71,4,0.3000,-29.49,-0.265422,0.000000,1,49.7,78.9,49.7,220.1,1
3824,191200,218.51,4,0.3000,-29.25,-0.263209,0.000000,1,49.7,78.7,49.7,220.1,1
3825,191250,218.39,4,0.3000,-29.00,-0.260983,0.000000,1,49.7,78.4,49.7,220.1,1
3826,191300,217.98,4,0.3000,-28.76,-0.258812,0.000000,1,49.7,78.2,49.7,220.1,1
3827,191350,217.84,4,0.3000,-28.51,-0.256588,0.000000,1,49.6,77.9,49.6,220.1,1
3828,191400,217.64,4,0.3000,-28.26,-0.254376,0.000000,1,49.6,77.7,49.6,220.1,1
3829,191450,217.36,4,0.3000,-28.02,-0.252179,0.000000,1,49.6,77.4,49.6,220.1,1
3830,191500,217.06,4,0.3000,-27.78,-0.249988,0.000000,1,49.6,77.2,49.6,220.1,1
3831,191550,216.86,4,0.3000,-27.53,-0.247776,0.000000,1,49.6,76.9,49.6,220.1,1
3832,191600,216.55,4,0.3000,-27.29,-0.245586,0.000000,1,49.6,76.7,49.6,220.1,1
3833,191650,216.16,4,0.3000,-27.05,-0.243411,0.000000,1,49.6,76.4,49.6,220.1,1
3834,191700,215.74,4,0.3000,-26.80,-0.241241,0.000000,1,49.6,76.2,49.6,220.1,1
3835,191750,215.56,4,0.3000,-26.56,-0.239026,0.000000,1,49.6,75.9,49.6,220.1,1
3836,191800,215.27,4,0.3000,-26.31,-0.236832,0.000000,1,49.6,75.7,49.6,220.1,1
3837,191850,215.12,4,0.3000,-26.07,-0.234611,0.000000,1,49.6,75.4,49.6,220.1,1
3838,191900,214.62,4,0.3000,-25.83,-0.232455,0.000000,1,49.6,75.2,49.6,220.1,1
3839,191950,214.45,4,0.3000,-25.58,-0.230240,0.000000,1,49.6,74.9,49.6,220.1,1
3840,192000,214.26,4,0.3000,-25.34,-0.228026,0.000000,1,49.6,74.7,49.6,220.1,1
3841,192050,214.00,4,0.3000,-25.09,-0.225825,0.000000,1,49.6,74.4,49.6,220.1,1
3842,192100,213.66,4,0.3000,-24.85,-0.223640,0.000000,1,49.6,74.2,49.6,220.1,1
3843,192150,213.42,4,0.3000,-24.60,-0.221437,0.000000,1,49.6,73.9,49.6,220.1,1
3844,192200,213.07,4,0.3000,-24.36,-0.219255,0.000000,1,49.5,73.7,49.5,220.1,1
3845,192250,212.89,4,0.3000,-24.12,-0.217038,0.000000,1,49.5,73.4,49.5,220.1,1
3846,192300,212.53,4,0.3000,-23.87,-0.214859,0.000000,1,49.5,73.2,49.5,220.1,1
3847,192350,212.41,4,0.3000,-23.63,-0.212630,0.000000,1,49.5,72.9,49.5,220.1,1
3848,192400,212.09,4,0.3000,-23.38,-0.210442,0.000000,1,49.5,72.7,49.5,220.1,1
3849,192450,211.84,4,0.3000,-23.14,-0.208241,0.000000,1,49.5,72.4,49.5,220.1,1
3850,192500,211.59,4,0.3000,-22.89,-0.206039,0.000000,1,49.5,72.2,49.5,220.1,1
3851,192550,211.31,4,0.3000,-22.65,-0.203841,0.000000,1,49.5,71.9,49.5,220.1,1
3852,192600,211.30,4,0.3000,-22.40,-0.201595,0.000000,1,49.5,71.7,49.5,220.1,1
3853,192650,211.09,4,0.3006,-22.15,-0.199385,0.000000,1,49.5,71.4,49.5,220.1,1
3854,192700,210.65,4,0.3028,-21.91,-0.197219,0.000000,1,49.5,71.2,49.5,220.1,1
3855,192750,210.42,4,0.3050,-21.67,-0.195013,0.000000,1,49.5,70.9,49.5,220.1,1
3856,192800,210.17,4,0.3072,-21.42,-0.192810,0.000000,1,49.5,70.7,49.5,220.1,1
3857,192850,209.99,4,0.3094,-21.18,-0.190595,0.000000,1,49.5,70.4,49.5,220.1,1
3858,192900,209.77,4,0.3116,-20.93,-0.188388,0.000000,1,49.5,70.2,49.5,220.1,1
3859,192950,209.66,4,0.3138,-20.68,-0.186159,0.000000,1,49.5,69.9,49.5,220.1,1
3860,193000,209.52,4,0.3161,-20.44,-0.183936,0.000000,1,49.5,69.7,49.5,220.1,1
3861,193050,209.30,4,0.3183,-20.19,-0.181728,0.000000,1,49.5,69.4,49.5,220.1,1
3862,193100,209.07,4,0.3005,-19.95,-0.179522,-0.019947,1,49.5,69.2,49.5,220.1,1
3863,193150,208.62,4,0.3027,-19.71,-0.177358,-0.019947,1,49.5,68.9,49.5,220.1,1
3864,193200,208.44,4,0.3049,-19.46,-0.175143,-0.019947,1,49.4,68.7,49.4,220.1,1
3865,193250,208.09,4,0.3071,-19.22,-0.172960,-0.019947,1,49.4,68.4,49.4,220.1,1
3866,193300,208.10,4,0.3093,-18.97,-0.170708,-0.019947,1,49.4,68.2,49.4,220.1,1
3867,193350,207.80,4,0.3115,-18.72,-0.168516,-0.019947,1,49.4,67.9,49.4,220.1,1
3868,193400,207.70,4,0.3138,-18.48,-0.166285,-0.019947,1,49.4,67.7,49.4,220.1,1
3869,193450,207.39,4,0.3160,-18.23,-0.164096,-0.019947,1,49.4,67.4,49.4,220.1,1
3870,193500,207.16,4,0.3002,-17.99,-0.161890,-0.037935,1,49.4,67.2,49.4,220.1,1
3871,193550,206.90,4,0.3024,-17.74,-0.159688,-0.037935,1,49.4,66.9,49.4,220.1,1
3872,193600,206.79,4,0.3046,-17.50,-0.157460,-0.037935,1,49.4,66.7,49.4,220.1,1
3873,193650,206.46,4,0.3068,-17.25,-0.155273,-0.037935,1,49.4,66.4,49.4,220.1,1
3874,193700,206.29,4,0.3090,-17.01,-0.153056,-0.037935,1,49.4,66.2,49.4,220.1,1
3875,193750,205.99,4,0.3112,-16.76,-0.150864,-0.037935,1,49.4,65.9,49.4,220.1,1
3876,193800,205.77,4,0.3134,-16.52,-0.148656,-0.037935,1,49.4,65.7,49.4,220.1,1
3877,193850,205.44,4,0.3156,-16.27,-0.146469,-0.037935,1,49.4,65.4,49.4,220.1,1
3878,193900,205.33,4,0.3018,-16.03,-0.144240,-0.053961,1,49.4,65.2,49.4,220.1,1
3879,193950,205.07,4,0.3040,-15.78,-0.142040,-0.053961,1,49.4,64.9,49.4,220.1,1
3880,194000,204.81,4,0.3062,-15.54,-0.139840,-0.053961,1,49.4,64.7,49.4,220.1,1
3881,194050,204.51,4,0.3084,-15.29,-0.137648,-0.053961,1,49.4,64.4,49.4,220.1,1
3882,194100,204.24,4,0.3106,-15.05,-0.135450,-0.053961,1,49.4,64.2,49.4,220.1,1
3883,194150,203.81,4,0.3128,-14.81,-0.133283,-0.053961,1,49.3,63.9,49.3,220.1,1
3884,194200,203.62,4,0.3004,-14.56,-0.131068,-0.068525,1,49.3,63.7,49.3,220.1,1
3885,194250,203.31,4,0.3026,-14.32,-0.128879,-0.068525,1,49.3,63.4,49.3,220.1,1
3886,194300,202.98,4,0.3048,-14.08,-0.126691,-0.068525,1,49.3,63.2,49.3,220.1,1
3887,194350,202.69,4,0.3070,-13.83,-0.124497,-0.068525,1,49.3,62.9,49.3,220.1,1
3888,194400,202.44,4,0.3092,-13.59,-0.122295,-0.068525,1,49.3,62.7,49.3,220.1,1
3889,194450,202.26,4,0.3114,-13.34,-0.120079,-0.068525,1,49.3,62.4,49.3,220.1,1
3890,194500,202.01,4,0.3005,-13.10,-0.117879,-0.081622,1,49.3,62.2,49.3,220.1,1
3891,194550,201.72,4,0.3027,-12.85,-0.115684,-0.081622,1,49.3,61.9,49.3,220.1,1
3892,194600,201.52,4,0.3049,-12.61,-0.113472,-0.081622,1,49.3,61.7,49.3,220.1,1
3893,194650,201.08,4,0.3071,-12.37,-0.111306,-0.081622,1,49.3,61.4,49.3,220.1,1
3894,194700,200.88,4,0.3093,-12.12,-0.109095,-0.081622,1,49.3,61.2,49.3,220.1,1
3895,194750,200.72,4,0.3115,-11.88,-0.106875,-0.081622,1,49.3,60.9,49.3,220.1,1
3896,194800,200.52,4,0.3021,-11.63,-0.104665,-0.093252,1,49.3,60.7,49.3,220.1,1
3897,194850,200.40,4,0.3043,-11.38,-0.102438,-0.093252,1,49.3,60.4,49.3,220.1,1
3898,194900,200.04,4,0.3065,-11.14,-0.100255,-0.093252,1,49.3,60.2,49.3,220.1,1
3899,194950,199.78,4,0.3087,-10.90,-0.098056,-0.093252,1,49.3,59.9,49.3,220.1,1
3900,195000,199.50,4,0.3002,-10.65,-0.095860,-0.103903,1,49.3,59.7,49.3,220.1,1
3901,195050,199.20,4,0.3024,-10.41,-0.093667,-0.103903,1,49.3,59.4,49.3,220.1,1
3902,195100,198.93,4,0.3046,-10.16,-0.091470,-0.103903,1,49.2,59.2,49.2,220.1,1
3903,195150,198.65,4,0.3068,-9.92,-0.089272,-0.103903,1,49.2,58.9,49.2,220.1,1
3904,195200,198.29,4,0.3090,-9.68,-0.087092,-0.103903,1,49.2,58.7,49.2,220.1,1
3905,195250,198.03,4,0.3018,-9.43,-0.084892,-0.113335,1,49.2,58.4,49.2,220.1,1
3906,195300,197.74,4,0.3040,-9.19,-0.082698,-0.113335,1,49.2,58.2,49.2,220.1,1
3907,195350,197.54,4,0.3062,-8.94,-0.080485,-0.113335,1,49.2,57.9,49.2,220.1,1
3908,195400,197.24,4,0.3084,-8.70,-0.078294,-0.113335,1,49.2,57.7,49.2,220.1,1
3909,195450,197.03,4,0.3021,-8.45,-0.076085,-0.121789,1,49.2,57.4,49.2,220.1,1
3910,195500,196.70,4,0.3043,-8.21,-0.073897,-0.121789,1,49.2,57.2,49.2,220.1,1
3911,195550,196.56,4,0.3065,-7.96,-0.071675,-0.121789,1,49.2,56.9,49.2,220.1,1
3912,195600,196.30,4,0.3010,-7.72,-0.069475,-0.129508,1,49.2,56.7,49.2,220.1,1
3913,195650,196.05,4,0.3032,-7.47,-0.067272,-0.129508,1,49.2,56.4,49.2,220.1,1
3914,195700,195.70,4,0.3054,-7.23,-0.065089,-0.129508,1,49.2,56.2,49.2,220.1,1
3915,195750,195.50,4,0.3006,-6.99,-0.062878,-0.136495,1,49.2,55.9,49.2,220.1,1
3916,195800,195.14,4,0.3028,-6.74,-0.060696,-0.136495,1,49.2,55.7,49.2,220.1,1
3917,195850,194.88,4,0.3050,-6.50,-0.058497,-0.136495,1,49.2,55.4,49.2,220.1,1
3918,195900,194.40,4,0.3009,-6.26,-0.056339,-0.142755,1,49.1,55.2,49.1,220.1,1
3919,195950,194.33,4,0.3031,-6.01,-0.054102,-0.142755,1,49.1,54.9,49.1,220.1,1
3920,196000,194.01,4,0.3053,-5.77,-0.051914,-0.142755,1,49.1,54.7,49.1,220.1,1
3921,196050,193.77,4,0.3020,-5.52,-0.049710,-0.148278,1,49.1,54.4,49.1,220.1,1
3922,196100,193.48,4,0.3042,-5.28,-0.047517,-0.148278,1,49.1,54.2,49.1,220.1,1
3923,196150,193.31,4,0.3014,-5.03,-0.045299,-0.153311,1,49.1,53.9,49.1,220.1,1
3924,196200,193.03,4,0.3036,-4.79,-0.043102,-0.153311,1,49.1,53.7,49.1,220.1,1
3925,196250,192.91,4,0.3013,-4.54,-0.040875,-0.157853,1,49.1,53.4,49.1,220.1,1
3926,196300,192.60,4,0.3035,-4.30,-0.038684,-0.157853,1,49.1,53.2,49.1,220.1,1
3927,196350,192.28,4,0.3016,-4.06,-0.036496,-0.161908,1,49.1,52.9,49.1,220.1,1
3928,196400,191.93,4,0.3038,-3.81,-0.034313,-0.161908,1,49.1,52.7,49.1,220.1,1
3929,196450,191.67,4,0.3024,-3.57,-0.032114,-0.165476,1,49.1,52.4,49.1,220.1,1
3930,196500,191.48,4,0.3013,-3.32,-0.029900,-0.168799,1,49.1,52.2,49.1,220.1,1
3931,196550,191.07,4,0.3004,-3.08,-0.027729,-0.171880,1,49.1,51.9,49.1,220.1,1
3932,196600,190.87,4,0.3026,-2.84,-0.025517,-0.171880,1,49.1,51.7,49.1,220.1,1
3933,196650,190.61,4,0.3022,-2.59,-0.023317,-0.174470,1,49.1,51.4,49.1,220.1,1
3934,196700,190.38,4,0.3021,-2.35,-0.021111,-0.176816,1,49.1,51.2,49.1,220.1,1
3935,196750,190.10,4,0.3022,-2.10,-0.018914,-0.178918,1,49.1,50.9,49.1,220.1,1
3936,196800,189.94,4,0.3025,-1.86,-0.016696,-0.180773,1,49.1,50.7,49.1,220.1,1
3937,196850,189.56,4,0.3031,-1.61,-0.014518,-0.182386,1,49.0,50.4,49.0,220.1,1
3938,196900,189.29,4,0.3039,-1.37,-0.012320,-0.183755,1,49.0,50.2,49.0,220.1,1
3939,196950,188.93,4,0.3050,-1.13,-0.010140,-0.184881,1,49.0,49.9,49.0,220.1,1
3940,197000,188.66,4,0.3063,-0.88,-0.007941,-0.185764,1,49.0,49.7,49.0,220.1,1
3941,197050,188.23,4,0.3078,-0.64,-0.005775,-0.186405,1,49.0,49.4,49.0,220.1,1
3942,197100,187.94,4,0.3096,-0.40,-0.003580,-0.186803,1,49.0,49.2,49.0,220.1,1
3943,197150,187.53,4,0.3116,-0.16,-0.001409,-0.186960,1,49.0,49.0,49.0,220.1,1
3944,197200,187.17,4,0.3130,-0.01,-0.000068,-0.186967,1,49.0,49.0,49.0,220.1,1
3945,197250,186.87,4,0.3130,-0.01,-0.000058,-0.186974,1,49.0,49.0,49.0,220.1,1
3946,197300,186.55,4,0.3130,-0.01,-0.000061,-0.186980,1,49.0,49.0,49.0,220.1,1
3947,197350,186.15,4,0.3129,-0.01,-0.000077,-0.186989,1,49.0,49.0,49.0,220.1,1
3948,197400,185.92,4,0.3130,-0.01,-0.000045,-0.186994,1,49.0,49.0,49.0,220.1,1
3949,197450,185.66,4,0.3130,-0.01,-0.000050,-0.187000,1,49.0,49.0,49.0,220.1,1
3950,197500,185.47,4,0.3130,-0.00,-0.000035,-0.187003,1,49.0,49.0,49.0,220.1,1
3951,197550,185.09,4,0.3129,-0.01,-0.000073,-0.187012,1,48.9,48.9,48.9,220.1,1
3952,197600,184.95,4,0.3130,-0.00,-0.000028,-0.187015,1,48.9,48.9,48.9,220.1,1
3953,197650,184.64,4,0.3129,-0.01,-0.000059,-0.187021,1,48.9,48.9,48.9,220.1,1
3954,197700,184.42,4,0.3129,-0.00,-0.000042,-0.187026,1,48.9,48.9,48.9,220.1,1
3955,197750,184.14,4,0.3129,-0.01,-0.000054,-0.187032,1,48.9,48.9,48.9,220.1,1
3956,197800,183.85,4,0.3129,-0.01,-0.000056,-0.187038,1,48.9,48.9,48.9,220.1,1
3957,197850,183.42,4,0.3129,-0.01,-0.000083,-0.187047,1,48.9,48.9,48.9,220.1,1
3958,197900,183.09,4,0.3129,-0.01,-0.000064,-0.187054,1,48.9,48.9,48.9,220.1,1
3959,197950,182.84,4,0.3129,-0.01,-0.000047,-0.187060,1,48.9,48.9,48.9,220.1,1
3960,198000,182.56,4,0.3129,-0.01,-0.000053,-0.187066,1,48.9,48.9,48.9,220.1,1
3961,198050,182.15,4,0.3128,-0.01,-0.000079,-0.187074,1,48.9,48.9,48.9,220.1,1
3962,198100,181.87,4,0.3129,-0.01,-0.000054,-0.187080,1,48.9,48.9,48.9,220.1,1
3963,198150,181.58,4,0.3129,-0.01,-0.000055,-0.187086,1,48.9,48.9,48.9,220.1,1
3964,198200,181.36,4,0.3129,-0.00,-0.000042,-0.187091,1,48.9,48.9,48.9,220.1,1
3965,198250,181.19,4,0.3129,-0.00,-0.000033,-0.187095,1,48.9,48.9,48.9,220.1,1
3966,198300,180.89,4,0.3128,-0.01,-0.000057,-0.187101,1,48.9,48.9,48.9,220.1,1
3967,198350,180.74,4,0.3129,-0.00,-0.000029,-0.187104,1,48.9,48.9,48.9,220.1,1
3968,198400,180.38,4,0.3128,-0.01,-0.000069,-0.187112,1,48.8,48.8,48.8,220.1,1
3969,198450,180.19,4,0.3128,-0.00,-0.000038,-0.187116,1,48.8,48.8,48.8,220.1,1
3970,198500,180.01,4,0.3128,-0.00,-0.000034,-0.187120,1,48.8,48.8,48.8,220.1,1
3971,198550,179.79,4,0.3128,-0.00,-0.000043,-0.187125,1,48.8,48.8,48.8,220.1,1
3972,198600,179.55,4,0.3128,-0.00,-0.000045,-0.187130,1,48.8,48.8,48.8,220.1,1
3973,198650,179.32,4,0.3128,-0.00,-0.000045,-0.187135,1,48.8,48.8,48.8,220.1,1
3974,198700,179.13,4,0.3128,-0.00,-0.000036,-0.187139,1,48.8,48.8,48.8,220.1,1
3975,198750,178.95,4,0.3128,-0.00,-0.000035,-0.187143,1,48.8,48.8,48.8,220.1,1
3976,198800,178.62,4,0.3128,-0.01,-0.000062,-0.187150,1,48.8,48.8,48.8,220.1,1
3977,198850,178.44,4,0.3128,-0.00,-0.000034,-0.187153,1,48.8,48.8,48.8,220.1,1
3978,198900,178.24,4,0.3128,-0.00,-0.000039,-0.187158,1,48.8,48.8,48.8,220.1,1
3979,198950,178.10,4,0.3128,-0.00,-0.000027,-0.187161,1,48.8,48.8,48.8,220.1,1
3980,199000,177.64,4,0.3127,-0.01,-0.000089,-0.187171,1,48.8,48.8,48.8,220.1,1
3981,199050,177.37,4,0.3128,-0.01,-0.000051,-0.187176,1,48.8,48.8,48.8,220.1,1
3982,199100,176.92,4,0.3127,-0.01,-0.000086,-0.187186,1,48.8,48.8,48.8,220.1,1
3983,199150,176.75,4,0.3128,-0.00,-0.000033,-0.187189,1,48.8,48.8,48.8,220.1,1
3984,199200,176.53,4,0.3128,-0.00,-0.000042,-0.187194,1,48.8,48.8,48.8,220.1,1
3985,199250,176.24,4,0.3127,-0.01,-0.000057,-0.187201,1,48.8,48.8,48.8,220.1,1
3986,199300,175.91,4,0.3127,-0.01,-0.000062,-0.187207,1,48.8,48.8,48.8,220.1,1
3987,199350,175.56,4,0.3127,-0.01,-0.000068,-0.187215,1,48.7,48.7,48.7,220.1,1
3988,199400,175.29,4,0.3127,-0.01,-0.000053,-0.187221,1,48.7,48.7,48.7,220.1,1
3989,199450,175.07,4,0.3127,-0.00,-0.000041,-0.187225,1,48.7,48.7,48.7,220.1,1
3990,199500,174.63,4,0.3127,-0.01,-0.000084,-0.187235,1,48.7,48.7,48.7,220.1,1
3991,199550,174.48,4,0.3127,-0.00,-0.000029,-0.187238,1,48.7,48.7,48.7,220.1,1
3992,199600,174.24,4,0.3127,-0.01,-0.000047,-0.187243,1,48.7,48.7,48.7,220.1,1
3993,199650,174.02,4,0.3127,-0.00,-0.000043,-0.187248,1,48.7,48.7,48.7,220.1,1
3994,199700,173.81,4,0.3127,-0.00,-0.000039,-0.187252,1,48.7,48.7,48.7,220.1,1
3995,199750,173.38,4,0.3127,-0.01,-0.000084,-0.187261,1,48.7,48.7,48.7,220.1,1
3996,199800,173.08,4,0.3127,-0.01,-0.000057,-0.187268,1,48.7,48.7,48.7,220.1,1
3997,199850,172.95,4,0.3127,-0.00,-0.000026,-0.187271,1,48.7,48.7,48.7,220.1,1
3998,199900,172.78,4,0.3127,-0.00,-0.000032,-0.187274,1,48.7,48.7,48.7,220.1,1
3999,199950,172.49,4,0.3127,-0.01,-0.000055,-0.187280,1,48.7,48.7,48.7,220.1,1
4000,200000,172.24,4,0.3127,-0.01,-0.000048,-0.187286,1,48.7,48.7,48.7,220.1,1
4001,200050,171.85,4,0.3126,-0.01,-0.000075,-0.187294,1,48.7,48.7,48.7,220.1,1
4002,200100,171.71,4,0.3127,-0.00,-0.000027,-0.187297,1,48.7,48.7,48.7,220.1,1
4003,200150,171.45,4,0.3126,-0.01,-0.000050,-0.187303,1,48.7,48.7,48.7,220.1,1
4004,200200,171.28,4,0.3127,-0.00,-0.000033,-0.187306,1,48.7,48.7,48.7,220.1,1
4005,200250,170.81,4,0.3126,-0.01,-0.000091,-0.187316,1,48.6,48.6,48.6,220.1,1
4006,200300,170.39,4,0.3126,-0.01,-0.000080,-0.187325,1,48.6,48.6,48.6,220.1,1
4007,200350,170.27,4,0.3126,-0.00,-0.000024,-0.187328,1,48.6,48.6,48.6,220.1,1
4008,200400,170.01,4,0.3126,-0.01,-0.000050,-0.187333,1,48.6,48.6,48.6,220.1,1
4009,200450,169.59,4,0.3126,-0.01,-0.000079,-0.187342,1,48.6,48.6,48.6,220.1,1
4010,200500,169.18,4,0.3126,-0.01,-0.000079,-0.187351,1,48.6,48.6,48.6,220.1,1
4011,200550,168.90,4,0.3126,-0.01,-0.000054,-0.187357,1,48.6,48.6,48.6,220.1,1
4012,200600,168.70,4,0.3126,-0.00,-0.000040,-0.187361,1,48.6,48.6,48.6,220.1,1
4013,200650,168.52,4,0.3126,-0.00,-0.000034,-0.187365,1,48.6,48.6,48.6,220.1,1
4014,200700,168.33,4,0.3126,-0.00,-0.000036,-0.187369,1,48.6,48.6,48.6,220.1,1
4015,200750,167.97,4,0.3126,-0.01,-0.000070,-0.187377,1,48.6,48.6,48.6,220.1,1
4016,200800,167.73,4,0.3126,-0.01,-0.000045,-0.187382,1,48.6,48.6,48.6,220.1,1
4017,200850,167.51,4,0.3126,-0.00,-0.000043,-0.187387,1,48.6,48.6,48.6,220.1,1
4018,200900,167.18,4,0.3125,-0.01,-0.000063,-0.187394,1,48.6,48.6,48.6,220.1,1
4019,200950,166.72,4,0.3125,-0.01,-0.000087,-0.187403,1,48.6,48.6,48.6,220.1,1
4020,201000,166.40,4,0.3125,-0.01,-0.000062,-0.187410,1,48.6,48.6,48.6,220.1,1
4021,201050,166.09,4,0.3125,-0.01,-0.000059,-0.187417,1,48.5,48.5,48.5,220.1,1
4022,201100,165.90,4,0.3125,-0.00,-0.000037,-0.187421,1,48.5,48.5,48.5,220.1,1
4023,201150,165.46,4,0.3125,-0.01,-0.000085,-0.187430,1,48.5,48.5,48.5,220.1,1
4024,201200,165.27,4,0.3125,-0.00,-0.000037,-0.187434,1,48.5,48.5,48.5,220.1,1
4025,201250,164.91,4,0.3125,-0.01,-0.000068,-0.187442,1,48.5,48.5,48.5,220.1,1
4026,201300,164.65,4,0.3125,-0.01,-0.000050,-0.187448,1,48.5,48.5,48.5,220.1,1
4027,201350,164.52,4,0.3125,-0.00,-0.000024,-0.187450,1,48.5,48.5,48.5,220.1,1
4028,201400,164.26,4,0.3125,-0.01,-0.000051,-0.187456,1,48.5,48.5,48.5,220.1,1
4029,201450,163.93,4,0.3125,-0.01,-0.000064,-0.187463,1,48.5,48.5,48.5,220.1,1
4030,201500,163.82,4,0.3125,-0.00,-0.000021,-0.187465,1,48.5,48.5,48.5,220.1,1
4031,201550,163.63,4,0.3125,-0.00,-0.000037,-0.187469,1,48.5,48.5,48.5,220.1,1
4032,201600,163.40,4,0.3125,-0.00,-0.000043,-0.187474,1,48.5,48.5,48.5,220.1,1
4033,201650,163.10,4,0.3125,-0.01,-0.000058,-0.187481,1,48.5,48.5,48.5,220.1,1
4034,201700,162.82,4,0.3125,-0.01,-0.000054,-0.187487,1,48.5,48.5,48.5,220.1,1
4035,201750,162.60,4,0.3125,-0.00,-0.000042,-0.187491,1,48.5,48.5,48.5,220.1,1
4036,201800,162.28,4,0.3124,-0.01,-0.000061,-0.187498,1,48.5,48.5,48.5,220.1,1
4037,201850,161.96,4,0.3124,-0.01,-0.000062,-0.187505,1,48.5,48.5,48.5,220.1,1
4038,201900,161.58,4,0.3124,-0.01,-0.000071,-0.187513,1,48.4,48.4,48.4,220.1,1
4039,201950,161.28,4,0.3124,-0.01,-0.000059,-0.187520,1,48.4,48.4,48.4,220.1,1
4040,202000,160.89,4,0.3124,-0.01,-0.000074,-0.187528,1,48.4,48.4,48.4,220.1,1
4041,202050,160.72,4,0.3124,-0.00,-0.000034,-0.187531,1,48.4,48.4,48.4,220.1,1
4042,202100,160.58,4,0.3124,-0.00,-0.000028,-0.187535,1,48.4,48.4,48.4,220.1,1
4043,202150,160.32,4,0.3124,-0.01,-0.000048,-0.187540,1,48.4,48.4,48.4,220.1,1
4044,202200,160.03,4,0.3124,-0.01,-0.000057,-0.187546,1,48.4,48.4,48.4,220.1,1
4045,202250,159.76,4,0.3124,-0.01,-0.000051,-0.187552,1,48.4,48.4,48.4,220.1,1
4046,202300,159.60,4,0.3124,-0.00,-0.000030,-0.187555,1,48.4,48.4,48.4,220.1,1
4047,202350,159.33,4,0.3124,-0.01,-0.000053,-0.187561,1,48.4,48.4,48.4,220.1,1
4048,202400,158.97,4,0.3124,-0.01,-0.000068,-0.187569,1,48.4,48.4,48.4,220.1,1
4049,202450,158.75,4,0.3124,-0.00,-0.000043,-0.187574,1,48.4,48.4,48.4,220.1,1
4050,202500,158.48,4,0.3124,-0.01,-0.000051,-0.187579,1,48.4,48.4,48.4,220.1,1
4051,202550,158.18,4,0.3124,-0.01,-0.000058,-0.187586,1,48.4,48.4,48.4,220.1,1
4052,202600,157.87,4,0.3123,-0.01,-0.000059,-0.187592,1,48.4,48.4,48.4,220.1,1
4053,202650,157.71,4,0.3124,-0.00,-0.000031,-0.187596,1,48.4,48.4,48.4,220.1,1
4054,202700,157.37,4,0.3123,-0.01,-0.000066,-0.187603,1,48.4,48.4,48.4,220.1,1
4055,202750,157.10,4,0.3123,-0.01,-0.000052,-0.187609,1,48.4,48.4,48.4,220.1,1
4056,202800,156.86,4,0.3123,-0.00,-0.000045,-0.187614,1,48.3,48.3,48.3,220.1,1
4057,202850,156.50,4,0.3123,-0.01,-0.000071,-0.187622,1,48.3,48.3,48.3,220.1,1
4058,202900,155.97,4,0.3123,-0.01,-0.000101,-0.187633,1,48.3,48.3,48.3,220.1,1
4059,202950,155.88,4,0.3123,-0.00,-0.000017,-0.187635,1,48.3,48.3,48.3,220.1,1
4060,203000,155.66,4,0.3123,-0.00,-0.000043,-0.187639,1,48.3,48.3,48.3,220.1,1
4061,203050,155.49,4,0.3123,-0.00,-0.000033,-0.187643,1,48.3,48.3,48.3,220.1,1
4062,203100,155.32,4,0.3123,-0.00,-0.000032,-0.187647,1,48.3,48.3,48.3,220.1,1
4063,203150,154.87,4,0.3123,-0.01,-0.000086,-0.187656,1,48.3,48.3,48.3,220.1,1
4064,203200,154.69,4,0.3123,-0.00,-0.000035,-0.187660,1,48.3,48.3,48.3,220.1,1
4065,203250,154.42,4,0.3123,-0.01,-0.000051,-0.187666,1,48.3,48.3,48.3,220.1,1
4066,203300,154.33,4,0.3123,-0.00,-0.000019,-0.187668,1,48.3,48.3,48.3,220.1,1
4067,203350,154.08,4,0.3123,-0.01,-0.000046,-0.187673,1,48.3,48.3,48.3,220.1,1
4068,203400,153.74,4,0.3123,-0.01,-0.000065,-0.187680,1,48.3,48.3,48.3,220.1,1
4069,203450,153.50,4,0.3123,-0.01,-0.000046,-0.187685,1,48.3,48.3,48.3,220.1,1
4070,203500,153.43,4,0.3123,-0.00,-0.000015,-0.187687,1,48.3,48.3,48.3,220.1,1
4071,203550,153.11,4,0.3122,-0.01,-0.000061,-0.187694,1,48.3,48.3,48.3,220.1,1
4072,203600,152.82,4,0.3122,-0.01,-0.000056,-0.187700,1,48.3,48.3,48.3,220.1,1
4073,203650,152.43,4,0.3122,-0.01,-0.000074,-0.187708,1,48.3,48.3,48.3,220.1,1
4074,203700,152.25,4,0.3123,-0.00,-0.000035,-0.187712,1,48.2,48.2,48.2,220.1,1
4075,203750,152.03,4,0.3122,-0.00,-0.000042,-0.187717,1,48.2,48.2,48.2,220.1,1
4076,203800,151.83,4,0.3122,-0.00,-0.000038,-0.187721,1,48.2,48.2,48.2,220.1,1
4077,203850,151.68,4,0.3122,-0.00,-0.000030,-0.187724,1,48.2,48.2,48.2,220.1,1
4078,203900,151.54,4,0.3122,-0.00,-0.000026,-0.187727,1,48.2,48.2,48.2,220.1,1
4079,203950,151.27,4,0.3122,-0.01,-0.000053,-0.187733,1,48.2,48.2,48.2,220.1,1
4080,204000,151.02,4,0.3122,-0.01,-0.000046,-0.187738,1,48.2,48.2,48.2,220.1,1
4081,204050,150.84,4,0.3122,-0.00,-0.000035,-0.187742,1,48.2,48.2,48.2,220.1,1
4082,204100,150.66,4,0.3122,-0.00,-0.000035,-0.187746,1,48.2,48.2,48.2,220.1,1
4083,204150,150.41,4,0.3122,-0.01,-0.000048,-0.187751,1,48.2,48.2,48.2,220.1,1
4084,204200,150.20,4,0.3122,-0.00,-0.000041,-0.187756,1,48.2,48.2,48.2,220.1,1
4085,204250,149.99,4,0.3122,-0.00,-0.000040,-0.187760,1,48.2,48.2,48.2,220.1,1
4086,204300,149.81,4,0.3122,-0.00,-0.000034,-0.187764,1,48.2,48.2,48.2,220.1,1
4087,204350,149.59,4,0.3122,-0.00,-0.000043,-0.187769,1,48.2,48.2,48.2,220.1,1
4088,204400,149.44,4,0.3122,-0.00,-0.000028,-0.187772,1,48.2,48.2,48.2,220.1,1
4089,204450,149.27,4,0.3122,-0.00,-0.000034,-0.187776,1,48.2,48.2,48.2,220.1,1
4090,204500,149.21,4,0.3122,-0.00,-0.000012,-0.187777,1,48.2,48.2,48.2,220.1,1
4091,204550,149.18,4,0.3122,-0.00,-0.000006,-0.187778,1,48.2,48.2,48.2,220.1,1
4092,204600,149.07,4,0.3122,-0.00,-0.000022,-0.187780,1,48.2,48.2,48.2,220.1,1
4093,204650,148.80,4,0.3122,-0.01,-0.000051,-0.187786,1,48.2,48.2,48.2,220.1,1
4094,204700,148.57,4,0.3122,-0.00,-0.000044,-0.187791,1,48.2,48.2,48.2,220.1,1
4095,204750,148.34,4,0.3122,-0.00,-0.000043,-0.187796,1,48.2,48.2,48.2,220.1,1
4096,204800,147.99,4,0.3121,-0.01,-0.000068,-0.187803,1,48.2,48.2,48.2,220.1,1
4097,204850,147.86,4,0.3122,-0.00,-0.000024,-0.187806,1,48.2,48.2,48.2,220.1,1
4098,204900,147.53,4,0.3121,-0.01,-0.000064,-0.187813,1,48.1,48.1,48.1,220.1,1
4099,204950,147.19,4,0.3121,-0.01,-0.000064,-0.187820,1,48.1,48.1,48.1,220.1,1
4100,205000,146.84,4,0.3121,-0.01,-0.000069,-0.187828,1,48.1,48.1,48.1,220.1,1
4101,205050,146.75,4,0.3122,-0.00,-0.000017,-0.187830,1,48.1,48.1,48.1,220.1,1
4102,205100,146.47,4,0.3121,-0.01,-0.000053,-0.187835,1,48.1,48.1,48.1,220.1,1
4103,205150,146.34,4,0.3121,-0.00,-0.000025,-0.187838,1,48.1,48.1,48.1,220.1,1
4104,205200,145.99,4,0.3121,-0.01,-0.000068,-0.187846,1,48.1,48.1,48.1,220.1,1
4105,205250,145.66,4,0.3121,-0.01,-0.000064,-0.187853,1,48.1,48.1,48.1,220.1,1
4106,205300,145.29,4,0.3121,-0.01,-0.000071,-0.187861,1,48.1,48.1,48.1,220.1,1
4107,205350,145.12,4,0.3121,-0.00,-0.000032,-0.187864,1,48.1,48.1,48.1,220.1,1
4108,205400,144.82,4,0.3121,-0.01,-0.000058,-0.187871,1,48.1,48.1,48.1,220.1,1
4109,205450,144.72,4,0.3121,-0.00,-0.000020,-0.187873,1,48.1,48.1,48.1,220.1,1
4110,205500,144.41,4,0.3121,-0.01,-0.000059,-0.187879,1,48.1,48.1,48.1,220.1,1
4111,205550,144.30,4,0.3121,-0.00,-0.000021,-0.187882,1,48.1,48.1,48.1,220.1,1
4112,205600,144.19,4,0.3121,-0.00,-0.000021,-0.187884,1,48.1,48.1,48.1,220.1,1
4113,205650,143.99,4,0.3121,-0.00,-0.000037,-0.187888,1,48.1,48.1,48.1,220.1,1
4114,205700,143.67,4,0.3120,-0.01,-0.000062,-0.187895,1,48.1,48.1,48.1,220.1,1
4115,205750,143.55,4,0.3121,-0.00,-0.000023,-0.187898,1,48.1,48.1,48.1,220.1,1
4116,205800,143.33,4,0.3121,-0.00,-0.000043,-0.187903,1,48.1,48.1,48.1,220.1,1
4117,205850,143.17,4,0.3121,-0.00,-0.000031,-0.187906,1,48.1,48.1,48.1,220.1,1
4118,205900,142.91,4,0.3120,-0.01,-0.000049,-0.187911,1,48.0,48.0,48.0,220.1,1
4119,205950,142.76,4,0.3121,-0.00,-0.000029,-0.187915,1,48.0,48.0,48.0,220.1,1
4120,206000,142.79,4,0.3121,0.00,0.000006,-0.187914,1,48.0,48.0,48.0,220.1,1
4121,206050,142.80,4,0.3121,0.00,0.000003,-0.187914,1,48.0,48.0,48.0,220.1,1
4122,206100,142.59,4,0.3120,-0.00,-0.000042,-0.187918,1,48.0,48.0,48.0,220.1,1
4123,206150,142.37,4,0.3120,-0.00,-0.000041,-0.187923,1,48.0,48.0,48.0,220.1,1
4124,206200,142.14,4,0.3120,-0.01,-0.000045,-0.187928,1,48.0,48.0,48.0,220.1,1
4125,206250,141.99,4,0.3120,-0.00,-0.000029,-0.187931,1,48.0,48.0,48.0,220.1,1
4126,206300,141.64,4,0.3120,-0.01,-0.000068,-0.187939,1,48.0,48.0,48.0,220.1,1
4127,206350,141.48,4,0.3120,-0.00,-0.000029,-0.187942,1,48.0,48.0,48.0,220.1,1
4128,206400,140.92,4,0.3119,-0.01,-0.000109,-0.187954,1,48.0,48.0,48.0,220.1,1
4129,206450,140.67,4,0.3120,-0.01,-0.000048,-0.187959,1,48.0,48.0,48.0,220.1,1
4130,206500,140.15,4,0.3119,-0.01,-0.000099,-0.187970,1,48.0,48.0,48.0,220.1,1
4131,206550,140.12,4,0.3120,-0.00,-0.000005,-0.187971,1,48.0,48.0,48.0,220.1,1
4132,206600,139.85,4,0.3120,-0.01,-0.000052,-0.187977,1,48.0,48.0,48.0,220.1,1
4133,206650,139.83,4,0.3120,-0.00,-0.000004,-0.187977,1,48.0,48.0,48.0,220.1,1
4134,206700,139.52,4,0.3120,-0.01,-0.000059,-0.187984,1,48.0,48.0,48.0,220.1,1
4135,206750,139.35,4,0.3120,-0.00,-0.000033,-0.187987,1,48.0,48.0,48.0,220.1,1
4136,206800,139.21,4,0.3120,-0.00,-0.000027,-0.187990,1,48.0,48.0,48.0,220.1,1
4137,206850,139.13,4,0.3120,-0.00,-0.000016,-0.187992,1,48.0,48.0,48.0,220.1,1
4138,206900,138.96,4,0.3120,-0.00,-0.000033,-0.187996,1,48.0,48.0,48.0,220.1,1
4139,206950,138.69,4,0.3119,-0.01,-0.000051,-0.188001,1,48.0,48.0,48.0,220.1,1
4140,207000,138.62,4,0.3120,-0.00,-0.000014,-0.188003,1,48.0,48.0,48.0,220.1,1
4141,207050,138.24,4,0.3119,-0.01,-0.000073,-0.188011,1,47.9,47.9,47.9,220.1,1
4142,207100,138.06,4,0.3120,-0.00,-0.000034,-0.188015,1,47.9,47.9,47.9,220.1,1
4143,207150,137.82,4,0.3119,-0.01,-0.000046,-0.188020,1,47.9,47.9,47.9,220.1,1
4144,207200,137.68,4,0.3119,-0.00,-0.000028,-0.188023,1,47.9,47.9,47.9,220.1,1
4145,207250,137.49,4,0.3119,-0.00,-0.000036,-0.188027,1,47.9,47.9,47.9,220.1,1
4146,207300,137.35,4,0.3119,-0.00,-0.000027,-0.188030,1,47.9,47.9,47.9,220.1,1
4147,207350,137.11,4,0.3119,-0.01,-0.000047,-0.188035,1,47.9,47.9,47.9,220.1,1
4148,207400,137.04,4,0.3120,-0.00,-0.000012,-0.188037,1,47.9,47.9,47.9,220.1,1
4149,207450,136.78,4,0.3119,-0.01,-0.000050,-0.188042,1,47.9,47.9,47.9,220.1,1
4150,207500,136.70,4,0.3119,-0.00,-0.000015,-0.188044,1,47.9,47.9,47.9,220.1,1
4151,207550,136.47,4,0.3119,-0.00,-0.000045,-0.188049,1,47.9,47.9,47.9,220.1,1
4152,207600,136.26,4,0.3119,-0.00,-0.000041,-0.188053,1,47.9,47.9,47.9,220.1,1
4153,207650,136.19,4,0.3119,-0.00,-0.000013,-0.188055,1,47.9,47.9,47.9,220.1,1
4154,207700,136.17,4,0.3119,-0.00,-0.000005,-0.188055,1,47.9,47.9,47.9,220.1,1
4155,207750,135.89,4,0.3119,-0.01,-0.000053,-0.188061,1,47.9,47.9,47.9,220.1,1
4156,207800,135.58,4,0.3119,-0.01,-0.000059,-0.188068,1,47.9,47.9,47.9,220.1,1
4157,207850,135.27,4,0.3119,-0.01,-0.000059,-0.188074,1,47.9,47.9,47.9,220.1,1
4158,207900,135.22,4,0.3119,-0.00,-0.000010,-0.188075,1,47.9,47.9,47.9,220.1,1
4159,207950,135.07,4,0.3119,-0.00,-0.000030,-0.188079,1,47.9,47.9,47.9,220.1,1
4160,208000,134.95,4,0.3119,-0.00,-0.000023,-0.188081,1,47.9,47.9,47.9,220.1,1
4161,208050,134.86,4,0.3119,-0.00,-0.000017,-0.188083,1,47.9,47.9,47.9,220.1,1
4162,208100,134.73,4,0.3119,-0.00,-0.000025,-0.188086,1,47.9,47.9,47.9,220.1,1
4163,208150,134.63,4,0.3119,-0.00,-0.000019,-0.188088,1,47.9,47.9,47.9,220.1,1
4164,208200,134.63,4,0.3119,0.00,0.000001,-0.188088,1,47.9,47.9,47.9,220.1,1
4165,208250,134.45,4,0.3119,-0.00,-0.000035,-0.188092,1,47.9,47.9,47.9,220.1,1
4166,208300,134.40,4,0.3119,-0.00,-0.000011,-0.188093,1,47.9,47.9,47.9,220.1,1
4167,208350,134.18,4,0.3119,-0.00,-0.000042,-0.188098,1,47.9,47.9,47.9,220.1,1
4168,208400,134.00,4,0.3119,-0.00,-0.000034,-0.188101,1,47.9,47.9,47.9,220.1,1
4169,208450,133.77,4,0.3118,-0.00,-0.000044,-0.188106,1,47.9,47.9,47.9,220.1,1
4170,208500,133.63,4,0.3119,-0.00,-0.000028,-0.188109,1,47.9,47.9,47.9,220.1,1
4171,208550,133.53,4,0.3119,-0.00,-0.000018,-0.188111,1,47.8,47.8,47.8,220.1,1
4172,208600,133.26,4,0.3118,-0.01,-0.000052,-0.188117,1,47.8,47.8,47.8,220.1,1
4173,208650,133.16,4,0.3119,-0.00,-0.000019,-0.188119,1,47.8,47.8,47.8,220.1,1
4174,208700,132.95,4,0.3118,-0.00,-0.000041,-0.188124,1,47.8,47.8,47.8,220.1,1
4175,208750,132.72,4,0.3118,-0.00,-0.000043,-0.188129,1,47.8,47.8,47.8,220.1,1
4176,208800,132.38,4,0.3118,-0.01,-0.000066,-0.188136,1,47.8,47.8,47.8,220.1,1
4177,208850,132.04,4,0.3118,-0.01,-0.000065,-0.188143,1,47.8,47.8,47.8,220.1,1
4178,208900,131.76,4,0.3118,-0.01,-0.000054,-0.188149,1,47.8,47.8,47.8,220.1,1
4179,208950,131.59,4,0.3118,-0.00,-0.000033,-0.188153,1,47.8,47.8,47.8,220.1,1
4180,209000,131.26,4,0.3118,-0.01,-0.000063,-0.188160,1,47.8,47.8,47.8,220.1,1
4181,209050,130.98,4,0.3118,-0.01,-0.000055,-0.188166,1,47.8,47.8,47.8,220.1,1
4182,209100,130.78,4,0.3118,-0.00,-0.000038,-0.188170,1,47.8,47.8,47.8,220.1,1
4183,209150,130.54,4,0.3118,-0.01,-0.000047,-0.188175,1,47.8,47.8,47.8,220.1,1
4184,209200,130.20,4,0.3118,-0.01,-0.000065,-0.188183,1,47.8,47.8,47.8,220.1,1
4185,209250,129.97,4,0.3118,-0.00,-0.000044,-0.188188,1,47.8,47.8,47.8,220.1,1
4186,209300,129.73,4,0.3118,-0.00,-0.000045,-0.188193,1,47.8,47.8,47.8,220.1,1
4187,209350,129.64,4,0.3118,-0.00,-0.000017,-0.188194,1,47.8,47.8,47.8,220.1,1
4188,209400,129.51,4,0.3118,-0.00,-0.000026,-0.188197,1,47.8,47.8,47.8,220.1,1
4189,209450,129.42,4,0.3118,-0.00,-0.000017,-0.188199,1,47.8,47.8,47.8,220.1,1
4190,209500,129.28,4,0.3118,-0.00,-0.000028,-0.188202,1,47.8,47.8,47.8,220.1,1
4191,209550,129.14,4,0.3118,-0.00,-0.000026,-0.188205,1,47.8,47.8,47.8,220.1,1
4192,209600,128.90,4,0.3117,-0.01,-0.000046,-0.188210,1,47.8,47.8,47.8,220.1,1
4193,209650,128.67,4,0.3117,-0.00,-0.000045,-0.188215,1,47.7,47.7,47.7,220.1,1
4194,209700,128.49,4,0.3117,-0.00,-0.000035,-0.188219,1,47.7,47.7,47.7,220.1,1
4195,209750,128.38,4,0.3118,-0.00,-0.000021,-0.188221,1,47.7,47.7,47.7,220.1,1
4196,209800,128.27,4,0.3118,-0.00,-0.000021,-0.188224,1,47.7,47.7,47.7,220.1,1
4197,209850,128.08,4,0.3117,-0.00,-0.000035,-0.188228,1,47.7,47.7,47.7,220.1,1
4198,209900,127.93,4,0.3117,-0.00,-0.000030,-0.188231,1,47.7,47.7,47.7,220.1,1
4199,209950,127.67,4,0.3117,-0.01,-0.000049,-0.188236,1,47.7,47.7,47.7,220.1,1
4200,210000,127.51,4,0.3117,-0.00,-0.000031,-0.188240,1,47.7,47.7,47.7,220.1,1
4201,210050,127.42,4,0.3117,-0.00,-0.000017,-0.188242,1,47.7,47.7,47.7,220.1,1
4202,210100,127.26,4,0.3117,-0.00,-0.000031,-0.188245,1,47.7,47.7,47.7,220.1,1
4203,210150,127.06,4,0.3117,-0.00,-0.000038,-0.188249,1,47.7,47.7,47.7,220.1,1
4204,210200,126.93,4,0.3117,-0.00,-0.000026,-0.188252,1,47.7,47.7,47.7,220.1,1
4205,210250,126.95,4,0.3118,0.00,0.000004,-0.188252,1,47.7,47.7,47.7,220.1,1
4206,210300,126.74,4,0.3117,-0.00,-0.000041,-0.188256,1,47.7,47.7,47.7,220.1,1
4207,210350,126.74,4,0.3117,0.00,0.000001,-0.188256,1,47.7,47.7,47.7,220.1,1
4208,210400,126.63,4,0.3117,-0.00,-0.000021,-0.188259,1,47.7,47.7,47.7,220.1,1
4209,210450,126.35,4,0.3117,-0.01,-0.000055,-0.188265,1,47.7,47.7,47.7,220.1,1
4210,210500,126.22,4,0.3117,-0.00,-0.000024,-0.188267,1,47.7,47.7,47.7,220.1,1
4211,210550,125.93,4,0.3117,-0.01,-0.000057,-0.188274,1,47.7,47.7,47.7,220.1,1
4212,210600,125.85,4,0.3117,-0.00,-0.000014,-0.188275,1,47.7,47.7,47.7,220.1,1
4213,210650,125.55,4,0.3117,-0.01,-0.000059,-0.188282,1,47.7,47.7,47.7,220.1,1
4214,210700,125.42,4,0.3117,-0.00,-0.000025,-0.188285,1,47.7,47.7,47.7,220.1,1
4215,210750,125.20,4,0.3117,-0.00,-0.000042,-0.188289,1,47.7,47.7,47.7,220.1,1
4216,210800,124.94,4,0.3117,-0.01,-0.000049,-0.188295,1,47.7,47.7,47.7,220.1,1
4217,210850,124.81,4,0.3117,-0.00,-0.000025,-0.188297,1,47.7,47.7,47.7,220.1,1
4218,210900,124.71,4,0.3117,-0.00,-0.000019,-0.188300,1,47.7,47.7,47.7,220.1,1
4219,210950,124.48,4,0.3117,-0.00,-0.000044,-0.188305,1,47.7,47.7,47.7,220.1,1
4220,211000,124.32,4,0.3117,-0.00,-0.000030,-0.188308,1,47.7,47.7,47.7,220.1,1
4221,211050,124.06,4,0.3116,-0.01,-0.000051,-0.188314,1,47.6,47.6,47.6,220.1,1
4222,211100,123.80,4,0.3116,-0.01,-0.000050,-0.188319,1,47.6,47.6,47.6,220.1,1
4223,211150,123.59,4,0.3116,-0.00,-0.000040,-0.188324,1,47.6,47.6,47.6,220.1,1
4224,211200,123.31,4,0.3116,-0.01,-0.000054,-0.188330,1,47.6,47.6,47.6,220.1,1
4225,211250,123.01,4,0.3116,-0.01,-0.000057,-0.188336,1,47.6,47.6,47.6,220.1,1
4226,211300,122.87,4,0.3116,-0.00,-0.000027,-0.188339,1,47.6,47.6,47.6,220.1,1
4227,211350,122.61,4,0.3116,-0.01,-0.000050,-0.188345,1,47.6,47.6,47.6,220.1,1
4228,211400,122.52,4,0.3116,-0.00,-0.000017,-0.188346,1,47.6,47.6,47.6,220.1,1
4229,211450,122.51,4,0.3117,-0.00,-0.000002,-0.188347,1,47.6,47.6,47.6,220.1,1
4230,211500,122.42,4,0.3116,-0.00,-0.000018,-0.188349,1,47.6,47.6,47.6,220.1,1
4231,211550,122.40,4,0.3116,-0.00,-0.000003,-0.188349,1,47.6,47.6,47.6,220.1,1
4232,211600,122.10,4,0.3116,-0.01,-0.000057,-0.188355,1,47.6,47.6,47.6,220.1,1
4233,211650,121.98,4,0.3116,-0.00,-0.000023,-0.188358,1,47.6,47.6,47.6,220.1,1
4234,211700,121.90,4,0.3116,-0.00,-0.000016,-0.188360,1,47.6,47.6,47.6,220.1,1
4235,211750,121.63,4,0.3116,-0.01,-0.000052,-0.188365,1,47.6,47.6,47.6,220.1,1
4236,211800,121.54,4,0.3116,-0.00,-0.000017,-0.188367,1,47.6,47.6,47.6,220.1,1
4237,211850,121.33,4,0.3116,-0.00,-0.000040,-0.188372,1,47.6,47.6,47.6,220.1,1
4238,211900,121.19,4,0.3116,-0.00,-0.000027,-0.188375,1,47.6,47.6,47.6,220.1,1
4239,211950,120.91,4,0.3116,-0.01,-0.000053,-0.188381,1,47.6,47.6,47.6,220.1,1
4240,212000,120.79,4,0.3116,-0.00,-0.000023,-0.188383,1,47.6,47.6,47.6,220.1,1
4241,212050,120.51,4,0.3116,-0.01,-0.000054,-0.188389,1,47.6,47.6,47.6,220.1,1
4242,212100,120.37,4,0.3116,-0.00,-0.000027,-0.188392,1,47.6,47.6,47.6,220.1,1
4243,212150,120.19,4,0.3116,-0.00,-0.000035,-0.188396,1,47.6,47.6,47.6,220.1,1
4244,212200,119.78,4,0.3115,-0.01,-0.000078,-0.188405,1,47.6,47.6,47.6,220.1,1
4245,212250,119.70,4,0.3116,-0.00,-0.000015,-0.188407,1,47.6,47.6,47.6,220.1,1
4246,212300,119.58,4,0.3116,-0.00,-0.000024,-0.188409,1,47.6,47.6,47.6,220.1,1
4247,212350,119.31,4,0.3115,-0.01,-0.000051,-0.188415,1,47.5,47.5,47.5,220.1,1
4248,212400,119.00,4,0.3115,-0.01,-0.000059,-0.188421,1,47.5,47.5,47.5,220.1,1
4249,212450,118.94,4,0.3116,-0.00,-0.000012,-0.188423,1,47.5,47.5,47.5,220.1,1
4250,212500,118.74,4,0.3115,-0.00,-0.000037,-0.188427,1,47.5,47.5,47.5,220.1,1
4251,212550,118.60,4,0.3115,-0.00,-0.000027,-0.188430,1,47.5,47.5,47.5,220.1,1
4252,212600,118.37,4,0.3115,-0.00,-0.000044,-0.188435,1,47.5,47.5,47.5,220.1,1
4253,212650,118.16,4,0.3115,-0.00,-0.000040,-0.188439,1,47.5,47.5,47.5,220.1,1
4254,212700,117.96,4,0.3115,-0.00,-0.000040,-0.188444,1,47.5,47.5,47.5,220.1,1
4255,212750,117.74,4,0.3115,-0.00,-0.000041,-0.188448,1,47.5,47.5,47.5,220.1,1
4256,212800,117.63,4,0.3115,-0.00,-0.000022,-0.188451,1,47.5,47.5,47.5,220.1,1
4257,212850,117.45,4,0.3115,-0.00,-0.000034,-0.188455,1,47.5,47.5,47.5,220.1,1
4258,212900,117.26,4,0.3115,-0.00,-0.000037,-0.188459,1,47.5,47.5,47.5,220.1,1
4259,212950,117.15,4,0.3115,-0.00,-0.000021,-0.188461,1,47.5,47.5,47.5,220.1,1
4260,213000,116.93,4,0.3115,-0.00,-0.000043,-0.188466,1,47.5,47.5,47.5,220.1,1
4261,213050,116.71,4,0.3115,-0.00,-0.000042,-0.188470,1,47.5,47.5,47.5,220.1,1
4262,213100,116.41,4,0.3115,-0.01,-0.000057,-0.188477,1,47.5,47.5,47.5,220.1,1
4263,213150,116.40,4,0.3115,-0.00,-0.000002,-0.188477,1,47.5,47.5,47.5,220.1,1
4264,213200,116.21,4,0.3115,-0.00,-0.000036,-0.188481,1,47.5,47.5,47.5,220.1,1
4265,213250,115.94,4,0.3115,-0.01,-0.000052,-0.188487,1,47.5,47.5,47.5,220.1,1
4266,213300,115.66,4,0.3115,-0.01,-0.000054,-0.188493,1,47.5,47.5,47.5,220.1,1
4267,213350,115.50,4,0.3115,-0.00,-0.000031,-0.188496,1,47.5,47.5,47.5,220.1,1
4268,213400,115.29,4,0.3115,-0.00,-0.000041,-0.188501,1,47.5,47.5,47.5,220.1,1
4269,213450,115.10,4,0.3115,-0.00,-0.000037,-0.188505,1,47.5,47.5,47.5,220.1,1
4270,213500,114.92,4,0.3115,-0.00,-0.000033,-0.188508,1,47.5,47.5,47.5,220.1,1
4271,213550,114.80,4,0.3115,-0.00,-0.000023,-0.188511,1,47.4,47.4,47.4,220.1,1
4272,213600,114.68,4,0.3115,-0.00,-0.000024,-0.188514,1,47.4,47.4,47.4,220.1,1
4273,213650,114.25,4,0.3114,-0.01,-0.000083,-0.188523,1,47.4,47.4,47.4,220.1,1
4274,213700,113.98,4,0.3114,-0.01,-0.000052,-0.188529,1,47.4,47.4,47.4,220.1,1
4275,213750,113.77,4,0.3114,-0.00,-0.000039,-0.188533,1,47.4,47.4,47.4,220.1,1
4276,213800,113.53,4,0.3114,-0.01,-0.000047,-0.188538,1,47.4,47.4,47.4,220.1,1
4277,213850,113.27,4,0.3114,-0.01,-0.000050,-0.188544,1,47.4,47.4,47.4,220.1,1
4278,213900,113.12,4,0.3114,-0.00,-0.000029,-0.188547,1,47.4,47.4,47.4,220.1,1
4279,213950,112.89,4,0.3114,-0.00,-0.000043,-0.188552,1,47.4,47.4,47.4,220.1,1
4280,214000,112.59,4,0.3114,-0.01,-0.000058,-0.188558,1,47.4,47.4,47.4,220.1,1
4281,214050,112.34,4,0.3114,-0.01,-0.000049,-0.188564,1,47.4,47.4,47.4,220.1,1
4282,214100,112.12,4,0.3114,-0.00,-0.000042,-0.188568,1,47.4,47.4,47.4,220.1,1
4283,214150,111.78,4,0.3114,-0.01,-0.000065,-0.188576,1,47.4,47.4,47.4,220.1,1
4284,214200,111.53,4,0.3114,-0.01,-0.000048,-0.188581,1,47.4,47.4,47.4,220.1,1
4285,214250,111.16,4,0.3113,-0.01,-0.000070,-0.188589,1,47.4,47.4,47.4,220.1,1
4286,214300,110.92,4,0.3114,-0.01,-0.000047,-0.188594,1,47.4,47.4,47.4,220.1,1
4287,214350,110.75,4,0.3114,-0.00,-0.000033,-0.188597,1,47.4,47.4,47.4,220.1,1
4288,214400,110.55,4,0.3114,-0.00,-0.000039,-0.188602,1,47.4,47.4,47.4,220.1,1
4289,214450,110.17,4,0.3113,-0.01,-0.000072,-0.188610,1,47.4,47.4,47.4,220.1,1
4290,214500,109.95,4,0.3113,-0.00,-0.000044,-0.188615,1,47.3,47.3,47.3,220.1,1
4291,214550,109.83,4,0.3114,-0.00,-0.000022,-0.188617,1,47.3,47.3,47.3,220.1,1
4292,214600,109.61,4,0.3113,-0.00,-0.000043,-0.188622,1,47.3,47.3,47.3,220.1,1
4293,214650,109.37,4,0.3113,-0.01,-0.000046,-0.188627,1,47.3,47.3,47.3,220.1,1
4294,214700,109.18,4,0.3113,-0.00,-0.000036,-0.188631,1,47.3,47.3,47.3,220.1,1
4295,214750,108.82,4,0.3113,-0.01,-0.000069,-0.188639,1,47.3,47.3,47.3,220.1,1
4296,214800,108.69,4,0.3113,-0.00,-0.000026,-0.188641,1,47.3,47.3,47.3,220.1,1
4297,214850,108.46,4,0.3113,-0.00,-0.000044,-0.188646,1,47.3,47.3,47.3,220.1,1
4298,214900,108.12,4,0.3113,-0.01,-0.000065,-0.188654,1,47.3,47.3,47.3,220.1,1
4299,214950,107.88,4,0.3113,-0.01,-0.000046,-0.188659,1,47.3,47.3,47.3,220.1,1
4300,215000,107.84,4,0.3113,-0.00,-0.000008,-0.188660,1,47.3,47.3,47.3,220.1,1
4301,215050,107.51,4,0.3113,-0.01,-0.000064,-0.188667,1,47.3,47.3,47.3,220.1,1
4302,215100,107.39,4,0.3113,-0.00,-0.000022,-0.188669,1,47.3,47.3,47.3,220.1,1
4303,215150,107.16,4,0.3113,-0.00,-0.000045,-0.188674,1,47.3,47.3,47.3,220.1,1
4304,215200,107.00,4,0.3113,-0.00,-0.000030,-0.188677,1,47.3,47.3,47.3,220.1,1
4305,215250,106.75,4,0.3113,-0.01,-0.000049,-0.188683,1,47.3,47.3,47.3,220.1,1
4306,215300,106.48,4,0.3113,-0.01,-0.000052,-0.188689,1,47.3,47.3,47.3,220.1,1
4307,215350,106.12,4,0.3112,-0.01,-0.000068,-0.188696,1,47.3,47.3,47.3,220.1,1
4308,215400,105.94,4,0.3113,-0.00,-0.000035,-0.188700,1,47.3,47.3,47.3,220.1,1
4309,215450,105.79,4,0.3113,-0.00,-0.000029,-0.188703,1,47.3,47.3,47.3,220.1,1
4310,215500,105.61,4,0.3113,-0.00,-0.000035,-0.188707,1,47.3,47.3,47.3,220.1,1
4311,215550,105.50,4,0.3113,-0.00,-0.000021,-0.188710,1,47.3,47.3,47.3,220.1,1
4312,215600,105.20,4,0.3112,-0.01,-0.000058,-0.188716,1,47.2,47.2,47.2,220.1,1
4313,215650,105.09,4,0.3113,-0.00,-0.000020,-0.188718,1,47.2,47.2,47.2,220.1,1
4314,215700,104.72,4,0.3112,-0.01,-0.000072,-0.188726,1,47.2,47.2,47.2,220.1,1
4315,215750,104.58,4,0.3112,-0.00,-0.000027,-0.188729,1,47.2,47.2,47.2,220.1,1
4316,215800,104.45,4,0.3112,-0.00,-0.000024,-0.188732,1,47.2,47.2,47.2,220.1,1
4317,215850,104.18,4,0.3112,-0.01,-0.000053,-0.188738,1,47.2,47.2,47.2,220.1,1
4318,215900,103.90,4,0.3112,-0.01,-0.000053,-0.188744,1,47.2,47.2,47.2,220.1,1
4319,215950,103.64,4,0.3112,-0.01,-0.000050,-0.188749,1,47.2,47.2,47.2,220.1,1
4320,216000,103.43,4,0.3112,-0.00,-0.000041,-0.188754,1,47.2,47.2,47.2,220.1,1
4321,216050,103.22,4,0.3112,-0.00,-0.000040,-0.188758,1,47.2,47.2,47.2,220.1,1
4322,216100,102.88,4,0.3112,-0.01,-0.000065,-0.188765,1,47.2,47.2,47.2,220.1,1
4323,216150,102.65,4,0.3112,-0.00,-0.000044,-0.188770,1,47.2,47.2,47.2,220.1,1
4324,216200,102.48,4,0.3112,-0.00,-0.000032,-0.188774,1,47.2,47.2,47.2,220.1,1
4325,216250,102.35,4,0.3112,-0.00,-0.000024,-0.188777,1,47.2,47.2,47.2,220.1,1
4326,216300,102.13,4,0.3112,-0.00,-0.000042,-0.188781,1,47.2,47.2,47.2,220.1,1
4327,216350,101.86,4,0.3112,-0.01,-0.000052,-0.188787,1,47.2,47.2,47.2,220.1,1
4328,216400,101.68,4,0.3112,-0.00,-0.000035,-0.188791,1,47.2,47.2,47.2,220.1,1
4329,216450,101.44,4,0.3112,-0.01,-0.000046,-0.188796,1,47.2,47.2,47.2,220.1,1
4330,216500,101.09,4,0.3111,-0.01,-0.000068,-0.188804,1,47.2,47.2,47.2,220.1,1
4331,216550,100.93,4,0.3112,-0.00,-0.000030,-0.188807,1,47.2,47.2,47.2,220.1,1
4332,216600,100.49,4,0.3111,-0.01,-0.000085,-0.188816,1,47.1,47.1,47.1,220.1,1
4333,216650,100.34,4,0.3112,-0.00,-0.000028,-0.188820,1,47.1,47.1,47.1,220.1,1
4334,216700,99.93,5,0.5000,0.00,0.000000,0.000000,1,47.1,47.1,0.0,220.1,1
4335,216750,99.80,5,0.5000,0.00,0.000000,0.000000,1,47.1,47.1,0.0,220.1,1
4336,216800,99.48,5,0.5000,0.00,0.000000,0.000000,1,47.1,47.1,0.0,220.1,1
4337,216850,99.36,5,0.5000,0.00,0.000000,0.000000,1,47.1,47.1,0.0,220.1,1
4338,216900,99.00,5,0.5000,0.00,0.000000,0.000000,1,47.1,47.1,0.0,220.1,1
4339,216950,98.65,5,0.5000,0.00,0.000000,0.000000,1,47.1,47.1,0.0,220.1,1
4340,217000,98.27,5,0.5000,0.00,0.000000,0.000000,1,47.1,47.1,0.0,220.1,1
4341,217050,98.01,5,0.5000,0.00,0.000000,0.000000,1,47.1,47.1,0.0,220.1,1
4342,217100,97.70,5,0.5000,0.00,0.000000,0.000000,1,47.1,47.1,0.0,220.1,1
4343,217150,97.33,5,0.5000,0.00,0.000000,0.000000,1,47.1,47.1,0.0,220.1,1
4344,217200,97.26,5,0.5000,0.00,0.000000,0.000000,1,47.1,47.1,0.0,220.1,1
4345,217250,96.91,5,0.5000,0.00,0.000000,0.000000,1,47.1,47.1,0.0,220.1,1
4346,217300,96.60,5,0.5000,0.00,0.000000,0.000000,1,47.1,47.1,0.0,220.1,1
4347,217350,96.32,5,0.5000,0.00,0.000000,0.000000,1,47.1,47.1,0.0,220.1,1
4348,217400,96.13,5,0.5000,0.00,0.000000,0.000000,1,47.1,47.1,0.0,220.1,1
4349,217450,95.91,5,0.5000,0.00,0.000000,0.000000,1,47.0,47.1,0.0,220.1,1
4350,217500,95.54,5,0.5000,0.00,0.000000,0.000000,1,47.0,47.1,0.0,220.1,1
4351,217550,95.22,5,0.5000,0.00,0.000000,0.000000,1,47.0,47.1,0.0,220.1,1
4352,217600,94.99,5,0.5000,0.00,0.000000,0.000000,1,47.0,47.1,0.0,220.1,1
4353,217650,94.73,5,0.5000,0.00,0.000000,0.000000,1,47.0,47.1,0.0,220.1,1
4354,217700,94.56,5,0.5000,0.00,0.000000,0.000000,1,47.0,47.1,0.0,220.1,1
4355,217750,94.36,5,0.5000,0.00,0.000000,0.000000,1,47.0,47.1,0.0,220.1,1
4356,217800,94.14,5,0.5000,0.00,0.000000,0.000000,1,47.0,47.1,0.0,220.1,1
4357,217850,93.98,5,0.5000,0.00,0.000000,0.000000,1,47.0,47.1,0.0,220.1,1
4358,217900,93.82,5,0.5000,0.00,0.000000,0.000000,1,47.0,47.1,0.0,220.1,1
4359,217950,93.57,5,0.5000,0.00,0.000000,0.000000,1,47.0,47.1,0.0,220.1,1
4360,218000,93.40,5,0.5000,0.00,0.000000,0.000000,1,47.0,47.1,0.0,220.1,1
4361,218050,93.59,5,0.5000,0.00,0.000000,0.000000,1,47.0,47.1,0.0,220.1,1
4362,218100,93.66,5,0.5000,0.00,0.000000,0.000000,1,47.0,47.1,0.0,220.1,1
4363,218150,93.54,5,0.5000,0.00,0.000000,0.000000,1,47.0,47.1,0.0,220.1,1
4364,218200,93.24,5,0.5000,0.00,0.000000,0.000000,1,47.0,47.1,0.0,220.1,1
4365,218250,92.73,5,0.5000,0.00,0.000000,0.000000,1,47.0,47.1,0.0,220.1,1
4366,218300,92.31,5,0.5000,0.00,0.000000,0.000000,1,47.0,47.1,0.0,220.1,1
4367,218350,91.90,5,0.5000,0.00,0.000000,0.000000,1,47.0,47.1,0.0,220.1,1
4368,218400,91.72,5,0.5000,0.00,0.000000,0.000000,1,47.0,47.1,0.0,220.1,1
4369,218450,91.25,5,0.5000,0.00,0.000000,0.000000,1,46.9,47.1,0.0,220.1,1
4370,218500,91.01,5,0.5000,0.00,0.000000,0.000000,1,46.9,47.1,0.0,220.1,1
4371,218550,90.59,5,0.5000,0.00,0.000000,0.000000,1,46.9,47.1,0.0,220.1,1
4372,218600,90.24,5,0.5000,0.00,0.000000,0.000000,1,46.9,47.1,0.0,220.1,1
4373,218650,89.88,5,0.5000,0.00,0.000000,0.000000,1,46.9,47.1,0.0,220.1,1
4374,218700,89.69,5,0.5000,0.00,0.000000,0.000000,1,46.9,47.1,0.0,220.1,1
4375,218750,89.62,5,0.5000,0.00,0.000000,0.000000,1,46.9,47.1,0.0,220.1,1
4376,218800,89.31,5,0.5000,0.00,0.000000,0.000000,1,46.9,47.1,0.0,220.1,1
4377,218850,88.93,5,0.5000,0.00,0.000000,0.000000,1,46.9,47.1,0.0,220.1,1
4378,218900,88.60,5,0.5000,0.00,0.000000,0.000000,1,46.9,47.1,0.0,220.1,1
4379,218950,88.45,5,0.5000,0.00,0.000000,0.000000,1,46.9,47.1,0.0,220.1,1
4380,219000,88.05,5,0.5000,0.00,0.000000,0.000000,1,46.9,47.1,0.0,220.1,1
4381,219050,87.87,5,0.5000,0.00,0.000000,0.000000,1,46.9,47.1,0.0,220.1,1
4382,219100,87.84,5,0.5000,0.00,0.000000,0.000000,1,46.9,47.1,0.0,220.1,1
4383,219150,87.68,5,0.5000,0.00,0.000000,0.000000,1,46.9,47.1,0.0,220.1,1
4384,219200,87.25,5,0.5000,0.00,0.000000,0.000000,1,46.9,47.1,0.0,220.1,1
4385,219250,87.20,5,0.5000,0.00,0.000000,0.000000,1,46.9,47.1,0.0,220.1,1
4386,219300,86.78,5,0.5000,0.00,0.000000,0.000000,1,46.9,47.1,0.0,220.1,1
4387,219350,86.54,5,0.5000,0.00,0.000000,0.000000,1,46.8,47.1,0.0,220.1,1
4388,219400,86.17,5,0.5000,0.00,0.000000,0.000000,1,46.8,47.1,0.0,220.1,1
4389,219450,85.94,5,0.5000,0.00,0.000000,0.000000,1,46.8,47.1,0.0,220.1,1
4390,219500,85.49,5,0.5000,0.00,0.000000,0.000000,1,46.8,47.1,0.0,220.1,1
4391,219550,85.12,5,0.5000,0.00,0.000000,0.000000,1,46.8,47.1,0.0,220.1,1
4392,219600,84.73,5,0.5000,0.00,0.000000,0.000000,1,46.8,47.1,0.0,220.1,1
4393,219650,84.41,5,0.5000,0.00,0.000000,0.000000,1,46.8,47.1,0.0,220.1,1
4394,219700,83.98,5,0.5000,0.00,0.000000,0.000000,1,46.8,47.1,0.0,220.1,1
4395,219750,83.67,5,0.5000,0.00,0.000000,0.000000,1,46.8,47.1,0.0,220.1,1
4396,219800,83.43,5,0.5000,0.00,0.000000,0.000000,1,46.8,47.1,0.0,220.1,1
4397,219850,83.21,5,0.5000,0.00,0.000000,0.000000,1,46.8,47.1,0.0,220.1,1
4398,219900,83.00,5,0.5000,0.00,0.000000,0.000000,1,46.8,47.1,0.0,220.1,1
4399,219950,82.77,5,0.5000,0.00,0.000000,0.000000,1,46.8,47.1,0.0,220.1,1
4400,220000,82.24,5,0.5000,0.00,0.000000,0.000000,1,46.8,47.1,0.0,220.1,1
4401,220050,81.91,5,0.5000,0.00,0.000000,0.000000,1,46.7,47.1,0.0,220.1,1
4402,220100,81.51,5,0.5000,0.00,0.000000,0.000000,1,46.7,47.1,0.0,220.1,1
4403,220150,81.19,5,0.5000,0.00,0.000000,0.000000,1,46.7,47.1,0.0,220.1,1
4404,220200,81.03,5,0.5000,0.00,0.000000,0.000000,1,46.7,47.1,0.0,220.1,1
4405,220250,80.71,5,0.5000,0.00,0.000000,0.000000,1,46.7,47.1,0.0,220.1,1
4406,220300,80.44,5,0.5000,0.00,0.000000,0.000000,1,46.7,47.1,0.0,220.1,1
4407,220350,80.08,5,0.5000,0.00,0.000000,0.000000,1,46.7,47.1,0.0,220.1,1
4408,220400,79.77,5,0.5000,0.00,0.000000,0.000000,1,46.7,47.1,0.0,220.1,1
4409,220450,79.71,5,0.5000,0.00,0.000000,0.000000,1,46.7,47.1,0.0,220.1,1
4410,220500,79.23,5,0.5000,0.00,0.000000,0.000000,1,46.7,47.1,0.0,220.1,1
4411,220550,78.92,5,0.5000,0.00,0.000000,0.000000,1,46.7,47.1,0.0,220.1,1
4412,220600,78.41,5,0.5000,0.00,0.000000,0.000000,1,46.7,47.1,0.0,220.1,1
4413,220650,78.22,5,0.5000,0.00,0.000000,0.000000,1,46.7,47.1,0.0,220.1,1
4414,220700,77.90,5,0.5000,0.00,0.000000,0.000000,1,46.7,47.1,0.0,220.1,1
4415,220750,77.55,5,0.5000,0.00,0.000000,0.000000,1,46.7,47.1,0.0,220.1,1
4416,220800,77.08,5,0.5000,0.00,0.000000,0.000000,1,46.6,47.1,0.0,220.1,1
4417,220850,76.91,5,0.5000,0.00,0.000000,0.000000,1,46.6,47.1,0.0,220.1,1
4418,220900,76.39,5,0.5000,0.00,0.000000,0.000000,1,46.6,47.1,0.0,220.1,1
4419,220950,76.12,5,0.5000,0.00,0.000000,0.000000,1,46.6,47.1,0.0,220.1,1
4420,221000,75.84,5,0.5000,0.00,0.000000,0.000000,1,46.6,47.1,0.0,220.1,1
4421,221050,75.52,5,0.5000,0.00,0.000000,0.000000,1,46.6,47.1,0.0,220.1,1
4422,221100,75.27,5,0.5000,0.00,0.000000,0.000000,1,46.6,47.1,0.0,220.1,1
4423,221150,74.94,5,0.5000,0.00,0.000000,0.000000,1,46.6,47.1,0.0,220.1,1
4424,221200,74.68,5,0.5000,0.00,0.000000,0.000000,1,46.6,47.1,0.0,220.1,1
4425,221250,74.45,5,0.5000,0.00,0.000000,0.000000,1,46.6,47.1,0.0,220.1,1
4426,221300,74.20,5,0.5000,0.00,0.000000,0.000000,1,46.6,47.1,0.0,220.1,1
4427,221350,73.91,5,0.5000,0.00,0.000000,0.000000,1,46.6,47.1,0.0,220.1,1
4428,221400,73.70,5,0.5000,0.00,0.000000,0.000000,1,46.6,47.1,0.0,220.1,1
4429,221450,73.27,5,0.5000,0.00,0.000000,0.000000,1,46.6,47.1,0.0,220.1,1
4430,221500,73.07,5,0.5000,0.00,0.000000,0.000000,1,46.6,47.1,0.0,220.1,1
4431,221550,72.55,5,0.5000,0.00,0.000000,0.000000,1,46.5,47.1,0.0,220.1,1
4432,221600,72.25,5,0.5000,0.00,0.000000,0.000000,1,46.5,47.1,0.0,220.1,1
4433,221650,71.80,5,0.5000,0.00,0.000000,0.000000,1,46.5,47.1,0.0,220.1,1
4434,221700,71.54,5,0.5000,0.00,0.000000,0.000000,1,46.5,47.1,0.0,220.1,1
4435,221750,71.31,5,0.5000,0.00,0.000000,0.000000,1,46.5,47.1,0.0,220.1,1
4436,221800,70.96,5,0.5000,0.00,0.000000,0.000000,1,46.5,47.1,0.0,220.1,1
4437,221850,70.61,5,0.5000,0.00,0.000000,0.000000,1,46.5,47.1,0.0,220.1,1
4438,221900,70.41,5,0.5000,0.00,0.000000,0.000000,1,46.5,47.1,0.0,220.1,1
4439,221950,69.96,5,0.5000,0.00,0.000000,0.000000,1,46.5,47.1,0.0,220.1,1
4440,222000,69.69,5,0.5000,0.00,0.000000,0.000000,1,46.5,47.1,0.0,220.1,1
4441,222050,69.44,5,0.5000,0.00,0.000000,0.000000,1,46.5,47.1,0.0,220.1,1
4442,222100,69.14,5,0.5000,0.00,0.000000,0.000000,1,46.5,47.1,0.0,220.1,1
4443,222150,68.79,5,0.5000,0.00,0.000000,0.000000,1,46.5,47.1,0.0,220.1,1
4444,222200,68.69,5,0.5000,0.00,0.000000,0.000000,1,46.5,47.1,0.0,220.1,1
4445,222250,68.44,5,0.5000,0.00,0.000000,0.000000,1,46.5,47.1,0.0,220.1,1
4446,222300,68.23,5,0.5000,0.00,0.000000,0.000000,1,46.5,47.1,0.0,220.1,1
4447,222350,68.08,5,0.5000,0.00,0.000000,0.000000,1,46.5,47.1,0.0,220.1,1
4448,222400,67.91,5,0.5000,0.00,0.000000,0.000000,1,46.4,47.1,0.0,220.1,1
4449,222450,67.73,5,0.5000,0.00,0.000000,0.000000,1,46.4,47.1,0.0,220.1,1
4450,222500,67.52,5,0.5000,0.00,0.000000,0.000000,1,46.4,47.1,0.0,220.1,1
4451,222550,67.29,5,0.5000,0.00,0.000000,0.000000,1,46.4,47.1,0.0,220.1,1
4452,222600,66.99,5,0.5000,0.00,0.000000,0.000000,1,46.4,47.1,0.0,220.1,1
4453,222650,66.50,5,0.5000,0.00,0.000000,0.000000,1,46.4,47.1,0.0,220.1,1
4454,222700,65.98,5,0.5000,0.00,0.000000,0.000000,1,46.4,47.1,0.0,220.1,1
4455,222750,65.64,5,0.5000,0.00,0.000000,0.000000,1,46.4,47.1,0.0,220.1,1
4456,222800,65.25,5,0.5000,0.00,0.000000,0.000000,1,46.4,47.1,0.0,220.1,1
4457,222850,65.18,5,0.5000,0.00,0.000000,0.000000,1,46.4,47.1,0.0,220.1,1
4458,222900,64.78,5,0.5000,0.00,0.000000,0.000000,1,46.4,47.1,0.0,220.1,1
4459,222950,64.61,5,0.5000,0.00,0.000000,0.000000,1,46.4,47.1,0.0,220.1,1
4460,223000,64.22,5,0.5000,0.00,0.000000,0.000000,1,46.4,47.1,0.0,220.1,1
4461,223050,63.90,5,0.5000,0.00,0.000000,0.000000,1,46.4,47.1,0.0,220.1,1
4462,223100,63.56,5,0.5000,0.00,0.000000,0.000000,1,46.4,47.1,0.0,220.1,1
4463,223150,63.35,5,0.5000,0.00,0.000000,0.000000,1,46.4,47.1,0.0,220.1,1
4464,223200,62.85,5,0.5000,0.00,0.000000,0.000000,1,46.3,47.1,0.0,220.1,1
4465,223250,62.56,5,0.5000,0.00,0.000000,0.000000,1,46.3,47.1,0.0,220.1,1
4466,223300,62.24,5,0.5000,0.00,0.000000,0.000000,1,46.3,47.1,0.0,220.1,1
4467,223350,61.94,5,0.5000,0.00,0.000000,0.000000,1,46.3,47.1,0.0,220.1,1
4468,223400,61.65,5,0.5000,0.00,0.000000,0.000000,1,46.3,47.1,0.0,220.1,1
4469,223450,61.31,5,0.5000,0.00,0.000000,0.000000,1,46.3,47.1,0.0,220.1,1
4470,223500,60.87,5,0.5000,0.00,0.000000,0.000000,1,46.3,47.1,0.0,220.1,1
4471,223550,60.63,5,0.5000,0.00,0.000000,0.000000,1,46.3,47.1,0.0,220.1,1
4472,223600,60.12,5,0.5000,0.00,0.000000,0.000000,1,46.3,47.1,0.0,220.1,1
4473,223650,59.83,5,0.5000,0.00,0.000000,0.000000,1,46.3,47.1,0.0,220.1,1
4474,223700,59.57,5,0.5000,0.00,0.000000,0.000000,1,46.3,47.1,0.0,220.1,1
4475,223750,59.38,5,0.5000,0.00,0.000000,0.000000,1,46.3,47.1,0.0,220.1,1
4476,223800,59.09,5,0.5000,0.00,0.000000,0.000000,1,46.3,47.1,0.0,220.1,1
4477,223850,58.88,5,0.5000,0.00,0.000000,0.000000,1,46.3,47.1,0.0,220.1,1
4478,223900,58.51,5,0.5000,0.00,0.000000,0.000000,1,46.2,47.1,0.0,220.1,1
4479,223950,58.20,5,0.5000,0.00,0.000000,0.000000,1,46.2,47.1,0.0,220.1,1
4480,224000,57.85,5,0.5000,0.00,0.000000,0.000000,1,46.2,47.1,0.0,220.1,1
4481,224050,57.62,5,0.5000,0.00,0.000000,0.000000,1,46.2,47.1,0.0,220.1,1
4482,224100,57.36,5,0.5000,0.00,0.000000,0.000000,1,46.2,47.1,0.0,220.1,1
4483,224150,57.15,5,0.5000,0.00,0.000000,0.000000,1,46.2,47.1,0.0,220.1,1
4484,224200,56.67,5,0.5000,0.00,0.000000,0.000000,1,46.2,47.1,0.0,220.1,1
4485,224250,56.39,5,0.5000,0.00,0.000000,0.000000,1,46.2,47.1,0.0,220.1,1
4486,224300,55.99,5,0.5000,0.00,0.000000,0.000000,1,46.2,47.1,0.0,220.1,1
4487,224350,55.37,5,0.5000,0.00,0.000000,0.000000,1,46.2,47.1,0.0,220.1,1
4488,224400,55.18,5,0.5000,0.00,0.000000,0.000000,1,46.2,47.1,0.0,220.1,1
4489,224450,55.01,5,0.5000,0.00,0.000000,0.000000,1,46.2,47.1,0.0,220.1,1
4490,224500,54.75,5,0.5000,0.00,0.000000,0.000000,1,46.2,47.1,0.0,220.1,1
4491,224550,54.32,5,0.5000,0.00,0.000000,0.000000,1,46.2,47.1,0.0,220.1,1
4492,224600,53.97,5,0.5000,0.00,0.000000,0.000000,1,46.2,47.1,0.0,220.1,1
4493,224650,53.62,5,0.5000,0.00,0.000000,0.000000,1,46.1,47.1,0.0,220.1,1
4494,224700,53.51,5,0.5000,0.00,0.000000,0.000000,1,46.1,47.1,0.0,220.1,1
4495,224750,53.12,5,0.5000,0.00,0.000000,0.000000,1,46.1,47.1,0.0,220.1,1
4496,224800,52.66,5,0.5000,0.00,0.000000,0.000000,1,46.1,47.1,0.0,220.1,1
4497,224850,52.44,5,0.5000,0.00,0.000000,0.000000,1,46.1,47.1,0.0,220.1,1
4498,224900,52.12,5,0.5000,0.00,0.000000,0.000000,1,46.1,47.1,0.0,220.1,1
4499,224950,51.60,5,0.5000,0.00,0.000000,0.000000,1,46.1,47.1,0.0,220.1,1
4500,225000,51.17,5,0.5000,0.00,0.000000,0.000000,1,46.1,47.1,0.0,220.1,1
4501,225050,50.61,5,0.5000,0.00,0.000000,0.000000,1,46.1,47.1,0.0,220.1,1
4502,225100,50.38,5,0.5000,0.00,0.000000,0.000000,1,46.1,47.1,0.0,220.1,1
4503,225150,49.73,5,0.5000,0.00,0.000000,0.000000,1,46.1,47.1,0.0,220.1,1
4504,225200,49.51,5,0.5000,0.00,0.000000,0.000000,1,46.1,47.1,0.0,220.1,1
4505,225250,49.00,5,0.5000,0.00,0.000000,0.000000,1,46.0,47.1,0.0,220.1,1
4506,225300,48.79,5,0.5000,0.00,0.000000,0.000000,1,46.0,47.1,0.0,220.1,1
4507,225350,48.39,5,0.5000,0.00,0.000000,0.000000,1,46.0,47.1,0.0,220.1,1
4508,225400,48.04,5,0.5000,0.00,0.000000,0.000000,1,46.0,47.1,0.0,220.1,1
4509,225450,47.50,5,0.5000,0.00,0.000000,0.000000,1,46.0,47.1,0.0,220.1,1
4510,225500,47.24,5,0.5000,0.00,0.000000,0.000000,1,46.0,47.1,0.0,220.1,1
4511,225550,46.86,5,0.5000,0.00,0.000000,0.000000,1,46.0,47.1,0.0,220.1,1
4512,225600,46.48,5,0.5000,0.00,0.000000,0.000000,1,46.0,47.1,0.0,220.1,1
4513,225650,46.05,5,0.5000,0.00,0.000000,0.000000,1,46.0,47.1,0.0,220.1,1
4514,225700,45.81,5,0.5000,0.00,0.000000,0.000000,1,46.0,47.1,0.0,220.1,1
4515,225750,45.35,5,0.5000,0.00,0.000000,0.000000,1,46.0,47.1,0.0,220.1,1
4516,225800,45.09,5,0.5000,0.00,0.000000,0.000000,1,46.0,47.1,0.0,220.1,1
4517,225850,44.86,5,0.5000,0.00,0.000000,0.000000,1,46.0,47.1,0.0,220.1,1
4518,225900,44.43,5,0.5000,0.00,0.000000,0.000000,1,45.9,47.1,0.0,220.1,1
4519,225950,44.16,5,0.5000,0.00,0.000000,0.000000,1,45.9,47.1,0.0,220.1,1
4520,226000,43.88,5,0.5000,0.00,0.000000,0.000000,1,45.9,47.1,0.0,220.1,1
4521,226050,43.56,5,0.5000,0.00,0.000000,0.000000,1,45.9,47.1,0.0,220.1,1
4522,226100,43.11,5,0.5000,0.00,0.000000,0.000000,1,45.9,47.1,0.0,220.1,1
4523,226150,42.85,5,0.5000,0.00,0.000000,0.000000,1,45.9,47.1,0.0,220.1,1
4524,226200,42.36,5,0.5000,0.00,0.000000,0.000000,1,45.9,47.1,0.0,220.1,1
4525,226250,42.00,5,0.5000,0.00,0.000000,0.000000,1,45.9,47.1,0.0,220.1,1
4526,226300,41.53,5,0.5000,0.00,0.000000,0.000000,1,45.9,47.1,0.0,220.1,1
4527,226350,41.22,5,0.5000,0.00,0.000000,0.000000,1,45.9,47.1,0.0,220.1,1
4528,226400,40.91,5,0.5000,0.00,0.000000,0.000000,1,45.9,47.1,0.0,220.1,1
4529,226450,40.58,5,0.5000,0.00,0.000000,0.000000,1,45.9,47.1,0.0,220.1,1
4530,226500,40.07,5,0.5000,0.00,0.000000,0.000000,1,45.9,47.1,0.0,220.1,1
4531,226550,39.72,5,0.5000,0.00,0.000000,0.000000,1,45.8,47.1,0.0,220.1,1
4532,226600,39.41,5,0.5000,0.00,0.000000,0.000000,1,45.8,47.1,0.0,220.1,1
4533,226650,39.10,5,0.5000,0.00,0.000000,0.000000,1,45.8,47.1,0.0,220.1,1
4534,226700,38.71,5,0.5000,0.00,0.000000,0.000000,1,45.8,47.1,0.0,220.1,1
4535,226750,38.44,5,0.5000,0.00,0.000000,0.000000,1,45.8,47.1,0.0,220.1,1
4536,226800,37.87,5,0.5000,0.00,0.000000,0.000000,1,45.8,47.1,0.0,220.1,1
4537,226850,37.66,5,0.5000,0.00,0.000000,0.000000,1,45.8,47.1,0.0,220.1,1
4538,226900,37.08,5,0.5000,0.00,0.000000,0.000000,1,45.8,47.1,0.0,220.1,1
4539,226950,36.67,5,0.5000,0.00,0.000000,0.000000,1,45.8,47.1,0.0,220.1,1
4540,227000,36.17,5,0.5000,0.00,0.000000,0.000000,1,45.8,47.1,0.0,220.1,1
4541,227050,35.92,5,0.5000,0.00,0.000000,0.000000,1,45.8,47.1,0.0,220.1,1
4542,227100,35.28,5,0.5000,0.00,0.000000,0.000000,1,45.8,47.1,0.0,220.1,1
4543,227150,34.97,5,0.5000,0.00,0.000000,0.000000,1,45.7,47.1,0.0,220.1,1
4544,227200,34.69,5,0.5000,0.00,0.000000,0.000000,1,45.7,47.1,0.0,220.1,1
4545,227250,34.60,5,0.5000,0.00,0.000000,0.000000,1,45.7,47.1,0.0,220.1,1
4546,227300,34.42,5,0.5000,0.00,0.000000,0.000000,1,45.7,47.1,0.0,220.1,1
4547,227350,34.33,5,0.5000,0.00,0.000000,0.000000,1,45.7,47.1,0.0,220.1,1
4548,227400,34.13,5,0.5000,0.00,0.000000,0.000000,1,45.7,47.1,0.0,220.1,1
4549,227450,33.81,5,0.5000,0.00,0.000000,0.000000,1,45.7,47.1,0.0,220.1,1
4550,227500,33.74,5,0.5000,0.00,0.000000,0.000000,1,45.7,47.1,0.0,220.1,1
4551,227550,33.46,5,0.5000,0.00,0.000000,0.000000,1,45.7,47.1,0.0,220.1,1
4552,227600,33.22,5,0.5000,0.00,0.000000,0.000000,1,45.7,47.1,0.0,220.1,1
4553,227650,32.68,5,0.5000,0.00,0.000000,0.000000,1,45.7,47.1,0.0,220.1,1
4554,227700,32.44,5,0.5000,0.00,0.000000,0.000000,1,45.7,47.1,0.0,220.1,1
4555,227750,32.05,5,0.5000,0.00,0.000000,0.000000,1,45.7,47.1,0.0,220.1,1
4556,227800,31.85,5,0.5000,0.00,0.000000,0.000000,1,45.7,47.1,0.0,220.1,1
4557,227850,31.32,5,0.5000,0.00,0.000000,0.000000,1,45.7,47.1,0.0,220.1,1
4558,227900,31.05,5,0.5000,0.00,0.000000,0.000000,1,45.7,47.1,0.0,220.1,1
4559,227950,30.64,5,0.5000,0.00,0.000000,0.000000,1,45.7,47.1,0.0,220.1,1
4560,228000,30.61,5,0.5000,0.00,0.000000,0.000000,1,45.7,47.1,0.0,220.1,1
4561,228050,30.26,5,0.5000,0.00,0.000000,0.000000,1,45.6,47.1,0.0,220.1,1
4562,228100,30.11,5,0.5000,0.00,0.000000,0.000000,1,45.6,47.1,0.0,220.1,1
4563,228150,29.73,5,0.5000,0.00,0.000000,0.000000,1,45.6,47.1,0.0,220.1,1
4564,228200,29.71,5,0.5000,0.00,0.000000,0.000000,1,45.6,47.1,0.0,220.1,1
4565,228250,29.37,5,0.5000,0.00,0.000000,0.000000,1,45.6,47.1,0.0,220.1,1
4566,228300,29.34,5,0.5000,0.00,0.000000,0.000000,1,45.6,47.1,0.0,220.1,1
4567,228350,29.10,5,0.5000,0.00,0.000000,0.000000,1,45.6,47.1,0.0,220.1,1
4568,228400,28.82,5,0.5000,0.00,0.000000,0.000000,1,45.6,47.1,0.0,220.1,1
4569,228450,28.55,5,0.5000,0.00,0.000000,0.000000,1,45.6,47.1,0.0,220.1,1
4570,228500,28.57,5,0.5000,0.00,0.000000,0.000000,1,45.6,47.1,0.0,220.1,1
4571,228550,28.47,5,0.5000,0.00,0.000000,0.000000,1,45.6,47.1,0.0,220.1,1
4572,228600,28.36,5,0.5000,0.00,0.000000,0.000000,1,45.6,47.1,0.0,220.1,1
4573,228650,27.93,5,0.5000,0.00,0.000000,0.000000,1,45.6,47.1,0.0,220.1,1
4574,228700,27.71,5,0.5000,0.00,0.000000,0.000000,1,45.6,47.1,0.0,220.1,1
4575,228750,27.48,5,0.5000,0.00,0.000000,0.000000,1,45.6,47.1,0.0,220.1,1
4576,228800,27.29,5,0.5000,0.00,0.000000,0.000000,1,45.6,47.1,0.0,220.1,1
4577,228850,27.13,5,0.5000,0.00,0.000000,0.000000,1,45.6,47.1,0.0,220.1,1
4578,228900,26.85,5,0.5000,0.00,0.000000,0.000000,1,45.6,47.1,0.0,220.1,1
4579,228950,26.54,5,0.5000,0.00,0.000000,0.000000,1,45.6,47.1,0.0,220.1,1
4580,229000,26.40,5,0.5000,0.00,0.000000,0.000000,1,45.6,47.1,0.0,220.1,1
4581,229050,26.56,5,0.5000,0.00,0.000000,0.000000,1,45.6,47.1,0.0,220.1,1
4582,229100,26.23,5,0.5000,0.00,0.000000,0.000000,1,45.6,47.1,0.0,220.1,1
4583,229150,25.94,5,0.5000,0.00,0.000000,0.000000,1,45.6,47.1,0.0,220.1,1
4584,229200,25.26,5,0.5000,0.00,0.000000,0.000000,1,45.5,47.1,0.0,220.1,1
4585,229250,25.07,5,0.5000,0.00,0.000000,0.000000,1,45.5,47.1,0.0,220.1,1
4586,229300,24.58,5,0.5000,0.00,0.000000,0.000000,1,45.5,47.1,0.0,220.1,1
4587,229350,24.15,5,0.5000,0.00,0.000000,0.000000,1,45.5,47.1,0.0,220.1,1
4588,229400,23.52,5,0.5000,0.00,0.000000,0.000000,1,45.5,47.1,0.0,220.1,1
4589,229450,23.20,5,0.5000,0.00,0.000000,0.000000,1,45.5,47.1,0.0,220.1,1
4590,229500,22.83,5,0.5000,0.00,0.000000,0.000000,1,45.5,47.1,0.0,220.1,1
4591,229550,22.40,5,0.5000,0.00,0.000000,0.000000,1,45.5,47.1,0.0,220.1,1
4592,229600,21.99,5,0.5000,0.00,0.000000,0.000000,1,45.5,47.1,0.0,220.1,1
4593,229650,21.74,5,0.5000,0.00,0.000000,0.000000,1,45.5,47.1,0.0,220.1,1
4594,229700,21.37,5,0.5000,0.00,0.000000,0.000000,1,45.5,47.1,0.0,220.1,1
4595,229750,21.16,5,0.5000,0.00,0.000000,0.000000,1,45.5,47.1,0.0,220.1,1
4596,229800,20.88,5,0.5000,0.00,0.000000,0.000000,1,45.4,47.1,0.0,220.1,1
4597,229850,20.71,5,0.5000,0.00,0.000000,0.000000,1,45.4,47.1,0.0,220.1,1
4598,229900,20.46,5,0.5000,0.00,0.000000,0.000000,1,45.4,47.1,0.0,220.1,1
4599,229950,20.33,5,0.5000,0.00,0.000000,0.000000,1,45.4,47.1,0.0,220.1,1
4600,230000,20.29,5,0.5000,0.00,0.000000,0.000000,1,45.4,47.1,0.0,220.1,1
4601,230050,20.24,5,0.5000,0.00,0.000000,0.000000,1,45.4,47.1,0.0,220.1,1
4602,230100,20.20,5,0.5000,0.00,0.000000,0.000000,1,45.4,47.1,0.0,220.1,1
4603,230150,20.06,5,0.5000,0.00,0.000000,0.000000,1,45.4,47.1,0.0,220.1,1
4604,230200,19.99,5,0.5000,0.00,0.000000,0.000000,1,45.4,47.1,0.0,220.1,1
4605,230250,20.00,5,0.5000,0.00,0.000000,0.000000,1,45.4,47.1,0.0,220.1,1
4606,230300,19.94,5,0.5000,0.00,0.000000,0.000000,1,45.4,47.1,0.0,220.1,1
4607,230350,20.07,5,0.5000,0.00,0.000000,0.000000,1,45.4,47.1,0.0,220.1,1
4608,230400,20.13,5,0.5000,0.00,0.000000,0.000000,1,45.4,47.1,0.0,220.1,1
4609,230450,20.18,5,0.5000,0.00,0.000000,0.000000,1,45.4,47.1,0.0,220.1,1
4610,230500,20.17,5,0.5000,0.00,0.000000,0.000000,1,45.4,47.1,0.0,220.1,1
4611,230550,20.18,5,0.5000,0.00,0.000000,0.000000,1,45.4,47.1,0.0,220.1,1
4612,230600,20.20,5,0.5000,0.00,0.000000,0.000000,1,45.4,47.1,0.0,220.1,1
4613,230650,20.15,5,0.5000,0.00,0.000000,0.000000,1,45.4,47.1,0.0,220.1,1
4614,230700,20.14,5,0.5000,0.00,0.000000,0.000000,1,45.4,47.1,0.0,220.1,1
4615,230750,20.28,5,0.5000,0.00,0.000000,0.000000,1,45.4,47.1,0.0,220.1,1
4616,230800,20.22,5,0.5000,0.00,0.000000,0.000000,1,45.4,47.1,0.0,220.1,1
4617,230850,20.01,5,0.5000,0.00,0.000000,0.000000,1,45.4,47.1,0.0,220.1,1
4618,230900,19.99,5,0.5000,0.00,0.000000,0.000000,1,45.4,47.1,0.0,220.1,1
4619,230950,20.09,5,0.5000,0.00,0.000000,0.000000,1,45.4,47.1,0.0,220.1,1
4620,231000,20.20,5,0.5000,0.00,0.000000,0.000000,1,45.4,47.1,0.0,220.1,1
4621,231050,20.25,5,0.5000,0.00,0.000000,0.000000,1,45.4,47.1,0.0,220.1,1
4622,231100,19.98,5,0.5000,0.00,0.000000,0.000000,1,45.4,47.1,0.0,220.1,1
4623,231150,19.87,5,0.5000,0.00,0.000000,0.000000,1,45.4,47.1,0.0,220.1,1
4624,231200,19.81,5,0.5000,0.00,0.000000,0.000000,1,45.4,47.1,0.0,220.1,1
4625,231250,19.68,5,0.5000,0.00,0.000000,0.000000,1,45.4,47.1,0.0,220.1,1
4626,231300,19.70,5,0.5000,0.00,0.000000,0.000000,1,45.4,47.1,0.0,220.1,1
4627,231350,19.78,5,0.5000,0.00,0.000000,0.000000,1,45.4,47.1,0.0,220.1,1
4628,231400,19.61,5,0.5000,0.00,0.000000,0.000000,1,45.4,47.1,0.0,220.1,1
4629,231450,19.51,5,0.5000,0.00,0.000000,0.000000,1,45.4,47.1,0.0,220.1,1
4630,231500,19.34,5,0.5000,0.00,0.000000,0.000000,1,45.4,47.1,0.0,220.1,1
4631,231550,19.28,5,0.5000,0.00,0.000000,0.000000,1,45.4,47.1,0.0,220.1,1
4632,231600,19.18,5,0.5000,0.00,0.000000,0.000000,1,45.4,47.1,0.0,220.1,1
4633,231650,19.28,5,0.5000,0.00,0.000000,0.000000,1,45.4,47.1,0.0,220.1,1
4634,231700,19.18,5,0.5000,0.00,0.000000,0.000000,1,45.4,47.1,0.0,220.1,1
4635,231750,19.18,5,0.5000,0.00,0.000000,0.000000,1,45.4,47.1,0.0,220.1,1
4636,231800,19.12,5,0.5000,0.00,0.000000,0.000000,1,45.4,47.1,0.0,220.1,1
4637,231850,19.03,5,0.5000,0.00,0.000000,0.000000,1,45.4,47.1,0.0,220.1,1
4638,231900,19.11,5,0.5000,0.00,0.000000,0.000000,1,45.4,47.1,0.0,220.1,1
4639,231950,19.03,5,0.5000,0.00,0.000000,0.000000,1,45.4,47.1,0.0,220.1,1
4640,232000,18.98,5,0.5000,0.00,0.000000,0.000000,1,45.4,47.1,0.0,220.1,1
4641,232050,19.10,5,0.5000,0.00,0.000000,0.000000,1,45.4,47.1,0.0,220.1,1
4642,232100,19.17,5,0.5000,0.00,0.000000,0.000000,1,45.4,47.1,0.0,220.1,1
4643,232150,19.08,5,0.5000,0.00,0.000000,0.000000,1,45.4,47.1,0.0,220.1,1
4644,232200,19.11,5,0.5000,0.00,0.000000,0.000000,1,45.4,47.1,0.0,220.1,1
4645,232250,18.98,5,0.5000,0.00,0.000000,0.000000,1,45.4,47.1,0.0,220.1,1
4646,232300,18.86,5,0.5000,0.00,0.000000,0.000000,1,45.4,47.1,0.0,220.1,1
4647,232350,18.88,5,0.5000,0.00,0.000000,0.000000,1,45.4,47.1,0.0,220.1,1
4648,232400,18.79,5,0.5000,0.00,0.000000,0.000000,1,45.4,47.1,0.0,220.1,1
4649,232450,18.81,5,0.5000,0.00,0.000000,0.000000,1,45.4,47.1,0.0,220.1,1
4650,232500,18.82,5,0.5000,0.00,0.000000,0.000000,1,45.4,47.1,0.0,220.1,1
4651,232550,18.78,5,0.5000,0.00,0.000000,0.000000,1,45.4,47.1,0.0,220.1,1
4652,232600,18.80,5,0.5000,0.00,0.000000,0.000000,1,45.4,47.1,0.0,220.1,1
4653,232650,18.84,5,0.5000,0.00,0.000000,0.000000,1,45.4,47.1,0.0,220.1,1
4654,232700,18.62,5,0.5000,0.00,0.000000,0.000000,1,45.4,47.1,0.0,220.1,1
4655,232750,18.79,5,0.5000,0.00,0.000000,0.000000,1,45.4,47.1,0.0,220.1,1
4656,232800,18.75,5,0.5000,0.00,0.000000,0.000000,1,45.4,47.1,0.0,220.1,1
4657,232850,18.64,5,0.5000,0.00,0.000000,0.000000,1,45.4,47.1,0.0,220.1,1
4658,232900,18.64,5,0.5000,0.00,0.000000,0.000000,1,45.4,47.1,0.0,220.1,1
4659,232950,18.68,5,0.5000,0.00,0.000000,0.000000,1,45.4,47.1,0.0,220.1,1
4660,233000,18.80,5,0.5000,0.00,0.000000,0.000000,1,45.4,47.1,0.0,220.1,1
4661,233050,18.84,5,0.5000,0.00,0.000000,0.000000,1,45.4,47.1,0.0,220.1,1
4662,233100,18.76,5,0.5000,0.00,0.000000,0.000000,1,45.4,47.1,0.0,220.1,1
4663,233150,18.67,5,0.5000,0.00,0.000000,0.000000,1,45.4,47.1,0.0,220.1,1
4664,233200,18.72,5,0.5000,0.00,0.000000,0.000000,1,45.4,47.1,0.0,220.1,1
4665,233250,18.81,5,0.5000,0.00,0.000000,0.000000,1,45.4,47.1,0.0,220.1,1
4666,233300,18.68,5,0.5000,0.00,0.000000,0.000000,1,45.4,47.1,0.0,220.1,1
4667,233350,18.63,5,0.5000,0.00,0.000000,0.000000,1,45.4,47.1,0.0,220.1,1
4668,233400,18.70,5,0.5000,0.00,0.000000,0.000000,1,45.4,47.1,0.0,220.1,1
4669,233450,18.63,5,0.5000,0.00,0.000000,0.000000,1,45.4,47.1,0.0,220.1,1
4670,233500,18.68,5,0.5000,0.00,0.000000,0.000000,1,45.4,47.1,0.0,220.1,1
4671,233550,18.65,5,0.5000,0.00,0.000000,0.000000,1,45.4,47.1,0.0,220.1,1
4672,233600,18.70,5,0.5000,0.00,0.000000,0.000000,1,45.4,47.1,0.0,220.1,1
4673,233650,18.69,5,0.5000,0.00,0.000000,0.000000,1,45.4,47.1,0.0,220.1,1
4674,233700,18.71,5,0.5000,0.00,0.000000,0.000000,1,45.4,47.1,0.0,220.1,1
4675,233750,18.81,5,0.5000,0.00,0.000000,0.000000,1,45.4,47.1,0.0,220.1,1
4676,233800,18.80,5,0.5000,0.00,0.000000,0.000000,1,45.4,47.1,0.0,220.1,1
4677,233850,18.73,5,0.5000,0.00,0.000000,0.000000,1,45.4,47.1,0.0,220.1,1
4678,233900,18.96,5,0.5000,0.00,0.000000,0.000000,1,45.4,47.1,0.0,220.1,1
4679,233950,19.06,5,0.5000,0.00,0.000000,0.000000,1,45.4,47.1,0.0,220.1,1
4680,234000,19.00,5,0.5000,0.00,0.000000,0.000000,1,45.4,47.1,0.0,220.1,1
4681,234050,18.96,5,0.5000,0.00,0.000000,0.000000,1,45.4,47.1,0.0,220.1,1
4682,234100,18.92,5,0.5000,0.00,0.000000,0.000000,1,45.4,47.1,0.0,220.1,1
4683,234150,19.04,5,0.5000,0.00,0.000000,0.000000,1,45.4,47.1,0.0,220.1,1
4684,234200,18.98,5,0.5000,0.00,0.000000,0.000000,1,45.4,47.1,0.0,220.1,1
4685,234250,18.89,5,0.5000,0.00,0.000000,0.000000,1,45.4,47.1,0.0,220.1,1
4686,234300,18.89,5,0.5000,0.00,0.000000,0.000000,1,45.4,47.1,0.0,220.1,1
4687,234350,18.97,5,0.5000,0.00,0.000000,0.000000,1,45.4,47.1,0.0,220.1,1
4688,234400,18.91,5,0.5000,0.00,0.000000,0.000000,1,45.4,47.1,0.0,220.1,1
4689,234450,19.00,5,0.5000,0.00,0.000000,0.000000,1,45.4,47.1,0.0,220.1,1
4690,234500,18.97,5,0.5000,0.00,0.000000,0.000000,1,45.4,47.1,0.0,220.1,1
4691,234550,18.92,5,0.5000,0.00,0.000000,0.000000,1,45.4,47.1,0.0,220.1,1
4692,234600,18.98,5,0.5000,0.00,0.000000,0.000000,1,45.4,47.1,0.0,220.1,1
4693,234650,19.04,5,0.5000,0.00,0.000000,0.000000,1,45.4,47.1,0.0,220.1,1
4694,234700,18.83,5,0.5000,0.00,0.000000,0.000000,1,45.4,47.1,0.0,220.1,1
4695,234750,18.82,5,0.5000,0.00,0.000000,0.000000,1,45.4,47.1,0.0,220.1,1
4696,234800,18.71,5,0.5000,0.00,0.000000,0.000000,1,45.4,47.1,0.0,220.1,1
4697,234850,18.66,5,0.5000,0.00,0.000000,0.000000,1,45.4,47.1,0.0,220.1,1
4698,234900,18.68,5,0.5000,0.00,0.000000,0.000000,1,45.4,47.1,0.0,220.1,1
4699,234950,18.64,5,0.5000,0.00,0.000000,0.000000,1,45.4,47.1,0.0,220.1,1
4700,235000,18.59,5,0.5000,0.00,0.000000,0.000000,1,45.4,47.1,0.0,220.1,1
4701,235050,18.59,5,0.5000,0.00,0.000000,0.000000,1,45.4,47.1,0.0,220.1,1
4702,235100,18.60,5,0.5000,0.00,0.000000,0.000000,1,45.4,47.1,0.0,220.1,1
4703,235150,18.64,5,0.5000,0.00,0.000000,0.000000,1,45.4,47.1,0.0,220.1,1
4704,235200,18.66,5,0.5000,0.00,0.000000,0.000000,1,45.4,47.1,0.0,220.1,1
4705,235250,18.66,5,0.5000,0.00,0.000000,0.000000,1,45.4,47.1,0.0,220.1,1
4706,235300,18.59,5,0.5000,0.00,0.000000,0.000000,1,45.4,47.1,0.0,220.1,1
4707,235350,18.66,5,0.5000,0.00,0.000000,0.000000,1,45.4,47.1,0.0,220.1,1
4708,235400,18.73,5,0.5000,0.00,0.000000,0.000000,1,45.4,47.1,0.0,220.1,1
4709,235450,18.57,5,0.5000,0.00,0.000000,0.000000,1,45.4,47.1,0.0,220.1,1
4710,235500,18.63,5,0.5000,0.00,0.000000,0.000000,1,45.4,47.1,0.0,220.1,1
4711,235550,18.72,5,0.5000,0.00,0.000000,0.000000,1,45.4,47.1,0.0,220.1,1
4712,235600,18.69,5,0.5000,0.00,0.000000,0.000000,1,45.4,47.1,0.0,220.1,1
4713,235650,18.72,5,0.5000,0.00,0.000000,0.000000,1,45.4,47.1,0.0,220.1,1
4714,235700,18.61,5,0.5000,0.00,0.000000,0.000000,1,45.4,47.1,0.0,220.1,1
4715,235750,18.45,5,0.5000,0.00,0.000000,0.000000,1,45.4,47.1,0.0,220.1,1
4716,235800,18.47,5,0.5000,0.00,0.000000,0.000000,1,45.4,47.1,0.0,220.1,1
4717,235850,18.36,5,0.5000,0.00,0.000000,0.000000,1,45.4,47.1,0.0,220.1,1
4718,235900,18.38,5,0.5000,0.00,0.000000,0.000000,1,45.4,47.1,0.0,220.1,1
4719,235950,18.43,5,0.5000,0.00,0.000000,0.000000,1,45.4,47.1,0.0,220.1,1
4720,236000,18.42,5,0.5000,0.00,0.000000,0.000000,1,45.4,47.1,0.0,220.1,1
4721,236050,18.38,5,0.5000,0.00,0.000000,0.000000,1,45.4,47.1,0.0,220.1,1
4722,236100,18.32,5,0.5000,0.00,0.000000,0.000000,1,45.4,47.1,0.0,220.1,1
4723,236150,18.33,5,0.5000,0.00,0.000000,0.000000,1,45.4,47.1,0.0,220.1,1
4724,236200,18.36,5,0.5000,0.00,0.000000,0.000000,1,45.4,47.1,0.0,220.1,1
4725,236250,18.34,5,0.5000,0.00,0.000000,0.000000,1,45.4,47.1,0.0,220.1,1
4726,236300,18.45,5,0.5000,0.00,0.000000,0.000000,1,45.4,47.1,0.0,220.1,1
4727,236350,18.43,5,0.5000,0.00,0.000000,0.000000,1,45.4,47.1,0.0,220.1,1
4728,236400,18.42,5,0.5000,0.00,0.000000,0.000000,1,45.4,47.1,0.0,220.1,1
4729,236450,18.42,5,0.5000,0.00,0.000000,0.000000,1,45.4,47.1,0.0,220.1,1
4730,236500,18.46,5,0.5000,0.00,0.000000,0.000000,1,45.4,47.1,0.0,220.1,1
4731,236550,18.47,5,0.5000,0.00,0.000000,0.000000,1,45.4,47.1,0.0,220.1,1
4732,236600,18.33,5,0.5000,0.00,0.000000,0.000000,1,45.4,47.1,0.0,220.1,1
4733,236650,18.23,5,0.5000,0.00,0.000000,0.000000,1,45.4,47.1,0.0,220.1,1
4734,236700,18.35,5,0.5000,0.00,0.000000,0.000000,1,45.4,47.1,0.0,220.1,1
4735,236750,18.25,5,0.5000,0.00,0.000000,0.000000,1,45.4,47.1,0.0,220.1,1
4736,236800,18.38,5,0.5000,0.00,0.000000,0.000000,1,45.4,47.1,0.0,220.1,1
4737,236850,18.44,5,0.5000,0.00,0.000000,0.000000,1,45.4,47.1,0.0,220.1,1
4738,236900,18.44,5,0.5000,0.00,0.000000,0.000000,1,45.4,47.1,0.0,220.1,1
4739,236950,18.44,5,0.5000,0.00,0.000000,0.000000,1,45.4,47.1,0.0,220.1,1
4740,237000,18.47,5,0.5000,0.00,0.000000,0.000000,1,45.4,47.1,0.0,220.1,1
4741,237050,18.31,5,0.5000,0.00,0.000000,0.000000,1,45.4,47.1,0.0,220.1,1
4742,237100,18.35,5,0.5000,0.00,0.000000,0.000000,1,45.4,47.1,0.0,220.1,1
4743,237150,18.28,5,0.5000,0.00,0.000000,0.000000,1,45.4,47.1,0.0,220.1,1
4744,237200,18.39,5,0.5000,0.00,0.000000,0.000000,1,45.4,47.1,0.0,220.1,1
4745,237250,18.26,5,0.5000,0.00,0.000000,0.000000,1,45.4,47.1,0.0,220.1,1
4746,237300,18.21,5,0.5000,0.00,0.000000,0.000000,1,45.4,47.1,0.0,220.1,1
4747,237350,18.29,5,0.5000,0.00,0.000000,0.000000,1,45.4,47.1,0.0,220.1,1
4748,237400,18.26,5,0.5000,0.00,0.000000,0.000000,1,45.4,47.1,0.0,220.1,1
4749,237450,18.32,5,0.5000,0.00,0.000000,0.000000,1,45.4,47.1,0.0,220.1,1
4750,237500,18.34,5,0.5000,0.00,0.000000,0.000000,1,45.4,47.1,0.0,220.1,1
4751,237550,18.27,5,0.5000,0.00,0.000000,0.000000,1,45.4,47.1,0.0,220.1,1
4752,237600,18.29,5,0.5000,0.00,0.000000,0.000000,1,45.4,47.1,0.0,220.1,1
4753,237650,18.19,5,0.5000,0.00,0.000000,0.000000,1,45.4,47.1,0.0,220.1,1
4754,237700,18.25,5,0.5000,0.00,0.000000,0.000000,1,45.4,47.1,0.0,220.1,1
4755,237750,18.29,5,0.5000,0.00,0.000000,0.000000,1,45.4,47.1,0.0,220.1,1
4756,237800,18.34,5,0.5000,0.00,0.000000,0.000000,1,45.4,47.1,0.0,220.1,1
4757,237850,18.34,5,0.5000,0.00,0.000000,0.000000,1,45.4,47.1,0.0,220.1,1
4758,237900,18.27,5,0.5000,0.00,0.000000,0.000000,1,45.4,47.1,0.0,220.1,1
4759,237950,18.22,5,0.5000,0.00,0.000000,0.000000,1,45.4,47.1,0.0,220.1,1
4760,238000,18.40,5,0.5000,0.00,0.000000,0.000000,1,45.4,47.1,0.0,220.1,1
4761,238050,18.36,5,0.5000,0.00,0.000000,0.000000,1,45.4,47.1,0.0,220.1,1
4762,238100,18.35,5,0.5000,0.00,0.000000,0.000000,1,45.4,47.1,0.0,220.1,1
4763,238150,18.40,5,0.5000,0.00,0.000000,0.000000,1,45.4,47.1,0.0,220.1,1
4764,238200,18.38,5,0.5000,0.00,0.000000,0.000000,1,45.4,47.1,0.0,220.1,1
4765,238250,18.40,5,0.5000,0.00,0.000000,0.000000,1,45.4,47.1,0.0,220.1,1
4766,238300,18.48,5,0.5000,0.00,0.000000,0.000000,1,45.4,47.1,0.0,220.1,1
4767,238350,18.39,5,0.5000,0.00,0.000000,0.000000,1,45.4,47.1,0.0,220.1,1
4768,238400,18.39,5,0.5000,0.00,0.000000,0.000000,1,45.4,47.1,0.0,220.1,1
4769,238450,18.41,5,0.5000,0.00,0.000000,0.000000,1,45.4,47.1,0.0,220.1,1
4770,238500,18.39,5,0.5000,0.00,0.000000,0.000000,1,45.4,47.1,0.0,220.1,1
4771,238550,18.34,5,0.5000,0.00,0.000000,0.000000,1,45.4,47.1,0.0,220.1,1
4772,238600,18.35,5,0.5000,0.00,0.000000,0.000000,1,45.4,47.1,0.0,220.1,1
4773,238650,18.37,5,0.5000,0.00,0.000000,0.000000,1,45.4,47.1,0.0,220.1,1
4774,238700,18.36,5,0.5000,0.00,0.000000,0.000000,1,45.4,47.1,0.0,220.1,1
4775,238750,18.47,5,0.5000,0.00,0.000000,0.000000,1,45.4,47.1,0.0,220.1,1
4776,238800,18.41,5,0.5000,0.00,0.000000,0.000000,1,45.4,47.1,0.0,220.1,1
4777,238850,18.51,5,0.5000,0.00,0.000000,0.000000,1,45.4,47.1,0.0,220.1,1
4778,238900,18.51,5,0.5000,0.00,0.000000,0.000000,1,45.4,47.1,0.0,220.1,1
4779,238950,18.49,5,0.5000,0.00,0.000000,0.000000,1,45.4,47.1,0.0,220.1,1
4780,239000,18.55,5,0.5000,0.00,0.000000,0.000000,1,45.4,47.1,0.0,220.1,1
4781,239050,18.60,5,0.5000,0.00,0.000000,0.000000,1,45.4,47.1,0.0,220.1,1
4782,239100,18.52,5,0.5000,0.00,0.000000,0.000000,1,45.4,47.1,0.0,220.1,1
4783,239150,18.48,5,0.5000,0.00,0.000000,0.000000,1,45.4,47.1,0.0,220.1,1
4784,239200,18.47,5,0.5000,0.00,0.000000,0.000000,1,45.4,47.1,0.0,220.1,1
4785,239250,18.39,5,0.5000,0.00,0.000000,0.000000,1,45.4,47.1,0.0,220.1,1
4786,239300,18.38,5,0.5000,0.00,0.000000,0.000000,1,45.4,47.1,0.0,220.1,1
4787,239350,18.39,5,0.5000,0.00,0.000000,0.000000,1,45.4,47.1,0.0,220.1,1
4788,239400,18.41,5,0.5000,0.00,0.000000,0.000000,1,45.4,47.1,0.0,220.1,1
4789,239450,18.45,5,0.5000,0.00,0.000000,0.000000,1,45.4,47.1,0.0,220.1,1
4790,239500,18.40,5,0.5000,0.00,0.000000,0.000000,1,45.4,47.1,0.0,220.1,1
4791,239550,18.44,5,0.5000,0.00,0.000000,0.000000,1,45.4,47.1,0.0,220.1,1
4792,239600,18.49,5,0.5000,0.00,0.000000,0.000000,1,45.4,47.1,0.0,220.1,1
4793,239650,18.47,5,0.5000,0.00,0.000000,0.000000,1,45.4,47.1,0.0,220.1,1
4794,239700,18.51,5,0.5000,0.00,0.000000,0.000000,1,45.4,47.1,0.0,220.1,1
4795,239750,18.59,5,0.5000,0.00,0.000000,0.000000,1,45.4,47.1,0.0,220.1,1
4796,239800,18.68,5,0.5000,0.00,0.000000,0.000000,1,45.4,47.1,0.0,220.1,1
4797,239850,18.67,5,0.5000,0.00,0.000000,0.000000,1,45.4,47.1,0.0,220.1,1
4798,239900,18.61,5,0.5000,0.00,0.000000,0.000000,1,45.4,47.1,0.0,220.1,1
4799,239950,18.55,5,0.5000,0.00,0.000000,0.000000,1,45.4,47.1,0.0,220.1,1
4800,240000,18.56,5,0.5000,0.00,0.000000,0.000000,1,45.4,47.1,0.0,220.1,1
4801,240050,18.44,5,0.5000,0.00,0.000000,0.000000,1,45.4,47.1,0.0,220.1,1
4802,240100,18.50,5,0.5000,0.00,0.000000,0.000000,1,45.4,47.1,0.0,220.1,1
4803,240150,18.43,5,0.5000,0.00,0.000000,0.000000,1,45.4,47.1,0.0,220.1,1
4804,240200,18.32,5,0.5000,0.00,0.000000,0.000000,1,45.4,47.1,0.0,220.1,1
4805,240250,18.31,5,0.5000,0.00,0.000000,0.000000,1,45.4,47.1,0.0,220.1,1
4806,240300,18.37,5,0.5000,0.00,0.000000,0.000000,1,45.4,47.1,0.0,220.1,1
4807,240350,18.45,5,0.5000,0.00,0.000000,0.000000,1,45.4,47.1,0.0,220.1,1
4808,240400,18.46,5,0.5000,0.00,0.000000,0.000000,1,45.4,47.1,0.0,220.1,1
4809,240450,18.54,5,0.5000,0.00,0.000000,0.000000,1,45.4,47.1,0.0,220.1,1
4810,240500,18.53,5,0.5000,0.00,0.000000,0.000000,1,45.4,47.1,0.0,220.1,1
4811,240550,18.47,5,0.5000,0.00,0.000000,0.000000,1,45.4,47.1,0.0,220.1,1
4812,240600,18.51,5,0.5000,0.00,0.000000,0.000000,1,45.4,47.1,0.0,220.1,1
4813,240650,18.49,5,0.5000,0.00,0.000000,0.000000,1,45.4,47.1,0.0,220.1,1
4814,240700,18.55,5,0.5000,0.00,0.000000,0.000000,1,45.4,47.1,0.0,220.1,1
4815,240750,18.46,5,0.5000,0.00,0.000000,0.000000,1,45.4,47.1,0.0,220.1,1
4816,240800,18.44,5,0.5000,0.00,0.000000,0.000000,1,45.4,47.1,0.0,220.1,1
4817,240850,18.33,5,0.5000,0.00,0.000000,0.000000,1,45.4,47.1,0.0,220.1,1
4818,240900,18.36,5,0.5000,0.00,0.000000,0.000000,1,45.4,47.1,0.0,220.1,1
4819,240950,18.25,5,0.5000,0.00,0.000000,0.000000,1,45.4,47.1,0.0,220.1,1
4820,241000,18.23,5,0.5000,0.00,0.000000,0.000000,1,45.4,47.1,0.0,220.1,1
4821,241050,18.29,5,0.5000,0.00,0.000000,0.000000,1,45.4,47.1,0.0,220.1,1
4822,241100,18.24,5,0.5000,0.00,0.000000,0.000000,1,45.4,47.1,0.0,220.1,1
4823,241150,18.27,5,0.5000,0.00,0.000000,0.000000,1,45.4,47.1,0.0,220.1,1
4824,241200,18.25,5,0.5000,0.00,0.000000,0.000000,1,45.4,47.1,0.0,220.1,1
4825,241250,18.38,5,0.5000,0.00,0.000000,0.000000,1,45.4,47.1,0.0,220.1,1
4826,241300,18.40,5,0.5000,0.00,0.000000,0.000000,1,45.4,47.1,0.0,220.1,1
4827,241350,18.40,5,0.5000,0.00,0.000000,0.000000,1,45.4,47.1,0.0,220.1,1
4828,241400,18.36,5,0.5000,0.00,0.000000,0.000000,1,45.4,47.1,0.0,220.1,1
4829,241450,18.28,5,0.5000,0.00,0.000000,0.000000,1,45.4,47.1,0.0,220.1,1
4830,241500,18.32,5,0.5000,0.00,0.000000,0.000000,1,45.4,47.1,0.0,220.1,1
4831,241550,18.32,5,0.5000,0.00,0.000000,0.000000,1,45.4,47.1,0.0,220.1,1
4832,241600,18.32,5,0.5000,0.00,0.000000,0.000000,1,45.4,47.1,0.0,220.1,1
4833,241650,18.31,5,0.5000,0.00,0.000000,0.000000,1,45.4,47.1,0.0,220.1,1
4834,241700,18.24,5,0.5000,0.00,0.000000,0.000000,1,45.4,47.1,0.0,220.1,1
4835,241750,18.30,5,0.5000,0.00,0.000000,0.000000,1,45.4,47.1,0.0,220.1,1
4836,241800,18.32,5,0.5000,0.00,0.000000,0.000000,1,45.4,47.1,0.0,220.1,1
4837,241850,18.35,5,0.5000,0.00,0.000000,0.000000,1,45.4,47.1,0.0,220.1,1
4838,241900,18.34,5,0.5000,0.00,0.000000,0.000000,1,45.4,47.1,0.0,220.1,1
4839,241950,18.37,5,0.5000,0.00,0.000000,0.000000,1,45.4,47.1,0.0,220.1,1
4840,242000,18.38,5,0.5000,0.00,0.000000,0.000000,1,45.4,47.1,0.0,220.1,1
4841,242050,18.61,5,0.5000,0.00,0.000000,0.000000,1,45.4,47.1,0.0,220.1,1
4842,242100,18.55,5,0.5000,0.00,0.000000,0.000000,1,45.4,47.1,0.0,220.1,1
4843,242150,18.61,5,0.5000,0.00,0.000000,0.000000,1,45.4,47.1,0.0,220.1,1
4844,242200,18.57,5,0.5000,0.00,0.000000,0.000000,1,45.4,47.1,0.0,220.1,1
4845,242250,18.52,5,0.5000,0.00,0.000000,0.000000,1,45.4,47.1,0.0,220.1,1
4846,242300,18.58,5,0.5000,0.00,0.000000,0.000000,1,45.4,47.1,0.0,220.1,1
4847,242350,18.44,5,0.5000,0.00,0.000000,0.000000,1,45.4,47.1,0.0,220.1,1
4848,242400,18.54,5,0.5000,0.00,0.000000,0.000000,1,45.4,47.1,0.0,220.1,1
4849,242450,18.53,5,0.5000,0.00,0.000000,0.000000,1,45.4,47.1,0.0,220.1,1
4850,242500,18.56,5,0.5000,0.00,0.000000,0.000000,1,45.4,47.1,0.0,220.1,1
4851,242550,18.67,5,0.5000,0.00,0.000000,0.000000,1,45.4,47.1,0.0,220.1,1
4852,242600,18.69,5,0.5000,0.00,0.000000,0.000000,1,45.4,47.1,0.0,220.1,1
4853,242650,18.62,5,0.5000,0.00,0.000000,0.000000,1,45.4,47.1,0.0,220.1,1
4854,242700,18.58,5,0.5000,0.00,0.000000,0.000000,1,45.4,47.1,0.0,220.1,1
4855,242750,18.52,5,0.5000,0.00,0.000000,0.000000,1,45.4,47.1,0.0,220.1,1
4856,242800,18.61,5,0.5000,0.00,0.000000,0.000000,1,45.4,47.1,0.0,220.1,1
4857,242850,18.60,5,0.5000,0.00,0.000000,0.000000,1,45.4,47.1,0.0,220.1,1
4858,242900,18.79,5,0.5000,0.00,0.000000,0.000000,1,45.4,47.1,0.0,220.1,1
4859,242950,18.66,5,0.5000,0.00,0.000000,0.000000,1,45.4,47.1,0.0,220.1,1
4860,243000,18.69,5,0.5000,0.00,0.000000,0.000000,1,45.4,47.1,0.0,220.1,1
4861,243050,18.63,5,0.5000,0.00,0.000000,0.000000,1,45.4,47.1,0.0,220.1,1
4862,243100,18.65,5,0.5000,0.00,0.000000,0.000000,1,45.4,47.1,0.0,220.1,1
4863,243150,18.68,5,0.5000,0.00,0.000000,0.000000,1,45.4,47.1,0.0,220.1,1
4864,243200,18.64,5,0.5000,0.00,0.000000,0.000000,1,45.4,47.1,0.0,220.1,1
4865,243250,18.62,5,0.5000,0.00,0.000000,0.000000,1,45.4,47.1,0.0,220.1,1
4866,243300,18.57,5,0.5000,0.00,0.000000,0.000000,1,45.4,47.1,0.0,220.1,1
4867,243350,18.62,5,0.5000,0.00,0.000000,0.000000,1,45.4,47.1,0.0,220.1,1
4868,243400,18.76,5,0.5000,0.00,0.000000,0.000000,1,45.4,47.1,0.0,220.1,1
4869,243450,18.70,5,0.5000,0.00,0.000000,0.000000,1,45.4,47.1,0.0,220.1,1
4870,243500,18.60,5,0.5000,0.00,0.000000,0.000000,1,45.4,47.1,0.0,220.1,1
4871,243550,18.63,5,0.5000,0.00,0.000000,0.000000,1,45.4,47.1,0.0,220.1,1
4872,243600,18.59,5,0.5000,0.00,0.000000,0.000000,1,45.4,47.1,0.0,220.1,1
4873,243650,18.61,5,0.5000,0.00,0.000000,0.000000,1,45.4,47.1,0.0,220.1,1
4874,243700,18.65,5,0.5000,0.00,0.000000,0.000000,1,45.4,47.1,0.0,220.1,1
4875,243750,18.62,5,0.5000,0.00,0.000000,0.000000,1,45.4,47.1,0.0,220.1,1
4876,243800,18.58,5,0.5000,0.00,0.000000,0.000000,1,45.4,47.1,0.0,220.1,1
4877,243850,18.65,5,0.5000,0.00,0.000000,0.000000,1,45.4,47.1,0.0,220.1,1
4878,243900,18.74,5,0.5000,0.00,0.000000,0.000000,1,45.4,47.1,0.0,220.1,1
4879,243950,18.72,5,0.5000,0.00,0.000000,0.000000,1,45.4,47.1,0.0,220.1,1
4880,244000,18.75,5,0.5000,0.00,0.000000,0.000000,1,45.4,47.1,0.0,220.1,1
4881,244050,18.62,5,0.5000,0.00,0.000000,0.000000,1,45.4,47.1,0.0,220.1,1
4882,244100,18.64,5,0.5000,0.00,0.000000,0.000000,1,45.4,47.1,0.0,220.1,1
4883,244150,18.64,5,0.5000,0.00,0.000000,0.000000,1,45.4,47.1,0.0,220.1,1
4884,244200,18.67,5,0.5000,0.00,0.000000,0.000000,1,45.4,47.1,0.0,220.1,1
4885,244250,18.76,5,0.5000,0.00,0.000000,0.000000,1,45.4,47.1,0.0,220.1,1
4886,244300,18.77,5,0.5000,0.00,0.000000,0.000000,1,45.4,47.1,0.0,220.1,1
4887,244350,18.67,5,0.5000,0.00,0.000000,0.000000,1,45.4,47.1,0.0,220.1,1
4888,244400,18.64,5,0.5000,0.00,0.000000,0.000000,1,45.4,47.1,0.0,220.1,1
4889,244450,18.55,5,0.5000,0.00,0.000000,0.000000,1,45.4,47.1,0.0,220.1,1
4890,244500,18.57,5,0.5000,0.00,0.000000,0.000000,1,45.4,47.1,0.0,220.1,1
4891,244550,18.57,5,0.5000,0.00,0.000000,0.000000,1,45.4,47.1,0.0,220.1,1
4892,244600,18.53,5,0.5000,0.00,0.000000,0.000000,1,45.4,47.1,0.0,220.1,1
4893,244650,18.53,5,0.5000,0.00,0.000000,0.000000,1,45.4,47.1,0.0,220.1,1
4894,244700,18.60,5,0.5000,0.00,0.000000,0.000000,1,45.4,47.1,0.0,220.1,1
4895,244750,18.50,5,0.5000,0.00,0.000000,0.000000,1,45.4,47.1,0.0,220.1,1
4896,244800,18.62,5,0.5000,0.00,0.000000,0.000000,1,45.4,47.1,0.0,220.1,1
4897,244850,18.41,5,0.5000,0.00,0.000000,0.000000,1,45.4,47.1,0.0,220.1,1
4898,244900,18.55,5,0.5000,0.00,0.000000,0.000000,1,45.4,47.1,0.0,220.1,1
4899,244950,18.49,5,0.5000,0.00,0.000000,0.000000,1,45.4,47.1,0.0,220.1,1
4900,245000,18.50,5,0.5000,0.00,0.000000,0.000000,1,45.4,47.1,0.0,220.1,1
4901,245050,18.43,5,0.5000,0.00,0.000000,0.000000,1,45.4,47.1,0.0,220.1,1
4902,245100,18.43,5,0.5000,0.00,0.000000,0.000000,1,45.4,47.1,0.0,220.1,1
4903,245150,18.47,5,0.5000,0.00,0.000000,0.000000,1,45.4,47.1,0.0,220.1,1
4904,245200,18.61,5,0.5000,0.00,0.000000,0.000000,1,45.4,47.1,0.0,220.1,1
4905,245250,18.53,5,0.5000,0.00,0.000000,0.000000,1,45.4,47.1,0.0,220.1,1
4906,245300,18.48,5,0.5000,0.00,0.000000,0.000000,1,45.4,47.1,0.0,220.1,1
4907,245350,18.43,5,0.5000,0.00,0.000000,0.000000,1,45.4,47.1,0.0,220.1,1
4908,245400,18.49,5,0.5000,0.00,0.000000,0.000000,1,45.4,47.1,0.0,220.1,1
4909,245450,18.54,5,0.5000,0.00,0.000000,0.000000,1,45.4,47.1,0.0,220.1,1
4910,245500,18.45,5,0.5000,0.00,0.000000,0.000000,1,45.4,47.1,0.0,220.1,1
4911,245550,18.57,5,0.5000,0.00,0.000000,0.000000,1,45.4,47.1,0.0,220.1,1
4912,245600,18.54,5,0.5000,0.00,0.000000,0.000000,1,45.4,47.1,0.0,220.1,1
4913,245650,18.47,5,0.5000,0.00,0.000000,0.000000,1,45.4,47.1,0.0,220.1,1
4914,245700,18.50,5,0.5000,0.00,0.000000,0.000000,1,45.4,47.1,0.0,220.1,1
4915,245750,18.53,5,0.5000,0.00,0.000000,0.000000,1,45.4,47.1,0.0,220.1,1
4916,245800,18.48,5,0.5000,0.00,0.000000,0.000000,1,45.4,47.1,0.0,220.1,1
4917,245850,18.45,5,0.5000,0.00,0.000000,0.000000,1,45.4,47.1,0.0,220.1,1
4918,245900,18.49,5,0.5000,0.00,0.000000,0.000000,1,45.4,47.1,0.0,220.1,1
4919,245950,18.44,5,0.5000,0.00,0.000000,0.000000,1,45.4,47.1,0.0,220.1,1
4920,246000,18.51,5,0.5000,0.00,0.000000,0.000000,1,45.4,47.1,0.0,220.1,1
4921,246050,18.48,5,0.5000,0.00,0.000000,0.000000,1,45.4,47.1,0.0,220.1,1
4922,246100,18.49,5,0.5000,0.00,0.000000,0.000000,1,45.4,47.1,0.0,220.1,1
4923,246150,18.50,5,0.5000,0.00,0.000000,0.000000,1,45.4,47.1,0.0,220.1,1
4924,246200,18.54,5,0.5000,0.00,0.000000,0.000000,1,45.4,47.1,0.0,220.1,1
4925,246250,18.50,5,0.5000,0.00,0.000000,0.000000,1,45.4,47.1,0.0,220.1,1
4926,246300,18.46,5,0.5000,0.00,0.000000,0.000000,1,45.4,47.1,0.0,220.1,1
4927,246350,18.48,5,0.5000,0.00,0.000000,0.000000,1,45.4,47.1,0.0,220.1,1
4928,246400,18.58,5,0.5000,0.00,0.000000,0.000000,1,45.4,47.1,0.0,220.1,1
4929,246450,18.54,5,0.5000,0.00,0.000000,0.000000,1,45.4,47.1,0.0,220.1,1
4930,246500,18.48,5,0.5000,0.00,0.000000,0.000000,1,45.4,47.1,0.0,220.1,1
4931,246550,18.59,5,0.5000,0.00,0.000000,0.000000,1,45.4,47.1,0.0,220.1,1
4932,246600,18.64,5,0.5000,0.00,0.000000,0.000000,1,45.4,47.1,0.0,220.1,1
4933,246650,18.65,5,0.5000,0.00,0.000000,0.000000,1,45.4,47.1,0.0,220.1,1
4934,246700,18.70,5,0.5000,0.00,0.000000,0.000000,1,45.4,47.1,0.0,220.1,1
4935,246750,18.68,5,0.5000,0.00,0.000000,0.000000,1,45.4,47.1,0.0,220.1,1
4936,246800,18.70,5,0.5000,0.00,0.000000,0.000000,1,45.4,47.1,0.0,220.1,1
4937,246850,18.70,5,0.5000,0.00,0.000000,0.000000,1,45.4,47.1,0.0,220.1,1
4938,246900,18.81,5,0.5000,0.00,0.000000,0.000000,1,45.4,47.1,0.0,220.1,1
4939,246950,18.74,5,0.5000,0.00,0.000000,0.000000,1,45.4,47.1,0.0,220.1,1
4940,247000,18.75,5,0.5000,0.00,0.000000,0.000000,1,45.4,47.1,0.0,220.1,1
4941,247050,18.67,5,0.5000,0.00,0.000000,0.000000,1,45.4,47.1,0.0,220.1,1
4942,247100,18.62,5,0.5000,0.00,0.000000,0.000000,1,45.4,47.1,0.0,220.1,1
4943,247150,18.51,5,0.5000,0.00,0.000000,0.000000,1,45.4,47.1,0.0,220.1,1
4944,247200,18.59,5,0.5000,0.00,0.000000,0.000000,1,45.4,47.1,0.0,220.1,1
4945,247250,18.50,5,0.5000,0.00,0.000000,0.000000,1,45.4,47.1,0.0,220.1,1
4946,247300,18.59,5,0.5000,0.00,0.000000,0.000000,1,45.4,47.1,0.0,220.1,1
4947,247350,18.54,5,0.5000,0.00,0.000000,0.000000,1,45.4,47.1,0.0,220.1,1
4948,247400,18.53,5,0.5000,0.00,0.000000,0.000000,1,45.4,47.1,0.0,220.1,1
4949,247450,18.69,5,0.5000,0.00,0.000000,0.000000,1,45.4,47.1,0.0,220.1,1
4950,247500,18.64,5,0.5000,0.00,0.000000,0.000000,1,45.4,47.1,0.0,220.1,1
4951,247550,18.63,5,0.5000,0.00,0.000000,0.000000,1,45.4,47.1,0.0,220.1,1
4952,247600,18.54,5,0.5000,0.00,0.000000,0.000000,1,45.4,47.1,0.0,220.1,1
4953,247650,18.55,5,0.5000,0.00,0.000000,0.000000,1,45.4,47.1,0.0,220.1,1
4954,247700,18.57,5,0.5000,0.00,0.000000,0.000000,1,45.4,47.1,0.0,220.1,1
4955,247750,18.49,5,0.5000,0.00,0.000000,0.000000,1,45.4,47.1,0.0,220.1,1
4956,247800,18.48,5,0.5000,0.00,0.000000,0.000000,1,45.4,47.1,0.0,220.1,1
4957,247850,18.43,5,0.5000,0.00,0.000000,0.000000,1,45.4,47.1,0.0,220.1,1
4958,247900,18.46,5,0.5000,0.00,0.000000,0.000000,1,45.4,47.1,0.0,220.1,1
4959,247950,18.49,5,0.5000,0.00,0.000000,0.000000,1,45.4,47.1,0.0,220.1,1
4960,248000,18.49,5,0.5000,0.00,0.000000,0.000000,1,45.4,47.1,0.0,220.1,1
4961,248050,18.55,5,0.5000,0.00,0.000000,0.000000,1,45.4,47.1,0.0,220.1,1
4962,248100,18.57,5,0.5000,0.00,0.000000,0.000000,1,45.4,47.1,0.0,220.1,1
4963,248150,18.45,5,0.5000,0.00,0.000000,0.000000,1,45.4,47.1,0.0,220.1,1
4964,248200,18.42,5,0.5000,0.00,0.000000,0.000000,1,45.4,47.1,0.0,220.1,1
4965,248250,18.47,5,0.5000,0.00,0.000000,0.000000,1,45.4,47.1,0.0,220.1,1
4966,248300,18.55,5,0.5000,0.00,0.000000,0.000000,1,45.4,47.1,0.0,220.1,1
4967,248350,18.61,5,0.5000,0.00,0.000000,0.000000,1,45.4,47.1,0.0,220.1,1
4968,248400,18.63,5,0.5000,0.00,0.000000,0.000000,1,45.4,47.1,0.0,220.1,1
4969,248450,18.63,5,0.5000,0.00,0.000000,0.000000,1,45.4,47.1,0.0,220.1,1
4970,248500,18.47,5,0.5000,0.00,0.000000,0.000000,1,45.4,47.1,0.0,220.1,1
4971,248550,18.54,5,0.5000,0.00,0.000000,0.000000,1,45.4,47.1,0.0,220.1,1
4972,248600,18.50,5,0.5000,0.00,0.000000,0.000000,1,45.4,47.1,0.0,220.1,1
4973,248650,18.53,5,0.5000,0.00,0.000000,0.000000,1,45.4,47.1,0.0,220.1,1
4974,248700,18.42,5,0.5000,0.00,0.000000,0.000000,1,45.4,47.1,0.0,220.1,1
4975,248750,18.37,5,0.5000,0.00,0.000000,0.000000,1,45.4,47.1,0.0,220.1,1
4976,248800,18.41,5,0.5000,0.00,0.000000,0.000000,1,45.4,47.1,0.0,220.1,1
4977,248850,18.31,5,0.5000,0.00,0.000000,0.000000,1,45.4,47.1,0.0,220.1,1
4978,248900,18.25,5,0.5000,0.00,0.000000,0.000000,1,45.4,47.1,0.0,220.1,1
4979,248950,18.35,5,0.5000,0.00,0.000000,0.000000,1,45.4,47.1,0.0,220.1,1
4980,249000,18.46,5,0.5000,0.00,0.000000,0.000000,1,45.4,47.1,0.0,220.1,1
4981,249050,18.51,5,0.5000,0.00,0.000000,0.000000,1,45.4,47.1,0.0,220.1,1
4982,249100,18.45,5,0.5000,0.00,0.000000,0.000000,1,45.4,47.1,0.0,220.1,1
4983,249150,18.46,5,0.5000,0.00,0.000000,0.000000,1,45.4,47.1,0.0,220.1,1
4984,249200,18.54,5,0.5000,0.00,0.000000,0.000000,1,45.4,47.1,0.0,220.1,1
4985,249250,18.48,5,0.5000,0.00,0.000000,0.000000,1,45.4,47.1,0.0,220.1,1
4986,249300,18.44,5,0.5000,0.00,0.000000,0.000000,1,45.4,47.1,0.0,220.1,1
4987,249350,18.37,5,0.5000,0.00,0.000000,0.000000,1,45.4,47.1,0.0,220.1,1
4988,249400,18.46,5,0.5000,0.00,0.000000,0.000000,1,45.4,47.1,0.0,220.1,1
4989,249450,18.47,5,0.5000,0.00,0.000000,0.000000,1,45.4,47.1,0.0,220.1,1
4990,249500,18.50,5,0.5000,0.00,0.000000,0.000000,1,45.4,47.1,0.0,220.1,1
4991,249550,18.42,5,0.5000,0.00,0.000000,0.000000,1,45.4,47.1,0.0,220.1,1
4992,249600,18.36,5,0.5000,0.00,0.000000,0.000000,1,45.4,47.1,0.0,220.1,1
4993,249650,18.50,5,0.5000,0.00,0.000000,0.000000,1,45.4,47.1,0.0,220.1,1
4994,249700,18.39,5,0.5000,0.00,0.000000,0.000000,1,45.4,47.1,0.0,220.1,1
4995,249750,18.36,5,0.5000,0.00,0.000000,0.000000,1,45.4,47.1,0.0,220.1,1
4996,249800,18.36,5,0.5000,0.00,0.000000,0.000000,1,45.4,47.1,0.0,220.1,1
4997,249850,18.28,5,0.5000,0.00,0.000000,0.000000,1,45.4,47.1,0.0,220.1,1
4998,249900,18.47,5,0.5000,0.00,0.000000,0.000000,1,45.4,47.1,0.0,220.1,1
4999,249950,18.51,5,0.5000,0.00,0.000000,0.000000,1,45.4,47.1,0.0,220.1,1
5000,250000,18.37,5,0.5000,0.00,0.000000,0.000000,1,45.4,47.1,0.0,220.1,1
5001,250050,18.37,5,0.5000,0.00,0.000000,0.000000,1,45.4,47.1,0.0,220.1,1
5002,250100,18.39,5,0.5000,0.00,0.000000,0.000000,1,45.4,47.1,0.0,220.1,1
5003,250150,18.33,5,0.5000,0.00,0.000000,0.000000,1,45.4,47.1,0.0,220.1,1
5004,250200,18.47,5,0.5000,0.00,0.000000,0.000000,1,45.4,47.1,0.0,220.1,1
5005,250250,18.43,5,0.5000,0.00,0.000000,0.000000,1,45.4,47.1,0.0,220.1,1
5006,250300,18.54,5,0.5000,0.00,0.000000,0.000000,1,45.4,47.1,0.0,220.1,1
5007,250350,18.47,5,0.5000,0.00,0.000000,0.000000,1,45.4,47.1,0.0,220.1,1
5008,250400,18.50,5,0.5000,0.00,0.000000,0.000000,1,45.4,47.1,0.0,220.1,1
5009,250450,18.40,5,0.5000,0.00,0.000000,0.000000,1,45.4,47.1,0.0,220.1,1
5010,250500,18.39,5,0.5000,0.00,0.000000,0.000000,1,45.4,47.1,0.0,220.1,1
5011,250550,18.36,5,0.5000,0.00,0.000000,0.000000,1,45.4,47.1,0.0,220.1,1
5012,250600,18.31,5,0.5000,0.00,0.000000,0.000000,1,45.4,47.1,0.0,220.1,1
5013,250650,18.38,5,0.5000,0.00,0.000000,0.000000,1,45.4,47.1,0.0,220.1,1
5014,250700,18.37,5,0.5000,0.00,0.000000,0.000000,1,45.4,47.1,0.0,220.1,1
5015,250750,18.41,5,0.5000,0.00,0.000000,0.000000,1,45.4,47.1,0.0,220.1,1
5016,250800,18.33,5,0.5000,0.00,0.000000,0.000000,1,45.4,47.1,0.0,220.1,1
5017,250850,18.39,5,0.5000,0.00,0.000000,0.000000,1,45.4,47.1,0.0,220.1,1
5018,250900,18.46,5,0.5000,0.00,0.000000,0.000000,1,45.4,47.1,0.0,220.1,1
5019,250950,18.35,5,0.5000,0.00,0.000000,0.000000,1,45.4,47.1,0.0,220.1,1
5020,251000,18.43,5,0.5000,0.00,0.000000,0.000000,1,45.4,47.1,0.0,220.1,1
5021,251050,18.46,5,0.5000,0.00,0.000000,0.000000,1,45.4,47.1,0.0,220.1,1
5022,251100,18.41,5,0.5000,0.00,0.000000,0.000000,1,45.4,47.1,0.0,220.1,1
5023,251150,18.34,5,0.5000,0.00,0.000000,0.000000,1,45.4,47.1,0.0,220.1,1
5024,251200,18.47,5,0.5000,0.00,0.000000,0.000000,1,45.4,47.1,0.0,220.1,1
5025,251250,18.53,5,0.5000,0.00,0.000000,0.000000,1,45.4,47.1,0.0,220.1,1
5026,251300,18.45,5,0.5000,0.00,0.000000,0.000000,1,45.4,47.1,0.0,220.1,1
5027,251350,18.38,5,0.5000,0.00,0.000000,0.000000,1,45.4,47.1,0.0,220.1,1
5028,251400,18.29,5,0.5000,0.00,0.000000,0.000000,1,45.4,47.1,0.0,220.1,1
5029,251450,18.37,5,0.5000,0.00,0.000000,0.000000,1,45.4,47.1,0.0,220.1,1
5030,251500,18.23,5,0.5000,0.00,0.000000,0.000000,1,45.4,47.1,0.0,220.1,1
5031,251550,18.26,5,0.5000,0.00,0.000000,0.000000,1,45.4,47.1,0.0,220.1,1
5032,251600,18.24,5,0.5000,0.00,0.000000,0.000000,1,45.4,47.1,0.0,220.1,1
5033,251650,18.12,5,0.5000,0.00,0.000000,0.000000,1,45.4,47.1,0.0,220.1,1
5034,251700,18.30,5,0.5000,0.00,0.000000,0.000000,1,45.4,47.1,0.0,220.1,1
5035,251750,18.27,5,0.5000,0.00,0.000000,0.000000,1,45.4,47.1,0.0,220.1,1
5036,251800,18.27,5,0.5000,0.00,0.000000,0.000000,1,45.4,47.1,0.0,220.1,1
5037,251850,18.26,5,0.5000,0.00,0.000000,0.000000,1,45.4,47.1,0.0,220.1,1
5038,251900,18.35,5,0.5000,0.00,0.000000,0.000000,1,45.4,47.1,0.0,220.1,1
5039,251950,18.35,5,0.5000,0.00,0.000000,0.000000,1,45.4,47.1,0.0,220.1,1
5040,252000,18.26,5,0.5000,0.00,0.000000,0.000000,1,45.4,47.1,0.0,220.1,1
5041,252050,18.25,5,0.5000,0.00,0.000000,0.000000,1,45.4,47.1,0.0,220.1,1
5042,252100,18.23,5,0.5000,0.00,0.000000,0.000000,1,45.4,47.1,0.0,220.1,1
5043,252150,18.33,5,0.5000,0.00,0.000000,0.000000,1,45.4,47.1,0.0,220.1,1
5044,252200,18.39,5,0.5000,0.00,0.000000,0.000000,1,45.4,47.1,0.0,220.1,1
5045,252250,18.40,5,0.5000,0.00,0.000000,0.000000,1,45.4,47.1,0.0,220.1,1
5046,252300,18.39,5,0.5000,0.00,0.000000,0.000000,1,45.4,47.1,0.0,220.1,1
5047,252350,18.26,5,0.5000,0.00,0.000000,0.000000,1,45.4,47.1,0.0,220.1,1
5048,252400,18.21,5,0.5000,0.00,0.000000,0.000000,1,45.4,47.1,0.0,220.1,1
5049,252450,18.35,5,0.5000,0.00,0.000000,0.000000,1,45.4,47.1,0.0,220.1,1
5050,252500,18.21,5,0.5000,0.00,0.000000,0.000000,1,45.4,47.1,0.0,220.1,1
5051,252550,18.23,5,0.5000,0.00,0.000000,0.000000,1,45.4,47.1,0.0,220.1,1
5052,252600,18.13,5,0.5000,0.00,0.000000,0.000000,1,45.4,47.1,0.0,220.1,1
5053,252650,18.06,5,0.5000,0.00,0.000000,0.000000,1,45.4,47.1,0.0,220.1,1
5054,252700,18.06,5,0.5000,0.00,0.000000,0.000000,1,45.4,47.1,0.0,220.1,1
5055,252750,18.17,5,0.5000,0.00,0.000000,0.000000,1,45.4,47.1,0.0,220.1,1
5056,252800,18.23,5,0.5000,0.00,0.000000,0.000000,1,45.4,47.1,0.0,220.1,1
5057,252850,18.18,5,0.5000,0.00,0.000000,0.000000,1,45.4,47.1,0.0,220.1,1
5058,252900,18.13,5,0.5000,0.00,0.000000,0.000000,1,45.4,47.1,0.0,220.1,1
5059,252950,18.08,5,0.5000,0.00,0.000000,0.000000,1,45.4,47.1,0.0,220.1,1
5060,253000,18.09,5,0.5000,0.00,0.000000,0.000000,1,45.4,47.1,0.0,220.1,1
5061,253050,18.21,5,0.5000,0.00,0.000000,0.000000,1,45.4,47.1,0.0,220.1,1
5062,253100,18.14,5,0.5000,0.00,0.000000,0.000000,1,45.4,47.1,0.0,220.1,1
5063,253150,18.25,5,0.5000,0.00,0.000000,0.000000,1,45.4,47.1,0.0,220.1,1
5064,253200,18.23,5,0.5000,0.00,0.000000,0.000000,1,45.4,47.1,0.0,220.1,1
5065,253250,18.31,5,0.5000,0.00,0.000000,0.000000,1,45.4,47.1,0.0,220.1,1
5066,253300,18.35,5,0.5000,0.00,0.000000,0.000000,1,45.4,47.1,0.0,220.1,1
5067,253350,18.21,5,0.5000,0.00,0.000000,0.000000,1,45.4,47.1,0.0,220.1,1
5068,253400,18.29,5,0.5000,0.00,0.000000,0.000000,1,45.4,47.1,0.0,220.1,1
5069,253450,18.34,5,0.5000,0.00,0.000000,0.000000,1,45.4,47.1,0.0,220.1,1
5070,253500,18.22,5,0.5000,0.00,0.000000,0.000000,1,45.4,47.1,0.0,220.1,1
5071,253550,18.23,5,0.5000,0.00,0.000000,0.000000,1,45.4,47.1,0.0,220.1,1
5072,253600,18.24,5,0.5000,0.00,0.000000,0.000000,1,45.4,47.1,0.0,220.1,1
5073,253650,18.28,5,0.5000,0.00,0.000000,0.000000,1,45.4,47.1,0.0,220.1,1
5074,253700,18.25,5,0.5000,0.00,0.000000,0.000000,1,45.4,47.1,0.0,220.1,1
5075,253750,18.20,5,0.5000,0.00,0.000000,0.000000,1,45.4,47.1,0.0,220.1,1
5076,253800,18.23,5,0.5000,0.00,0.000000,0.000000,1,45.4,47.1,0.0,220.1,1
5077,253850,18.22,5,0.5000,0.00,0.000000,0.000000,1,45.4,47.1,0.0,220.1,1
5078,253900,18.27,5,0.5000,0.00,0.000000,0.000000,1,45.4,47.1,0.0,220.1,1
5079,253950,18.17,5,0.5000,0.00,0.000000,0.000000,1,45.4,47.1,0.0,220.1,1
5080,254000,18.12,5,0.5000,0.00,0.000000,0.000000,1,45.4,47.1,0.0,220.1,1
5081,254050,18.34,5,0.5000,0.00,0.000000,0.000000,1,45.4,47.1,0.0,220.1,1
5082,254100,18.26,5,0.5000,0.00,0.000000,0.000000,1,45.4,47.1,0.0,220.1,1
5083,254150,18.28,5,0.5000,0.00,0.000000,0.000000,1,45.4,47.1,0.0,220.1,1
5084,254200,18.32,5,0.5000,0.00,0.000000,0.000000,1,45.4,47.1,0.0,220.1,1
5085,254250,18.38,5,0.5000,0.00,0.000000,0.000000,1,45.4,47.1,0.0,220.1,1
5086,254300,18.37,5,0.5000,0.00,0.000000,0.000000,1,45.4,47.1,0.0,220.1,1
5087,254350,18.36,5,0.5000,0.00,0.000000,0.000000,1,45.4,47.1,0.0,220.1,1
5088,254400,18.26,5,0.5000,0.00,0.000000,0.000000,1,45.4,47.1,0.0,220.1,1
5089,254450,18.28,5,0.5000,0.00,0.000000,0.000000,1,45.4,47.1,0.0,220.1,1
5090,254500,18.36,5,0.5000,0.00,0.000000,0.000000,1,45.4,47.1,0.0,220.1,1
5091,254550,18.32,5,0.5000,0.00,0.000000,0.000000,1,45.4,47.1,0.0,220.1,1
5092,254600,18.21,5,0.5000,0.00,0.000000,0.000000,1,45.4,47.1,0.0,220.1,1
5093,254650,18.35,5,0.5000,0.00,0.000000,0.000000,1,45.4,47.1,0.0,220.1,1
5094,254700,18.36,5,0.5000,0.00,0.000000,0.000000,1,45.4,47.1,0.0,220.1,1
5095,254750,18.31,5,0.5000,0.00,0.000000,0.000000,1,45.4,47.1,0.0,220.1,1
5096,254800,18.28,5,0.5000,0.00,0.000000,0.000000,1,45.4,47.1,0.0,220.1,1
5097,254850,18.23,5,0.5000,0.00,0.000000,0.000000,1,45.4,47.1,0.0,220.1,1
5098,254900,18.18,5,0.5000,0.00,0.000000,0.000000,1,45.4,47.1,0.0,220.1,1
5099,254950,18.18,5,0.5000,0.00,0.000000,0.000000,1,45.4,47.1,0.0,220.1,1
5100,255000,18.29,5,0.5000,0.00,0.000000,0.000000,1,45.4,47.1,0.0,220.1,1
5101,255050,18.40,5,0.5000,0.00,0.000000,0.000000,1,45.4,47.1,0.0,220.1,1
5102,255100,18.37,5,0.5000,0.00,0.000000,0.000000,1,45.4,47.1,0.0,220.1,1
5103,255150,18.29,5,0.5000,0.00,0.000000,0.000000,1,45.4,47.1,0.0,220.1,1
5104,255200,18.37,5,0.5000,0.00,0.000000,0.000000,1,45.4,47.1,0.0,220.1,1
5105,255250,18.36,5,0.5000,0.00,0.000000,0.000000,1,45.4,47.1,0.0,220.1,1
5106,255300,18.30,5,0.5000,0.00,0.000000,0.000000,1,45.4,47.1,0.0,220.1,1
5107,255350,18.24,5,0.5000,0.00,0.000000,0.000000,1,45.4,47.1,0.0,220.1,1
5108,255400,18.14,5,0.5000,0.00,0.000000,0.000000,1,45.4,47.1,0.0,220.1,1
5109,255450,18.24,5,0.5000,0.00,0.000000,0.000000,1,45.4,47.1,0.0,220.1,1
5110,255500,18.19,5,0.5000,0.00,0.000000,0.000000,1,45.4,47.1,0.0,220.1,1
5111,255550,18.26,5,0.5000,0.00,0.000000,0.000000,1,45.4,47.1,0.0,220.1,1
5112,255600,18.20,5,0.5000,0.00,0.000000,0.000000,1,45.4,47.1,0.0,220.1,1
5113,255650,18.26,5,0.5000,0.00,0.000000,0.000000,1,45.4,47.1,0.0,220.1,1
5114,255700,18.31,5,0.5000,0.00,0.000000,0.000000,1,45.4,47.1,0.0,220.1,1
5115,255750,18.27,5,0.5000,0.00,0.000000,0.000000,1,45.4,47.1,0.0,220.1,1
5116,255800,18.41,5,0.5000,0.00,0.000000,0.000000,1,45.4,47.1,0.0,220.1,1
5117,255850,18.43,5,0.5000,0.00,0.000000,0.000000,1,45.4,47.1,0.0,220.1,1
5118,255900,18.34,5,0.5000,0.00,0.000000,0.000000,1,45.4,47.1,0.0,220.1,1
5119,255950,18.30,5,0.5000,0.00,0.000000,0.000000,1,45.4,47.1,0.0,220.1,1
5120,256000,18.30,5,0.5000,0.00,0.000000,0.000000,1,45.4,47.1,0.0,220.1,1
5121,256050,18.34,5,0.5000,0.00,0.000000,0.000000,1,45.4,47.1,0.0,220.1,1
5122,256100,18.30,5,0.5000,0.00,0.000000,0.000000,1,45.4,47.1,0.0,220.1,1
5123,256150,18.27,5,0.5000,0.00,0.000000,0.000000,1,45.4,47.1,0.0,220.1,1
5124,256200,18.33,5,0.5000,0.00,0.000000,0.000000,1,45.4,47.1,0.0,220.1,1
5125,256250,18.38,5,0.5000,0.00,0.000000,0.000000,1,45.4,47.1,0.0,220.1,1
5126,256300,18.36,5,0.5000,0.00,0.000000,0.000000,1,45.4,47.1,0.0,220.1,1
5127,256350,18.41,5,0.5000,0.00,0.000000,0.000000,1,45.4,47.1,0.0,220.1,1
5128,256400,18.37,5,0.5000,0.00,0.000000,0.000000,1,45.4,47.1,0.0,220.1,1
5129,256450,18.19,5,0.5000,0.00,0.000000,0.000000,1,45.4,47.1,0.0,220.1,1
5130,256500,18.14,5,0.5000,0.00,0.000000,0.000000,1,45.4,47.1,0.0,220.1,1
5131,256550,18.20,5,0.5000,0.00,0.000000,0.000000,1,45.4,47.1,0.0,220.1,1
5132,256600,18.23,5,0.5000,0.00,0.000000,0.000000,1,45.4,47.1,0.0,220.1,1
5133,256650,18.28,5,0.5000,0.00,0.000000,0.000000,1,45.4,47.1,0.0,220.1,1
5134,256700,18.34,5,0.5000,0.00,0.000000,0.000000,1,45.4,47.1,0.0,220.1,1
5135,256750,18.30,5,0.5000,0.00,0.000000,0.000000,1,45.4,47.1,0.0,220.1,1
5136,256800,18.26,5,0.5000,0.00,0.000000,0.000000,1,45.4,47.1,0.0,220.1,1
5137,256850,18.26,5,0.5000,0.00,0.000000,0.000000,1,45.4,47.1,0.0,220.1,1
5138,256900,18.29,5,0.5000,0.00,0.000000,0.000000,1,45.4,47.1,0.0,220.1,1
5139,256950,18.31,5,0.5000,0.00,0.000000,0.000000,1,45.4,47.1,0.0,220.1,1
5140,257000,18.36,5,0.5000,0.00,0.000000,0.000000,1,45.4,47.1,0.0,220.1,1
5141,257050,18.42,5,0.5000,0.00,0.000000,0.000000,1,45.4,47.1,0.0,220.1,1
5142,257100,18.29,5,0.5000,0.00,0.000000,0.000000,1,45.4,47.1,0.0,220.1,1
5143,257150,18.46,5,0.5000,0.00,0.000000,0.000000,1,45.4,47.1,0.0,220.1,1
5144,257200,18.41,5,0.5000,0.00,0.000000,0.000000,1,45.4,47.1,0.0,220.1,1
5145,257250,18.46,5,0.5000,0.00,0.000000,0.000000,1,45.4,47.1,0.0,220.1,1
5146,257300,18.46,5,0.5000,0.00,0.000000,0.000000,1,45.4,47.1,0.0,220.1,1
5147,257350,18.38,5,0.5000,0.00,0.000000,0.000000,1,45.4,47.1,0.0,220.1,1
5148,257400,18.49,5,0.5000,0.00,0.000000,0.000000,1,45.4,47.1,0.0,220.1,1
5149,257450,18.44,5,0.5000,0.00,0.000000,0.000000,1,45.4,47.1,0.0,220.1,1
5150,257500,18.42,5,0.5000,0.00,0.000000,0.000000,1,45.4,47.1,0.0,220.1,1
5151,257550,18.44,5,0.5000,0.00,0.000000,0.000000,1,45.4,47.1,0.0,220.1,1
5152,257600,18.40,5,0.5000,0.00,0.000000,0.000000,1,45.4,47.1,0.0,220.1,1
5153,257650,18.43,5,0.5000,0.00,0.000000,0.000000,1,45.4,47.1,0.0,220.1,1
5154,257700,18.40,5,0.5000,0.00,0.000000,0.000000,1,45.4,47.1,0.0,220.1,1
5155,257750,18.47,5,0.5000,0.00,0.000000,0.000000,1,45.4,47.1,0.0,220.1,1
5156,257800,18.45,5,0.5000,0.00,0.000000,0.000000,1,45.4,47.1,0.0,220.1,1
5157,257850,18.50,5,0.5000,0.00,0.000000,0.000000,1,45.4,47.1,0.0,220.1,1
5158,257900,18.52,5,0.5000,0.00,0.000000,0.000000,1,45.4,47.1,0.0,220.1,1
5159,257950,18.38,5,0.5000,0.00,0.000000,0.000000,1,45.4,47.1,0.0,220.1,1
5160,258000,18.41,5,0.5000,0.00,0.000000,0.000000,1,45.4,47.1,0.0,220.1,1
5161,258050,18.35,5,0.5000,0.00,0.000000,0.000000,1,45.4,47.1,0.0,220.1,1
5162,258100,18.40,5,0.5000,0.00,0.000000,0.000000,1,45.4,47.1,0.0,220.1,1
5163,258150,18.41,5,0.5000,0.00,0.000000,0.000000,1,45.4,47.1,0.0,220.1,1
5164,258200,18.36,5,0.5000,0.00,0.000000,0.000000,1,45.4,47.1,0.0,220.1,1
5165,258250,18.38,5,0.5000,0.00,0.000000,0.000000,1,45.4,47.1,0.0,220.1,1
5166,258300,18.42,5,0.5000,0.00,0.000000,0.000000,1,45.4,47.1,0.0,220.1,1
5167,258350,18.34,5,0.5000,0.00,0.000000,0.000000,1,45.4,47.1,0.0,220.1,1
5168,258400,18.30,5,0.5000,0.00,0.000000,0.000000,1,45.4,47.1,0.0,220.1,1
5169,258450,18.36,5,0.5000,0.00,0.000000,0.000000,1,45.4,47.1,0.0,220.1,1
5170,258500,18.39,5,0.5000,0.00,0.000000,0.000000,1,45.4,47.1,0.0,220.1,1
5171,258550,18.33,5,0.5000,0.00,0.000000,0.000000,1,45.4,47.1,0.0,220.1,1
5172,258600,18.22,5,0.5000,0.00,0.000000,0.000000,1,45.4,47.1,0.0,220.1,1
5173,258650,18.25,5,0.5000,0.00,0.000000,0.000000,1,45.4,47.1,0.0,220.1,1
5174,258700,18.34,5,0.5000,0.00,0.000000,0.000000,1,45.4,47.1,0.0,220.1,1
5175,258750,18.35,5,0.5000,0.00,0.000000,0.000000,1,45.4,47.1,0.0,220.1,1
5176,258800,18.21,5,0.5000,0.00,0.000000,0.000000,1,45.4,47.1,0.0,220.1,1
5177,258850,18.22,5,0.5000,0.00,0.000000,0.000000,1,45.4,47.1,0.0,220.1,1
5178,258900,18.19,5,0.5000,0.00,0.000000,0.000000,1,45.4,47.1,0.0,220.1,1
5179,258950,18.32,5,0.5000,0.00,0.000000,0.000000,1,45.4,47.1,0.0,220.1,1
5180,259000,18.36,5,0.5000,0.00,0.000000,0.000000,1,45.4,47.1,0.0,220.1,1
5181,259050,18.41,5,0.5000,0.00,0.000000,0.000000,1,45.4,47.1,0.0,220.1,1
5182,259100,18.32,5,0.5000,0.00,0.000000,0.000000,1,45.4,47.1,0.0,220.1,1
5183,259150,18.32,5,0.5000,0.00,0.000000,0.000000,1,45.4,47.1,0.0,220.1,1
5184,259200,18.27,5,0.5000,0.00,0.000000,0.000000,1,45.4,47.1,0.0,220.1,1
5185,259250,18.34,5,0.5000,0.00,0.000000,0.000000,1,45.4,47.1,0.0,220.1,1
5186,259300,18.36,5,0.5000,0.00,0.000000,0.000000,1,45.4,47.1,0.0,220.1,1
5187,259350,18.47,5,0.5000,0.00,0.000000,0.000000,1,45.4,47.1,0.0,220.1,1
5188,259400,18.45,5,0.5000,0.00,0.000000,0.000000,1,45.4,47.1,0.0,220.1,1
5189,259450,18.37,5,0.5000,0.00,0.000000,0.000000,1,45.4,47.1,0.0,220.1,1
5190,259500,18.34,5,0.5000,0.00,0.000000,0.000000,1,45.4,47.1,0.0,220.1,1
5191,259550,18.37,5,0.5000,0.00,0.000000,0.000000,1,45.4,47.1,0.0,220.1,1
5192,259600,18.35,5,0.5000,0.00,0.000000,0.000000,1,45.4,47.1,0.0,220.1,1
5193,259650,18.37,5,0.5000,0.00,0.000000,0.000000,1,45.4,47.1,0.0,220.1,1
5194,259700,18.39,5,0.5000,0.00,0.000000,0.000000,1,45.4,47.1,0.0,220.1,1
5195,259750,18.33,5,0.5000,0.00,0.000000,0.000000,1,45.4,47.1,0.0,220.1,1
5196,259800,18.36,5,0.5000,0.00,0.000000,0.000000,1,45.4,47.1,0.0,220.1,1
5197,259850,18.33,5,0.5000,0.00,0.000000,0.000000,1,45.4,47.1,0.0,220.1,1
5198,259900,18.43,5,0.5000,0.00,0.000000,0.000000,1,45.4,47.1,0.0,220.1,1
5199,259950,18.31,5,0.5000,0.00,0.000000,0.000000,1,45.4,47.1,0.0,220.1,1
5200,260000,18.34,5,0.5000,0.00,0.000000,0.000000,1,45.4,47.1,0.0,220.1,1
5201,260050,18.34,5,0.5000,0.00,0.000000,0.000000,1,45.4,47.1,0.0,220.1,1
5202,260100,18.32,5,0.5000,0.00,0.000000,0.000000,1,45.4,47.1,0.0,220.1,1
5203,260150,18.32,5,0.5000,0.00,0.000000,0.000000,1,45.4,47.1,0.0,220.1,1
5204,260200,18.35,5,0.5000,0.00,0.000000,0.000000,1,45.4,47.1,0.0,220.1,1
5205,260250,18.35,5,0.5000,0.00,0.000000,0.000000,1,45.4,47.1,0.0,220.1,1
5206,260300,18.27,5,0.5000,0.00,0.000000,0.000000,1,45.4,47.1,0.0,220.1,1
5207,260350,18.19,5,0.5000,0.00,0.000000,0.000000,1,45.4,47.1,0.0,220.1,1
5208,260400,18.26,5,0.5000,0.00,0.000000,0.000000,1,45.4,47.1,0.0,220.1,1
5209,260450,18.32,5,0.5000,0.00,0.000000,0.000000,1,45.4,47.1,0.0,220.1,1
5210,260500,18.23,5,0.5000,0.00,0.000000,0.000000,1,45.4,47.1,0.0,220.1,1
5211,260550,18.27,5,0.5000,0.00,0.000000,0.000000,1,45.4,47.1,0.0,220.1,1
5212,260600,18.25,5,0.5000,0.00,0.000000,0.000000,1,45.4,47.1,0.0,220.1,1
5213,260650,18.38,5,0.5000,0.00,0.000000,0.000000,1,45.4,47.1,0.0,220.1,1
5214,260700,18.39,5,0.5000,0.00,0.000000,0.000000,1,45.4,47.1,0.0,220.1,1
5215,260750,18.40,5,0.5000,0.00,0.000000,0.000000,1,45.4,47.1,0.0,220.1,1
5216,260800,18.36,5,0.5000,0.00,0.000000,0.000000,1,45.4,47.1,0.0,220.1,1
5217,260850,18.29,5,0.5000,0.00,0.000000,0.000000,1,45.4,47.1,0.0,220.1,1
5218,260900,18.20,5,0.5000,0.00,0.000000,0.000000,1,45.4,47.1,0.0,220.1,1
5219,260950,18.25,5,0.5000,0.00,0.000000,0.000000,1,45.4,47.1,0.0,220.1,1
5220,261000,18.22,5,0.5000,0.00,0.000000,0.000000,1,45.4,47.1,0.0,220.1,1
5221,261050,18.27,5,0.5000,0.00,0.000000,0.000000,1,45.4,47.1,0.0,220.1,1
5222,261100,18.26,5,0.5000,0.00,0.000000,0.000000,1,45.4,47.1,0.0,220.1,1
5223,261150,18.23,5,0.5000,0.00,0.000000,0.000000,1,45.4,47.1,0.0,220.1,1
5224,261200,18.20,5,0.5000,0.00,0.000000,0.000000,1,45.4,47.1,0.0,220.1,1
5225,261250,18.15,5,0.5000,0.00,0.000000,0.000000,1,45.4,47.1,0.0,220.1,1
5226,261300,18.11,5,0.5000,0.00,0.000000,0.000000,1,45.4,47.1,0.0,220.1,1
5227,261350,18.13,5,0.5000,0.00,0.000000,0.000000,1,45.4,47.1,0.0,220.1,1
5228,261400,18.19,5,0.5000,0.00,0.000000,0.000000,1,45.4,47.1,0.0,220.1,1
5229,261450,18.22,5,0.5000,0.00,0.000000,0.000000,1,45.4,47.1,0.0,220.1,1
5230,261500,18.13,5,0.5000,0.00,0.000000,0.000000,1,45.4,47.1,0.0,220.1,1
5231,261550,18.15,5,0.5000,0.00,0.000000,0.000000,1,45.4,47.1,0.0,220.1,1
5232,261600,18.20,5,0.5000,0.00,0.000000,0.000000,1,45.4,47.1,0.0,220.1,1
5233,261650,18.23,5,0.5000,0.00,0.000000,0.000000,1,45.4,47.1,0.0,220.1,1
5234,261700,18.29,5,0.5000,0.00,0.000000,0.000000,1,45.4,47.1,0.0,220.1,1
5235,261750,18.21,5,0.5000,0.00,0.000000,0.000000,1,45.4,47.1,0.0,220.1,1
5236,261800,18.14,5,0.5000,0.00,0.000000,0.000000,1,45.4,47.1,0.0,220.1,1
5237,261850,18.14,5,0.5000,0.00,0.000000,0.000000,1,45.4,47.1,0.0,220.1,1
5238,261900,18.13,5,0.5000,0.00,0.000000,0.000000,1,45.4,47.1,0.0,220.1,1
5239,261950,18.07,5,0.5000,0.00,0.000000,0.000000,1,45.4,47.1,0.0,220.1,1
5240,262000,18.14,5,0.5000,0.00,0.000000,0.000000,1,45.4,47.1,0.0,220.1,1
5241,262050,18.14,5,0.5000,0.00,0.000000,0.000000,1,45.4,47.1,0.0,220.1,1
5242,262100,18.10,5,0.5000,0.00,0.000000,0.000000,1,45.4,47.1,0.0,220.1,1
5243,262150,18.05,5,0.5000,0.00,0.000000,0.000000,1,45.4,47.1,0.0,220.1,1
5244,262200,17.98,5,0.5000,0.00,0.000000,0.000000,1,45.4,47.1,0.0,220.1,1
5245,262250,17.94,5,0.5000,0.00,0.000000,0.000000,1,45.4,47.1,0.0,220.1,1
5246,262300,18.03,5,0.5000,0.00,0.000000,0.000000,1,45.4,47.1,0.0,220.1,1
5247,262350,18.08,5,0.5000,0.00,0.000000,0.000000,1,45.4,47.1,0.0,220.1,1
5248,262400,18.01,5,0.5000,0.00,0.000000,0.000000,1,45.4,47.1,0.0,220.1,1
5249,262450,18.09,5,0.5000,0.00,0.000000,0.000000,1,45.4,47.1,0.0,220.1,1
5250,262500,18.07,5,0.5000,0.00,0.000000,0.000000,1,45.4,47.1,0.0,220.1,1
5251,262550,18.07,5,0.5000,0.00,0.000000,0.000000,1,45.4,47.1,0.0,220.1,1
5252,262600,17.96,5,0.5000,0.00,0.000000,0.000000,1,45.4,47.1,0.0,220.1,1
5253,262650,18.02,5,0.5000,0.00,0.000000,0.000000,1,45.4,47.1,0.0,220.1,1
5254,262700,18.05,5,0.5000,0.00,0.000000,0.000000,1,45.4,47.1,0.0,220.1,1
5255,262750,18.00,5,0.5000,0.00,0.000000,0.000000,1,45.4,47.1,0.0,220.1,1
5256,262800,18.00,5,0.5000,0.00,0.000000,0.000000,1,45.4,47.1,0.0,220.1,1
5257,262850,18.02,5,0.5000,0.00,0.000000,0.000000,1,45.4,47.1,0.0,220.1,1
5258,262900,17.97,5,0.5000,0.00,0.000000,0.000000,1,45.4,47.1,0.0,220.1,1
5259,262950,17.99,5,0.5000,0.00,0.000000,0.000000,1,45.4,47.1,0.0,220.1,1
5260,263000,18.03,5,0.5000,0.00,0.000000,0.000000,1,45.4,47.1,0.0,220.1,1
5261,263050,18.02,5,0.5000,0.00,0.000000,0.000000,1,45.4,47.1,0.0,220.1,1
5262,263100,18.00,5,0.5000,0.00,0.000000,0.000000,1,45.4,47.1,0.0,220.1,1
5263,263150,18.02,5,0.5000,0.00,0.000000,0.000000,1,45.4,47.1,0.0,220.1,1
5264,263200,18.04,5,0.5000,0.00,0.000000,0.000000,1,45.4,47.1,0.0,220.1,1
5265,263250,17.97,5,0.5000,0.00,0.000000,0.000000,1,45.4,47.1,0.0,220.1,1
5266,263300,17.98,5,0.5000,0.00,0.000000,0.000000,1,45.4,47.1,0.0,220.1,1
5267,263350,17.90,5,0.5000,0.00,0.000000,0.000000,1,45.4,47.1,0.0,220.1,1
5268,263400,17.91,5,0.5000,0.00,0.000000,0.000000,1,45.4,47.1,0.0,220.1,1
5269,263450,17.87,5,0.5000,0.00,0.000000,0.000000,1,45.4,47.1,0.0,220.1,1
5270,263500,17.97,5,0.5000,0.00,0.000000,0.000000,1,45.4,47.1,0.0,220.1,1
5271,263550,17.97,5,0.5000,0.00,0.000000,0.000000,1,45.4,47.1,0.0,220.1,1
5272,263600,17.93,5,0.5000,0.00,0.000000,0.000000,1,45.4,47.1,0.0,220.1,1
5273,263650,17.94,5,0.5000,0.00,0.000000,0.000000,1,45.4,47.1,0.0,220.1,1
5274,263700,17.92,5,0.5000,0.00,0.000000,0.000000,1,45.4,47.1,0.0,220.1,1
5275,263750,17.92,5,0.5000,0.00,0.000000,0.000000,1,45.4,47.1,0.0,220.1,1
5276,263800,17.92,5,0.5000,0.00,0.000000,0.000000,1,45.4,47.1,0.0,220.1,1
5277,263850,17.87,5,0.5000,0.00,0.000000,0.000000,1,45.4,47.1,0.0,220.1,1
5278,263900,17.85,5,0.5000,0.00,0.000000,0.000000,1,45.4,47.1,0.0,220.1,1
5279,263950,17.92,5,0.5000,0.00,0.000000,0.000000,1,45.4,47.1,0.0,220.1,1
5280,264000,17.96,5,0.5000,0.00,0.000000,0.000000,1,45.4,47.1,0.0,220.1,1
5281,264050,17.88,5,0.5000,0.00,0.000000,0.000000,1,45.4,47.1,0.0,220.1,1
5282,264100,17.83,5,0.5000,0.00,0.000000,0.000000,1,45.4,47.1,0.0,220.1,1
5283,264150,17.71,5,0.5000,0.00,0.000000,0.000000,1,45.4,47.1,0.0,220.1,1
5284,264200,17.71,5,0.5000,0.00,0.000000,0.000000,1,45.4,47.1,0.0,220.1,1
5285,264250,17.78,5,0.5000,0.00,0.000000,0.000000,1,45.4,47.1,0.0,220.1,1
5286,264300,17.91,5,0.5000,0.00,0.000000,0.000000,1,45.4,47.1,0.0,220.1,1
5287,264350,17.74,5,0.5000,0.00,0.000000,0.000000,1,45.4,47.1,0.0,220.1,1
5288,264400,17.73,5,0.5000,0.00,0.000000,0.000000,1,45.4,47.1,0.0,220.1,1
5289,264450,17.77,5,0.5000,0.00,0.000000,0.000000,1,45.4,47.1,0.0,220.1,1
5290,264500,17.77,5,0.5000,0.00,0.000000,0.000000,1,45.4,47.1,0.0,220.1,1
5291,264550,17.80,5,0.5000,0.00,0.000000,0.000000,1,45.4,47.1,0.0,220.1,1
5292,264600,17.72,5,0.5000,0.00,0.000000,0.000000,1,45.4,47.1,0.0,220.1,1
5293,264650,17.80,5,0.5000,0.00,0.000000,0.000000,1,45.4,47.1,0.0,220.1,1
5294,264700,17.84,5,0.5000,0.00,0.000000,0.000000,1,45.4,47.1,0.0,220.1,1
5295,264750,17.80,5,0.5000,0.00,0.000000,0.000000,1,45.4,47.1,0.0,220.1,1
5296,264800,17.81,5,0.5000,0.00,0.000000,0.000000,1,45.4,47.1,0.0,220.1,1
5297,264850,17.78,5,0.5000,0.00,0.000000,0.000000,1,45.4,47.1,0.0,220.1,1
5298,264900,17.81,5,0.5000,0.00,0.000000,0.000000,1,45.4,47.1,0.0,220.1,1
5299,264950,17.91,5,0.5000,0.00,0.000000,0.000000,1,45.4,47.1,0.0,220.1,1
5300,265000,17.89,5,0.5000,0.00,0.000000,0.000000,1,45.4,47.1,0.0,220.1,1
5301,265050,17.81,5,0.5000,0.00,0.000000,0.000000,1,45.4,47.1,0.0,220.1,1
5302,265100,17.83,5,0.5000,0.00,0.000000,0.000000,1,45.4,47.1,0.0,220.1,1
5303,265150,17.83,5,0.5000,0.00,0.000000,0.000000,1,45.4,47.1,0.0,220.1,1
5304,265200,17.84,5,0.5000,0.00,0.000000,0.000000,1,45.4,47.1,0.0,220.1,1
5305,265250,17.81,5,0.5000,0.00,0.000000,0.000000,1,45.4,47.1,0.0,220.1,1
5306,265300,17.81,5,0.5000,0.00,0.000000,0.000000,1,45.4,47.1,0.0,220.1,1
5307,265350,17.84,5,0.5000,0.00,0.000000,0.000000,1,45.4,47.1,0.0,220.1,1
5308,265400,17.87,5,0.5000,0.00,0.000000,0.000000,1,45.4,47.1,0.0,220.1,1
5309,265450,17.82,5,0.5000,0.00,0.000000,0.000000,1,45.4,47.1,0.0,220.1,1
5310,265500,17.79,5,0.5000,0.00,0.000000,0.000000,1,45.4,47.1,0.0,220.1,1
5311,265550,17.78,5,0.5000,0.00,0.000000,0.000000,1,45.4,47.1,0.0,220.1,1
5312,265600,17.74,5,0.5000,0.00,0.000000,0.000000,1,45.4,47.1,0.0,220.1,1
5313,265650,17.76,5,0.5000,0.00,0.000000,0.000000,1,45.4,47.1,0.0,220.1,1
5314,265700,17.69,5,0.5000,0.00,0.000000,0.000000,1,45.4,47.1,0.0,220.1,1
5315,265750,17.74,5,0.5000,0.00,0.000000,0.000000,1,45.4,47.1,0.0,220.1,1
5316,265800,17.85,5,0.5000,0.00,0.000000,0.000000,1,45.4,47.1,0.0,220.1,1
5317,265850,17.89,5,0.5000,0.00,0.000000,0.000000,1,45.4,47.1,0.0,220.1,1
5318,265900,17.93,5,0.5000,0.00,0.000000,0.000000,1,45.4,47.1,0.0,220.1,1
5319,265950,17.88,5,0.5000,0.00,0.000000,0.000000,1,45.4,47.1,0.0,220.1,1
5320,266000,17.88,5,0.5000,0.00,0.000000,0.000000,1,45.4,47.1,0.0,220.1,1
5321,266050,17.89,5,0.5000,0.00,0.000000,0.000000,1,45.4,47.1,0.0,220.1,1
5322,266100,17.75,5,0.5000,0.00,0.000000,0.000000,1,45.4,47.1,0.0,220.1,1
5323,266150,17.76,5,0.5000,0.00,0.000000,0.000000,1,45.4,47.1,0.0,220.1,1
5324,266200,17.68,5,0.5000,0.00,0.000000,0.000000,1,45.4,47.1,0.0,220.1,1
5325,266250,17.72,5,0.5000,0.00,0.000000,0.000000,1,45.4,47.1,0.0,220.1,1
5326,266300,17.74,5,0.5000,0.00,0.000000,0.000000,1,45.4,47.1,0.0,220.1,1
5327,266350,17.82,5,0.5000,0.00,0.000000,0.000000,1,45.4,47.1,0.0,220.1,1
5328,266400,17.84,5,0.5000,0.00,0.000000,0.000000,1,45.4,47.1,0.0,220.1,1
5329,266450,17.84,5,0.5000,0.00,0.000000,0.000000,1,45.4,47.1,0.0,220.1,1
5330,266500,17.77,5,0.5000,0.00,0.000000,0.000000,1,45.4,47.1,0.0,220.1,1
5331,266550,17.83,5,0.5000,0.00,0.000000,0.000000,1,45.4,47.1,0.0,220.1,1
5332,266600,17.83,5,0.5000,0.00,0.000000,0.000000,1,45.4,47.1,0.0,220.1,1
5333,266650,17.85,5,0.5000,0.00,0.000000,0.000000,1,45.4,47.1,0.0,220.1,1
5334,266700,17.74,5,0.5000,0.00,0.000000,0.000000,1,45.4,47.1,0.0,220.1,1
5335,266750,17.79,5,0.5000,0.00,0.000000,0.000000,1,45.4,47.1,0.0,220.1,1
5336,266800,17.82,5,0.5000,0.00,0.000000,0.000000,1,45.4,47.1,0.0,220.1,1
5337,266850,17.81,5,0.5000,0.00,0.000000,0.000000,1,45.4,47.1,0.0,220.1,1
5338,266900,17.90,5,0.5000,0.00,0.000000,0.000000,1,45.4,47.1,0.0,220.1,1
5339,266950,17.76,5,0.5000,0.00,0.000000,0.000000,1,45.4,47.1,0.0,220.1,1
5340,267000,17.75,5,0.5000,0.00,0.000000,0.000000,1,45.4,47.1,0.0,220.1,1
5341,267050,17.73,5,0.5000,0.00,0.000000,0.000000,1,45.4,47.1,0.0,220.1,1
5342,267100,17.69,5,0.5000,0.00,0.000000,0.000000,1,45.4,47.1,0.0,220.1,1
5343,267150,17.75,5,0.5000,0.00,0.000000,0.000000,1,45.4,47.1,0.0,220.1,1
5344,267200,17.73,5,0.5000,0.00,0.000000,0.000000,1,45.4,47.1,0.0,220.1,1
5345,267250,17.74,5,0.5000,0.00,0.000000,0.000000,1,45.4,47.1,0.0,220.1,1
5346,267300,17.76,5,0.5000,0.00,0.000000,0.000000,1,45.4,47.1,0.0,220.1,1
5347,267350,17.76,5,0.5000,0.00,0.000000,0.000000,1,45.4,47.1,0.0,220.1,1
5348,267400,17.65,5,0.5000,0.00,0.000000,0.000000,1,45.4,47.1,0.0,220.1,1
5349,267450,17.63,5,0.5000,0.00,0.000000,0.000000,1,45.4,47.1,0.0,220.1,1
5350,267500,17.69,5,0.5000,0.00,0.000000,0.000000,1,45.4,47.1,0.0,220.1,1
5351,267550,17.79,5,0.5000,0.00,0.000000,0.000000,1,45.4,47.1,0.0,220.1,1
5352,267600,17.77,5,0.5000,0.00,0.000000,0.000000,1,45.4,47.1,0.0,220.1,1
5353,267650,17.69,5,0.5000,0.00,0.000000,0.000000,1,45.4,47.1,0.0,220.1,1
5354,267700,17.80,5,0.5000,0.00,0.000000,0.000000,1,45.4,47.1,0.0,220.1,1
5355,267750,17.80,5,0.5000,0.00,0.000000,0.000000,1,45.4,47.1,0.0,220.1,1
5356,267800,17.86,5,0.5000,0.00,0.000000,0.000000,1,45.4,47.1,0.0,220.1,1
5357,267850,17.74,5,0.5000,0.00,0.000000,0.000000,1,45.4,47.1,0.0,220.1,1
5358,267900,17.71,5,0.5000,0.00,0.000000,0.000000,1,45.4,47.1,0.0,220.1,1
5359,267950,17.69,5,0.5000,0.00,0.000000,0.000000,1,45.4,47.1,0.0,220.1,1
5360,268000,17.69,5,0.5000,0.00,0.000000,0.000000,1,45.4,47.1,0.0,220.1,1
5361,268050,17.70,5,0.5000,0.00,0.000000,0.000000,1,45.4,47.1,0.0,220.1,1
5362,268100,17.70,5,0.5000,0.00,0.000000,0.000000,1,45.4,47.1,0.0,220.1,1
5363,268150,17.61,5,0.5000,0.00,0.000000,0.000000,1,45.4,47.1,0.0,220.1,1
5364,268200,17.74,5,0.5000,0.00,0.000000,0.000000,1,45.4,47.1,0.0,220.1,1
5365,268250,17.68,5,0.5000,0.00,0.000000,0.000000,1,45.4,47.1,0.0,220.1,1
5366,268300,17.73,5,0.5000,0.00,0.000000,0.000000,1,45.4,47.1,0.0,220.1,1
5367,268350,17.79,5,0.5000,0.00,0.000000,0.000000,1,45.4,47.1,0.0,220.1,1
5368,268400,17.70,5,0.5000,0.00,0.000000,0.000000,1,45.4,47.1,0.0,220.1,1
5369,268450,17.72,5,0.5000,0.00,0.000000,0.000000,1,45.4,47.1,0.0,220.1,1
5370,268500,17.69,5,0.5000,0.00,0.000000,0.000000,1,45.4,47.1,0.0,220.1,1
5371,268550,17.70,5,0.5000,0.00,0.000000,0.000000,1,45.4,47.1,0.0,220.1,1
5372,268600,17.69,5,0.5000,0.00,0.000000,0.000000,1,45.4,47.1,0.0,220.1,1
5373,268650,17.71,5,0.5000,0.00,0.000000,0.000000,1,45.4,47.1,0.0,220.1,1
5374,268700,17.63,5,0.5000,0.00,0.000000,0.000000,1,45.4,47.1,0.0,220.1,1
5375,268750,17.74,5,0.5000,0.00,0.000000,0.000000,1,45.4,47.1,0.0,220.1,1
5376,268800,17.69,5,0.5000,0.00,0.000000,0.000000,1,45.4,47.1,0.0,220.1,1
5377,268850,17.80,5,0.5000,0.00,0.000000,0.000000,1,45.4,47.1,0.0,220.1,1
5378,268900,17.80,5,0.5000,0.00,0.000000,0.000000,1,45.4,47.1,0.0,220.1,1
5379,268950,17.80,5,0.5000,0.00,0.000000,0.000000,1,45.4,47.1,0.0,220.1,1
5380,269000,17.80,5,0.5000,0.00,0.000000,0.000000,1,45.4,47.1,0.0,220.1,1
5381,269050,17.82,5,0.5000,0.00,0.000000,0.000000,1,45.4,47.1,0.0,220.1,1
5382,269100,17.82,5,0.5000,0.00,0.000000,0.000000,1,45.4,47.1,0.0,220.1,1
5383,269150,17.79,5,0.5000,0.00,0.000000,0.000000,1,45.4,47.1,0.0,220.1,1
5384,269200,17.75,5,0.5000,0.00,0.000000,0.000000,1,45.4,47.1,0.0,220.1,1
5385,269250,17.83,5,0.5000,0.00,0.000000,0.000000,1,45.4,47.1,0.0,220.1,1
5386,269300,17.78,5,0.5000,0.00,0.000000,0.000000,1,45.4,47.1,0.0,220.1,1
5387,269350,17.78,5,0.5000,0.00,0.000000,0.000000,1,45.4,47.1,0.0,220.1,1
5388,269400,17.68,5,0.5000,0.00,0.000000,0.000000,1,45.4,47.1,0.0,220.1,1
5389,269450,17.58,5,0.5000,0.00,0.000000,0.000000,1,45.4,47.1,0.0,220.1,1
5390,269500,17.63,5,0.5000,0.00,0.000000,0.000000,1,45.4,47.1,0.0,220.1,1
5391,269550,17.74,5,0.5000,0.00,0.000000,0.000000,1,45.4,47.1,0.0,220.1,1
5392,269600,17.73,5,0.5000,0.00,0.000000,0.000000,1,45.4,47.1,0.0,220.1,1
5393,269650,17.74,5,0.5000,0.00,0.000000,0.000000,1,45.4,47.1,0.0,220.1,1
5394,269700,17.82,5,0.5000,0.00,0.000000,0.000000,1,45.4,47.1,0.0,220.1,1
5395,269750,17.68,5,0.5000,0.00,0.000000,0.000000,1,45.4,47.1,0.0,220.1,1
5396,269800,17.82,5,0.5000,0.00,0.000000,0.000000,1,45.4,47.1,0.0,220.1,1
5397,269850,17.83,5,0.5000,0.00,0.000000,0.000000,1,45.4,47.1,0.0,220.1,1
5398,269900,17.76,5,0.5000,0.00,0.000000,0.000000,1,45.4,47.1,0.0,220.1,1
5399,269950,17.72,5,0.5000,0.00,0.000000,0.000000,1,45.4,47.1,0.0,220.1,1
5400,270000,17.75,5,0.5000,0.00,0.000000,0.000000,1,45.4,47.1,0.0,220.1,1
5401,270050,17.74,5,0.5000,0.00,0.000000,0.000000,1,45.4,47.1,0.0,220.1,1
5402,270100,17.78,5,0.5000,0.00,0.000000,0.000000,1,45.4,47.1,0.0,220.1,1
5403,270150,17.74,5,0.5000,0.00,0.000000,0.000000,1,45.4,47.1,0.0,220.1,1
5404,270200,17.77,5,0.5000,0.00,0.000000,0.000000,1,45.4,47.1,0.0,220.1,1
5405,270250,17.67,5,0.5000,0.00,0.000000,0.000000,1,45.4,47.1,0.0,220.1,1
5406,270300,17.66,5,0.5000,0.00,0.000000,0.000000,1,45.4,47.1,0.0,220.1,1
5407,270350,17.73,5,0.5000,0.00,0.000000,0.000000,1,45.4,47.1,0.0,220.1,1
5408,270400,17.76,5,0.5000,0.00,0.000000,0.000000,1,45.4,47.1,0.0,220.1,1
5409,270450,17.79,5,0.5000,0.00,0.000000,0.000000,1,45.4,47.1,0.0,220.1,1
5410,270500,17.75,5,0.5000,0.00,0.000000,0.000000,1,45.4,47.1,0.0,220.1,1
5411,270550,17.74,5,0.5000,0.00,0.000000,0.000000,1,45.4,47.1,0.0,220.1,1
5412,270600,17.59,5,0.5000,0.00,0.000000,0.000000,1,45.4,47.1,0.0,220.1,1
5413,270650,17.60,5,0.5000,0.00,0.000000,0.000000,1,45.4,47.1,0.0,220.1,1
5414,270700,17.51,5,0.5000,0.00,0.000000,0.000000,1,45.4,47.1,0.0,220.1,1
5415,270750,17.50,5,0.5000,0.00,0.000000,0.000000,1,45.4,47.1,0.0,220.1,1
5416,270800,17.61,5,0.5000,0.00,0.000000,0.000000,1,45.4,47.1,0.0,220.1,1
5417,270850,17.52,5,0.5000,0.00,0.000000,0.000000,1,45.4,47.1,0.0,220.1,1
5418,270900,17.54,5,0.5000,0.00,0.000000,0.000000,1,45.4,47.1,0.0,220.1,1
5419,270950,17.69,5,0.5000,0.00,0.000000,0.000000,1,45.4,47.1,0.0,220.1,1
5420,271000,17.57,5,0.5000,0.00,0.000000,0.000000,1,45.4,47.1,0.0,220.1,1
5421,271050,17.61,5,0.5000,0.00,0.000000,0.000000,1,45.4,47.1,0.0,220.1,1
5422,271100,17.64,5,0.5000,0.00,0.000000,0.000000,1,45.4,47.1,0.0,220.1,1
5423,271150,17.70,5,0.5000,0.00,0.000000,0.000000,1,45.4,47.1,0.0,220.1,1
5424,271200,17.80,5,0.5000,0.00,0.000000,0.000000,1,45.4,47.1,0.0,220.1,1
5425,271250,17.81,5,0.5000,0.00,0.000000,0.000000,1,45.4,47.1,0.0,220.1,1
5426,271300,17.82,5,0.5000,0.00,0.000000,0.000000,1,45.4,47.1,0.0,220.1,1
5427,271350,17.86,5,0.5000,0.00,0.000000,0.000000,1,45.4,47.1,0.0,220.1,1
5428,271400,17.82,5,0.5000,0.00,0.000000,0.000000,1,45.4,47.1,0.0,220.1,1
5429,271450,17.74,5,0.5000,0.00,0.000000,0.000000,1,45.4,47.1,0.0,220.1,1
5430,271500,17.73,5,0.5000,0.00,0.000000,0.000000,1,45.4,47.1,0.0,220.1,1
5431,271550,17.81,5,0.5000,0.00,0.000000,0.000000,1,45.4,47.1,0.0,220.1,1
5432,271600,17.72,5,0.5000,0.00,0.000000,0.000000,1,45.4,47.1,0.0,220.1,1
5433,271650,17.74,5,0.5000,0.00,0.000000,0.000000,1,45.4,47.1,0.0,220.1,1
5434,271700,17.76,5,0.5000,0.00,0.000000,0.000000,1,45.4,47.1,0.0,220.1,1
5435,271750,17.70,5,0.5000,0.00,0.000000,0.000000,1,45.4,47.1,0.0,220.1,1
5436,271800,17.68,5,0.5000,0.00,0.000000,0.000000,1,45.4,47.1,0.0,220.1,1
5437,271850,17.67,5,0.5000,0.00,0.000000,0.000000,1,45.4,47.1,0.0,220.1,1
5438,271900,17.67,5,0.5000,0.00,0.000000,0.000000,1,45.4,47.1,0.0,220.1,1
5439,271950,17.66,5,0.5000,0.00,0.000000,0.000000,1,45.4,47.1,0.0,220.1,1
5440,272000,17.78,5,0.5000,0.00,0.000000,0.000000,1,45.4,47.1,0.0,220.1,1
5441,272050,17.76,5,0.5000,0.00,0.000000,0.000000,1,45.4,47.1,0.0,220.1,1
5442,272100,17.71,5,0.5000,0.00,0.000000,0.000000,1,45.4,47.1,0.0,220.1,1
5443,272150,17.81,5,0.5000,0.00,0.000000,0.000000,1,45.4,47.1,0.0,220.1,1
5444,272200,17.75,5,0.5000,0.00,0.000000,0.000000,1,45.4,47.1,0.0,220.1,1
5445,272250,17.82,5,0.5000,0.00,0.000000,0.000000,1,45.4,47.1,0.0,220.1,1
5446,272300,17.84,5,0.5000,0.00,0.000000,0.000000,1,45.4,47.1,0.0,220.1,1
5447,272350,17.82,5,0.5000,0.00,0.000000,0.000000,1,45.4,47.1,0.0,220.1,1
5448,272400,17.87,5,0.5000,0.00,0.000000,0.000000,1,45.4,47.1,0.0,220.1,1
5449,272450,17.98,5,0.5000,0.00,0.000000,0.000000,1,45.4,47.1,0.0,220.1,1
5450,272500,17.83,5,0.5000,0.00,0.000000,0.000000,1,45.4,47.1,0.0,220.1,1
5451,272550,17.80,5,0.5000,0.00,0.000000,0.000000,1,45.4,47.1,0.0,220.1,1
5452,272600,17.78,5,0.5000,0.00,0.000000,0.000000,1,45.4,47.1,0.0,220.1,1
5453,272650,17.89,5,0.5000,0.00,0.000000,0.000000,1,45.4,47.1,0.0,220.1,1
5454,272700,17.84,5,0.5000,0.00,0.000000,0.000000,1,45.4,47.1,0.0,220.1,1
5455,272750,17.81,5,0.5000,0.00,0.000000,0.000000,1,45.4,47.1,0.0,220.1,1
5456,272800,17.83,5,0.5000,0.00,0.000000,0.000000,1,45.4,47.1,0.0,220.1,1
5457,272850,17.87,5,0.5000,0.00,0.000000,0.000000,1,45.4,47.1,0.0,220.1,1
5458,272900,17.81,5,0.5000,0.00,0.000000,0.000000,1,45.4,47.1,0.0,220.1,1
5459,272950,17.75,5,0.5000,0.00,0.000000,0.000000,1,45.4,47.1,0.0,220.1,1
5460,273000,17.74,5,0.5000,0.00,0.000000,0.000000,1,45.4,47.1,0.0,220.1,1
5461,273050,17.73,5,0.5000,0.00,0.000000,0.000000,1,45.4,47.1,0.0,220.1,1
5462,273100,17.73,5,0.5000,0.00,0.000000,0.000000,1,45.4,47.1,0.0,220.1,1
5463,273150,17.68,5,0.5000,0.00,0.000000,0.000000,1,45.4,47.1,0.0,220.1,1
5464,273200,17.72,5,0.5000,0.00,0.000000,0.000000,1,45.4,47.1,0.0,220.1,1
5465,273250,17.77,5,0.5000,0.00,0.000000,0.000000,1,45.4,47.1,0.0,220.1,1
5466,273300,17.86,5,0.5000,0.00,0.000000,0.000000,1,45.4,47.1,0.0,220.1,1
5467,273350,17.93,5,0.5000,0.00,0.000000,0.000000,1,45.4,47.1,0.0,220.1,1
5468,273400,17.94,5,0.5000,0.00,0.000000,0.000000,1,45.4,47.1,0.0,220.1,1
5469,273450,17.94,5,0.5000,0.00,0.000000,0.000000,1,45.4,47.1,0.0,220.1,1
5470,273500,17.87,5,0.5000,0.00,0.000000,0.000000,1,45.4,47.1,0.0,220.1,1
5471,273550,17.82,5,0.5000,0.00,0.000000,0.000000,1,45.4,47.1,0.0,220.1,1
5472,273600,17.85,5,0.5000,0.00,0.000000,0.000000,1,45.4,47.1,0.0,220.1,1
5473,273650,17.82,5,0.5000,0.00,0.000000,0.000000,1,45.4,47.1,0.0,220.1,1
5474,273700,17.92,5,0.5000,0.00,0.000000,0.000000,1,45.4,47.1,0.0,220.1,1
5475,273750,17.97,5,0.5000,0.00,0.000000,0.000000,1,45.4,47.1,0.0,220.1,1
5476,273800,17.92,5,0.5000,0.00,0.000000,0.000000,1,45.4,47.1,0.0,220.1,1
5477,273850,17.86,5,0.5000,0.00,0.000000,0.000000,1,45.4,47.1,0.0,220.1,1
5478,273900,17.79,5,0.5000,0.00,0.000000,0.000000,1,45.4,47.1,0.0,220.1,1
5479,273950,17.82,5,0.5000,0.00,0.000000,0.000000,1,45.4,47.1,0.0,220.1,1
5480,274000,17.82,5,0.5000,0.00,0.000000,0.000000,1,45.4,47.1,0.0,220.1,1
5481,274050,17.86,5,0.5000,0.00,0.000000,0.000000,1,45.4,47.1,0.0,220.1,1
5482,274100,17.73,5,0.5000,0.00,0.000000,0.000000,1,45.4,47.1,0.0,220.1,1
5483,274150,17.79,5,0.5000,0.00,0.000000,0.000000,1,45.4,47.1,0.0,220.1,1
5484,274200,17.86,5,0.5000,0.00,0.000000,0.000000,1,45.4,47.1,0.0,220.1,1
5485,274250,17.82,5,0.5000,0.00,0.000000,0.000000,1,45.4,47.1,0.0,220.1,1
5486,274300,17.86,5,0.5000,0.00,0.000000,0.000000,1,45.4,47.1,0.0,220.1,1
5487,274350,17.78,5,0.5000,0.00,0.000000,0.000000,1,45.4,47.1,0.0,220.1,1
5488,274400,17.91,5,0.5000,0.00,0.000000,0.000000,1,45.4,47.1,0.0,220.1,1
5489,274450,18.00,5,0.5000,0.00,0.000000,0.000000,1,45.4,47.1,0.0,220.1,1
5490,274500,18.01,5,0.5000,0.00,0.000000,0.000000,1,45.4,47.1,0.0,220.1,1
5491,274550,17.79,5,0.5000,0.00,0.000000,0.000000,1,45.4,47.1,0.0,220.1,1
5492,274600,17.85,5,0.5000,0.00,0.000000,0.000000,1,45.4,47.1,0.0,220.1,1
5493,274650,17.90,5,0.5000,0.00,0.000000,0.000000,1,45.4,47.1,0.0,220.1,1
5494,274700,18.00,5,0.5000,0.00,0.000000,0.000000,1,45.4,47.1,0.0,220.1,1
5495,274750,18.00,5,0.5000,0.00,0.000000,0.000000,1,45.4,47.1,0.0,220.1,1
5496,274800,18.03,5,0.5000,0.00,0.000000,0.000000,1,45.4,47.1,0.0,220.1,1
5497,274850,17.91,5,0.5000,0.00,0.000000,0.000000,1,45.4,47.1,0.0,220.1,1
5498,274900,17.97,5,0.5000,0.00,0.000000,0.000000,1,45.4,47.1,0.0,220.1,1
5499,274950,17.90,5,0.5000,0.00,0.000000,0.000000,1,45.4,47.1,0.0,220.1,1
5500,275000,17.86,5,0.5000,0.00,0.000000,0.000000,1,45.4,47.1,0.0,220.1,1
5501,275050,17.88,5,0.5000,0.00,0.000000,0.000000,1,45.4,47.1,0.0,220.1,1
5502,275100,17.82,5,0.5000,0.00,0.000000,0.000000,1,45.4,47.1,0.0,220.1,1
5503,275150,17.75,5,0.5000,0.00,0.000000,0.000000,1,45.4,47.1,0.0,220.1,1
5504,275200,17.82,5,0.5000,0.00,0.000000,0.000000,1,45.4,47.1,0.0,220.1,1
5505,275250,17.82,5,0.5000,0.00,0.000000,0.000000,1,45.4,47.1,0.0,220.1,1
5506,275300,17.85,5,0.5000,0.00,0.000000,0.000000,1,45.4,47.1,0.0,220.1,1
5507,275350,17.80,5,0.5000,0.00,0.000000,0.000000,1,45.4,47.1,0.0,220.1,1
5508,275400,17.89,5,0.5000,0.00,0.000000,0.000000,1,45.4,47.1,0.0,220.1,1
5509,275450,17.90,5,0.5000,0.00,0.000000,0.000000,1,45.4,47.1,0.0,220.1,1
5510,275500,17.91,5,0.5000,0.00,0.000000,0.000000,1,45.4,47.1,0.0,220.1,1
5511,275550,17.97,5,0.5000,0.00,0.000000,0.000000,1,45.4,47.1,0.0,220.1,1
5512,275600,17.92,5,0.5000,0.00,0.000000,0.000000,1,45.4,47.1,0.0,220.1,1
5513,275650,17.91,5,0.5000,0.00,0.000000,0.000000,1,45.4,47.1,0.0,220.1,1
5514,275700,17.86,5,0.5000,0.00,0.000000,0.000000,1,45.4,47.1,0.0,220.1,1
5515,275750,17.78,5,0.5000,0.00,0.000000,0.000000,1,45.4,47.1,0.0,220.1,1
5516,275800,17.77,5,0.5000,0.00,0.000000,0.000000,1,45.4,47.1,0.0,220.1,1
5517,275850,17.91,5,0.5000,0.00,0.000000,0.000000,1,45.4,47.1,0.0,220.1,1
5518,275900,17.84,5,0.5000,0.00,0.000000,0.000000,1,45.4,47.1,0.0,220.1,1
5519,275950,17.81,5,0.5000,0.00,0.000000,0.000000,1,45.4,47.1,0.0,220.1,1
5520,276000,17.85,5,0.5000,0.00,0.000000,0.000000,1,45.4,47.1,0.0,220.1,1
5521,276050,17.91,5,0.5000,0.00,0.000000,0.000000,1,45.4,47.1,0.0,220.1,1
5522,276100,17.91,5,0.5000,0.00,0.000000,0.000000,1,45.4,47.1,0.0,220.1,1
5523,276150,17.87,5,0.5000,0.00,0.000000,0.000000,1,45.4,47.1,0.0,220.1,1
5524,276200,17.82,5,0.5000,0.00,0.000000,0.000000,1,45.4,47.1,0.0,220.1,1
5525,276250,17.67,5,0.5000,0.00,0.000000,0.000000,1,45.4,47.1,0.0,220.1,1
5526,276300,17.69,5,0.5000,0.00,0.000000,0.000000,1,45.4,47.1,0.0,220.1,1
5527,276350,17.72,5,0.5000,0.00,0.000000,0.000000,1,45.4,47.1,0.0,220.1,1
5528,276400,17.73,5,0.5000,0.00,0.000000,0.000000,1,45.4,47.1,0.0,220.1,1
5529,276450,17.65,5,0.5000,0.00,0.000000,0.000000,1,45.4,47.1,0.0,220.1,1
5530,276500,17.67,5,0.5000,0.00,0.000000,0.000000,1,45.4,47.1,0.0,220.1,1
5531,276550,17.75,5,0.5000,0.00,0.000000,0.000000,1,45.4,47.1,0.0,220.1,1
5532,276600,17.71,5,0.5000,0.00,0.000000,0.000000,1,45.4,47.1,0.0,220.1,1
5533,276650,17.78,5,0.5000,0.00,0.000000,0.000000,1,45.4,47.1,0.0,220.1,1
5534,276700,17.71,5,0.5000,0.00,0.000000,0.000000,1,45.4,47.1,0.0,220.1,1
5535,276750,17.69,5,0.5000,0.00,0.000000,0.000000,1,45.4,47.1,0.0,220.1,1
5536,276800,17.72,5,0.5000,0.00,0.000000,0.000000,1,45.4,47.1,0.0,220.1,1
